store_id,store_name,open_date,store_size_sqft,population_density,location_zip,risk_tier,region,state,format_type
ST-02049,Dollar Tree #2049,2007-07-08,7982,5622.2,31711,Low,Southeast,NC,Standard
ST-02050,Dollar Tree #2050,2000-04-22,8527,5335.3,88606,Medium,Southwest,IL,Standard
ST-02051,Dollar Tree #2051,2003-02-14,11836,5440.8,29711,High,Southwest,KS,Plus
ST-02052,Dollar Tree #2052,2024-07-01,10434,9227.7,36886,High,Southwest,TN,Plus
ST-02053,Dollar Tree #2053,2010-06-01,10088,6189.2,60842,Medium,West,IL,Standard
ST-02054,Dollar Tree #2054,2004-12-03,10923,10075.9,99558,Medium,Southeast,MS,Plus
ST-02055,Dollar Tree #2055,2006-04-11,8893,4980.2,42606,High,Midwest,NV,Standard
ST-02056,Dollar Tree #2056,2012-10-16,13869,486.5,83834,Low,Mid-Atlantic,OR,Standard
ST-02057,Dollar Tree #2057,2014-12-26,6179,4788.7,55243,Medium,Southwest,TX,Plus
ST-02058,Dollar Tree #2058,2013-12-15,13448,5204.8,67325,Medium,Midwest,GA,Standard
ST-02059,Dollar Tree #2059,2011-05-16,7295,2188.8,86741,High,West,CO,Plus
ST-02060,Dollar Tree #2060,2006-01-13,8986,766.1,39960,Low,Mid-Atlantic,NM,Standard
ST-02061,Dollar Tree #2061,2002-10-23,10528,790.8,20388,Medium,Midwest,IN,Standard
ST-02062,Dollar Tree #2062,2009-03-28,9570,3486.5,34382,Low,Southwest,MI,Standard
ST-02063,Dollar Tree #2063,2016-02-08,13141,1288.8,16834,Medium,Mid-Atlantic,MS,Combo
ST-02064,Dollar Tree #2064,2005-05-18,9852,11315.8,32010,Low,Northeast,MS,Standard
ST-02065,Dollar Tree #2065,2019-12-03,6551,9319.5,45264,Low,West,NY,Plus
ST-02066,Dollar Tree #2066,2017-06-24,7465,2002.1,34485,Low,Northeast,VA,Standard
ST-02067,Dollar Tree #2067,2024-05-17,12662,444.5,76127,Low,Southwest,PA,Standard
ST-02068,Dollar Tree #2068,2001-08-05,12934,1761.0,89818,Medium,West,MS,Standard
ST-02069,Dollar Tree #2069,2014-04-15,7434,8580.5,42534,Low,Mid-Atlantic,CO,Standard
ST-02070,Dollar Tree #2070,2002-07-05,6004,3589.0,79323,Medium,Mid-Atlantic,IA,Plus
ST-02071,Dollar Tree #2071,2017-09-24,9308,10687.8,71160,High,West,NJ,Plus
ST-02072,Dollar Tree #2072,2018-12-27,12138,4981.3,42955,Medium,Southwest,OH,Plus
ST-02073,Dollar Tree #2073,2015-03-26,6298,2641.3,88616,Medium,Midwest,NY,Plus
ST-02074,Dollar Tree #2074,2013-07-13,8453,4608.8,51228,Medium,Southeast,IA,Standard
ST-02075,Dollar Tree #2075,2006-07-25,11230,9054.1,68974,Medium,Mid-Atlantic,PA,Combo
ST-02076,Dollar Tree #2076,2009-07-08,7165,393.3,39762,Medium,Midwest,MO,Plus
ST-02077,Dollar Tree #2077,2014-12-15,9043,10612.1,70725,Low,Southwest,CA,Standard
ST-02078,Dollar Tree #2078,2004-11-04,8420,4613.6,55947,Medium,Southwest,NV,Combo
ST-02079,Dollar Tree #2079,2013-02-20,8408,4386.3,77182,Medium,Southwest,CA,Plus
ST-02080,Dollar Tree #2080,2002-06-11,7584,3862.0,76416,Low,Northeast,NY,Standard
ST-02081,Dollar Tree #2081,2023-12-18,8208,906.7,76782,Low,Mid-Atlantic,WI,Standard
ST-02082,Dollar Tree #2082,2000-08-13,8736,9622.4,70331,Medium,West,VA,Standard
ST-02083,Dollar Tree #2083,2011-01-26,10235,7110.3,67461,Medium,Southwest,IA,Plus
ST-02084,Dollar Tree #2084,2001-11-25,10489,8798.2,84232,Medium,Northeast,PA,Plus
ST-02085,Dollar Tree #2085,2010-11-23,9603,8831.1,93257,Medium,Southeast,PA,Standard
ST-02086,Dollar Tree #2086,2002-10-13,8259,4853.9,15490,Low,Midwest,TX,Standard
ST-02087,Dollar Tree #2087,2006-07-19,7586,5127.6,29876,Medium,West,AL,Standard
ST-02088,Dollar Tree #2088,2006-01-03,7338,10334.3,44800,High,Southwest,MS,Standard
ST-02089,Dollar Tree #2089,2007-08-06,13576,8136.8,24973,Low,Mid-Atlantic,IN,Standard
ST-02090,Dollar Tree #2090,2019-12-12,12968,5733.3,43827,Medium,West,SC,Combo
ST-02091,Dollar Tree #2091,2010-11-22,8674,6415.2,97523,High,Mid-Atlantic,AL,Plus
ST-02092,Dollar Tree #2092,2021-05-26,10864,9383.9,42151,Low,Northeast,TN,Plus
ST-02093,Dollar Tree #2093,2008-06-17,8462,6086.7,63046,Low,West,MI,Standard
ST-02094,Dollar Tree #2094,2003-03-18,7831,10165.0,38698,Low,Southwest,NV,Standard
ST-02095,Dollar Tree #2095,2003-12-18,10143,4483.3,62409,Medium,West,VA,Standard
ST-02096,Dollar Tree #2096,2002-04-06,11104,5877.8,96885,Low,Midwest,NM,Standard
ST-02097,Dollar Tree #2097,2013-07-27,9540,2017.7,72019,Low,Midwest,NJ,Standard
ST-02098,Dollar Tree #2098,2009-04-16,13201,11974.0,61949,Medium,Southeast,AZ,Plus
ST-02099,Dollar Tree #2099,2007-05-08,11001,9693.4,54054,Low,West,VA,Plus
ST-02100,Dollar Tree #2100,2012-02-04,6672,1171.3,11112,Low,West,TN,Plus
ST-02101,Dollar Tree #2101,2002-12-21,7244,11903.7,10273,Medium,Southeast,CA,Standard
ST-02102,Dollar Tree #2102,2009-06-22,11616,11033.4,56825,High,West,FL,Standard
ST-02103,Dollar Tree #2103,2005-05-11,6818,659.5,86397,Low,Northeast,CO,Standard
ST-02104,Dollar Tree #2104,2006-03-13,12751,11923.1,24095,Medium,West,MI,Plus
ST-02105,Dollar Tree #2105,2016-02-27,11019,3556.4,18512,Medium,West,KS,Standard
ST-02106,Dollar Tree #2106,2005-11-25,11733,6275.7,75066,Medium,Southeast,OR,Standard
ST-02107,Dollar Tree #2107,2001-07-28,8774,8047.1,71952,Medium,Midwest,WI,Standard
ST-02108,Dollar Tree #2108,2009-11-23,12673,4932.9,40818,Medium,Mid-Atlantic,VA,Standard
ST-02109,Dollar Tree #2109,2007-08-05,11760,2031.6,20414,Low,West,NV,Standard
ST-02110,Dollar Tree #2110,2004-02-15,7033,1962.1,19626,Medium,Midwest,OR,Standard
ST-02111,Dollar Tree #2111,2018-04-23,9945,5337.0,26071,High,Mid-Atlantic,OK,Plus
ST-02112,Dollar Tree #2112,2023-10-10,13679,8567.5,72026,High,Northeast,NJ,Standard
ST-02113,Dollar Tree #2113,2012-04-12,6541,777.2,43053,Medium,Southeast,AR,Plus
ST-02114,Dollar Tree #2114,2014-11-13,12420,8567.9,52412,Medium,Southeast,AR,Standard
ST-02115,Dollar Tree #2115,2023-12-14,11393,3914.5,84261,High,Southeast,TX,Standard
ST-02116,Dollar Tree #2116,2008-07-03,9988,10531.1,53850,Low,Northeast,NV,Standard
ST-02117,Dollar Tree #2117,2007-09-20,10057,11493.3,36510,High,Southeast,TN,Standard
ST-02118,Dollar Tree #2118,2024-01-21,8955,8594.1,90593,Medium,Midwest,TX,Standard
ST-02119,Dollar Tree #2119,2015-09-07,7729,1944.1,99175,High,Mid-Atlantic,CT,Plus
ST-02120,Dollar Tree #2120,2008-09-13,13287,6439.1,87396,Medium,West,IL,Plus
ST-02121,Dollar Tree #2121,2024-12-26,6322,5568.4,87460,Medium,Midwest,SC,Plus
ST-02122,Dollar Tree #2122,2001-05-11,6146,5006.6,92187,Low,Southwest,AR,Plus
ST-02123,Dollar Tree #2123,2014-10-19,7891,11092.5,87449,Low,Southwest,NC,Standard
ST-02124,Dollar Tree #2124,2020-01-27,7879,8087.5,85964,Medium,Southwest,NC,Standard
ST-02125,Dollar Tree #2125,2016-04-02,7816,11433.7,68884,Low,Southwest,TX,Plus
ST-02126,Dollar Tree #2126,2001-02-26,12580,3428.9,81636,Medium,Northeast,WI,Combo
ST-02127,Dollar Tree #2127,2024-11-26,8508,9273.0,96941,Low,Southwest,AL,Standard
ST-02128,Dollar Tree #2128,2017-11-18,8355,9400.2,40780,Medium,West,CT,Standard
ST-02129,Dollar Tree #2129,2005-09-21,7640,367.7,66295,Low,Midwest,KY,Standard
ST-02130,Dollar Tree #2130,2015-01-04,7063,11186.8,43841,Low,Mid-Atlantic,MI,Combo
ST-02131,Dollar Tree #2131,2008-07-06,13421,5232.1,31483,Medium,Northeast,IA,Standard
ST-02132,Dollar Tree #2132,2009-09-23,10494,7740.5,19991,Low,Northeast,KS,Standard
ST-02133,Dollar Tree #2133,2007-02-25,12310,9574.2,45396,Low,Northeast,IA,Plus
ST-02134,Dollar Tree #2134,2010-02-17,12275,10055.3,80070,Medium,West,NY,Plus
ST-02135,Dollar Tree #2135,2021-10-09,12434,1182.6,22062,Medium,Southeast,AZ,Standard
ST-02136,Dollar Tree #2136,2017-05-24,6149,10948.9,91309,Low,Northeast,OH,Standard
ST-02137,Dollar Tree #2137,2010-03-17,12678,8336.5,35450,Medium,Mid-Atlantic,NJ,Standard
ST-02138,Dollar Tree #2138,2010-07-26,12199,5302.3,77163,Medium,Southeast,OH,Standard
ST-02139,Dollar Tree #2139,2019-11-16,12336,7119.0,18768,High,Southeast,AR,Combo
ST-02140,Dollar Tree #2140,2024-08-18,12314,5602.7,52233,High,Midwest,IL,Standard
ST-02141,Dollar Tree #2141,2001-08-07,6030,6937.1,12244,High,Midwest,KY,Standard
ST-02142,Dollar Tree #2142,2013-12-27,6060,11641.1,70749,Low,Southeast,AR,Standard
ST-02143,Dollar Tree #2143,2019-09-18,12276,1574.6,27795,Medium,Southwest,SC,Plus
ST-02144,Dollar Tree #2144,2023-06-04,11119,9767.8,93634,Medium,Southeast,MI,Plus
ST-02145,Dollar Tree #2145,2013-05-02,13034,1457.6,49348,High,Southeast,OR,Standard
ST-02146,Dollar Tree #2146,2012-03-09,8784,10226.9,19751,Medium,Midwest,FL,Plus
ST-02147,Dollar Tree #2147,2009-12-10,9333,468.2,47375,Medium,Southeast,OR,Standard
ST-02148,Dollar Tree #2148,2004-09-20,10911,10248.5,57517,Low,Northeast,NC,Standard
ST-02149,Dollar Tree #2149,2010-02-06,10721,2705.3,20333,Low,Northeast,NC,Standard
ST-02150,Dollar Tree #2150,2024-09-25,10434,10973.1,20441,High,West,NM,Plus
ST-02151,Dollar Tree #2151,2022-09-10,13424,6717.9,48999,Low,Southwest,IA,Standard
ST-02152,Dollar Tree #2152,2009-07-03,11389,4132.5,16822,Low,Northeast,NY,Plus
ST-02153,Dollar Tree #2153,2000-02-16,6348,5736.8,57333,Medium,West,NY,Standard
ST-02154,Dollar Tree #2154,2005-10-18,13332,9570.5,20749,Medium,Southeast,OH,Combo
ST-02155,Dollar Tree #2155,2018-12-28,6850,7643.9,12207,Medium,Southeast,CT,Combo
ST-02156,Dollar Tree #2156,2004-03-24,13842,9901.7,99449,Medium,Southeast,TN,Standard
ST-02157,Dollar Tree #2157,2021-09-09,10724,9577.0,34582,Medium,West,GA,Standard
ST-02158,Dollar Tree #2158,2013-04-20,11463,4783.6,79177,Medium,Midwest,PA,Plus
ST-02159,Dollar Tree #2159,2018-07-19,8356,3378.5,90790,Low,Mid-Atlantic,TN,Standard
ST-02160,Dollar Tree #2160,2020-10-16,6011,11738.2,63155,Medium,Southeast,CT,Standard
ST-02161,Dollar Tree #2161,2022-03-19,7510,9810.5,86048,Low,Mid-Atlantic,GA,Standard
ST-02162,Dollar Tree #2162,2022-01-08,8047,8989.6,19463,High,Southwest,PA,Standard
ST-02163,Dollar Tree #2163,2008-02-19,6023,7891.9,24519,High,Northeast,TN,Standard
ST-02164,Dollar Tree #2164,2010-04-15,7182,1934.5,94929,Low,Midwest,VA,Plus
ST-02165,Dollar Tree #2165,2012-11-17,11573,3445.8,96916,Low,Mid-Atlantic,PA,Standard
ST-02166,Dollar Tree #2166,2012-06-07,13126,8057.1,96809,Low,Southwest,MO,Standard
ST-02167,Dollar Tree #2167,2013-01-09,6025,5312.9,30788,Low,Northeast,CT,Plus
ST-02168,Dollar Tree #2168,2016-05-07,9386,1502.9,47645,Low,Midwest,NC,Standard
ST-02169,Dollar Tree #2169,2013-01-16,12436,9199.1,18558,Medium,Southwest,NJ,Standard
ST-02170,Dollar Tree #2170,2020-04-15,7645,8323.5,46125,Medium,Southwest,NC,Standard
ST-02171,Dollar Tree #2171,2015-04-15,13412,1775.1,40726,High,Southwest,AZ,Standard
ST-02172,Dollar Tree #2172,2017-09-21,13651,1907.4,45084,High,Midwest,WI,Standard
ST-02173,Dollar Tree #2173,2022-02-09,13061,7967.9,50660,High,Southwest,TX,Standard
ST-02174,Dollar Tree #2174,2018-02-08,13362,3537.2,42020,High,West,KS,Plus
ST-02175,Dollar Tree #2175,2018-09-06,11140,6065.0,79248,Low,Southeast,TX,Standard
ST-02176,Dollar Tree #2176,2024-12-25,10537,5152.8,54734,Low,Southwest,IL,Standard
ST-02177,Dollar Tree #2177,2003-12-10,11905,9217.1,42921,High,Midwest,AL,Standard
ST-02178,Dollar Tree #2178,2020-07-22,12896,11535.7,84083,Medium,Midwest,NY,Plus
ST-02179,Dollar Tree #2179,2015-10-07,13292,3089.6,16003,Medium,Midwest,MO,Standard
ST-02180,Dollar Tree #2180,2017-06-16,7864,5283.7,83719,Low,Mid-Atlantic,FL,Standard
ST-02181,Dollar Tree #2181,2018-03-08,9364,10425.3,36864,Medium,Southwest,SC,Combo
ST-02182,Dollar Tree #2182,2002-02-22,13994,6673.1,27789,Low,Mid-Atlantic,IL,Standard
ST-02183,Dollar Tree #2183,2011-02-02,8100,338.0,87004,Medium,Northeast,NC,Combo
ST-02184,Dollar Tree #2184,2018-08-07,6765,4221.6,41025,Medium,Northeast,FL,Standard
ST-02185,Dollar Tree #2185,2019-09-24,11153,11271.6,41615,Low,Southwest,OR,Standard
ST-02186,Dollar Tree #2186,2017-03-22,12204,8411.3,10833,Medium,Southeast,MS,Plus
ST-02187,Dollar Tree #2187,2010-02-03,10126,7078.0,85454,Medium,Northeast,TN,Combo
ST-02188,Dollar Tree #2188,2011-06-25,9705,6764.2,31534,Low,Mid-Atlantic,NY,Combo
ST-02189,Dollar Tree #2189,2018-01-22,8254,2472.0,30572,Low,Mid-Atlantic,CA,Combo
ST-02190,Dollar Tree #2190,2005-04-27,7712,2532.2,48666,Medium,Northeast,OK,Plus
ST-02191,Dollar Tree #2191,2007-10-05,6257,1590.9,36760,Medium,Mid-Atlantic,IA,Standard
ST-02192,Dollar Tree #2192,2021-07-05,11635,946.6,30849,Medium,Southwest,TX,Standard
ST-02193,Dollar Tree #2193,2011-01-18,7434,8276.4,65096,Low,Northeast,IA,Standard
ST-02194,Dollar Tree #2194,2006-02-05,9400,1479.6,40049,High,Southeast,NC,Combo
ST-02195,Dollar Tree #2195,2016-12-18,13240,8190.3,87553,Medium,Midwest,NV,Plus
ST-02196,Dollar Tree #2196,2005-10-18,11410,6894.1,68859,Medium,Southeast,CO,Plus
ST-02197,Dollar Tree #2197,2008-06-09,10966,2726.9,12625,Low,Southwest,MI,Plus
ST-02198,Dollar Tree #2198,2024-09-15,13596,1274.1,86205,Low,Mid-Atlantic,PA,Standard
ST-02199,Dollar Tree #2199,2007-12-23,10370,11404.8,24832,Medium,Southwest,AZ,Combo
ST-02200,Dollar Tree #2200,2018-12-24,12690,1795.6,77889,Low,West,NV,Standard
ST-02201,Dollar Tree #2201,2004-04-02,10164,10328.0,81259,Low,Southeast,SC,Plus
ST-02202,Dollar Tree #2202,2002-06-17,10403,1303.7,44228,Medium,West,PA,Standard
ST-02203,Dollar Tree #2203,2001-07-16,12965,10087.2,28312,Low,Mid-Atlantic,KY,Standard
ST-02204,Dollar Tree #2204,2016-03-20,9623,1042.9,93080,Medium,Northeast,CT,Standard
ST-02205,Dollar Tree #2205,2014-03-22,8263,11914.5,54260,Low,Northeast,IA,Standard
ST-02206,Dollar Tree #2206,2024-01-25,11446,8352.4,13977,Low,Midwest,OH,Combo
ST-02207,Dollar Tree #2207,2020-10-03,6676,8317.9,73016,Low,Southwest,MS,Plus
ST-02208,Dollar Tree #2208,2020-06-02,12450,7644.0,89281,Low,Mid-Atlantic,PA,Standard
ST-02209,Dollar Tree #2209,2010-07-22,6943,9577.3,76062,High,Midwest,IA,Standard
ST-02210,Dollar Tree #2210,2008-03-03,10470,9790.6,88688,High,West,SC,Plus
ST-02211,Dollar Tree #2211,2009-08-17,13456,9262.2,29736,Low,Midwest,WI,Plus
ST-02212,Dollar Tree #2212,2001-06-13,9841,676.5,66975,Medium,Northeast,CA,Plus
ST-02213,Dollar Tree #2213,2001-01-22,8140,10652.4,59531,Medium,Mid-Atlantic,VA,Standard
ST-02214,Dollar Tree #2214,2011-12-17,8253,6454.4,63108,Medium,West,NY,Standard
ST-02215,Dollar Tree #2215,2013-03-26,8207,6237.9,52158,Medium,Mid-Atlantic,CA,Standard
ST-02216,Dollar Tree #2216,2009-03-26,10725,4628.8,15488,Medium,Mid-Atlantic,CA,Combo
ST-02217,Dollar Tree #2217,2015-01-14,7703,3036.6,88918,Medium,West,IN,Plus
ST-02218,Dollar Tree #2218,2011-01-25,11115,9387.6,78920,Low,Southeast,FL,Standard
ST-02219,Dollar Tree #2219,2008-01-04,13088,4821.8,79281,Low,West,NM,Plus
ST-02220,Dollar Tree #2220,2023-01-09,11124,8852.8,94381,Low,West,MO,Plus
ST-02221,Dollar Tree #2221,2007-09-07,9097,8674.5,34600,Medium,Mid-Atlantic,FL,Plus
ST-02222,Dollar Tree #2222,2008-04-05,11513,973.3,62439,Medium,Mid-Atlantic,MI,Combo
ST-02223,Dollar Tree #2223,2005-09-19,11285,8100.0,50304,Medium,Midwest,OH,Standard
ST-02224,Dollar Tree #2224,2007-07-25,11873,1740.0,79248,Medium,Southeast,NY,Standard
ST-02225,Dollar Tree #2225,2024-05-03,9784,10506.6,61142,Medium,Mid-Atlantic,AZ,Standard
ST-02226,Dollar Tree #2226,2011-06-25,8380,10422.0,15546,Low,Southwest,MS,Standard
ST-02227,Dollar Tree #2227,2023-11-12,8784,6612.9,34504,Medium,Southeast,KS,Combo
ST-02228,Dollar Tree #2228,2000-11-03,9848,4651.8,63895,Medium,Midwest,WI,Plus
ST-02229,Dollar Tree #2229,2016-09-01,12324,2865.2,24282,Medium,Southeast,SC,Combo
ST-02230,Dollar Tree #2230,2016-09-06,12802,11791.1,53457,High,Southeast,IN,Plus
ST-02231,Dollar Tree #2231,2022-01-22,11638,4211.2,47971,High,Mid-Atlantic,CA,Standard
ST-02232,Dollar Tree #2232,2007-04-07,7711,11642.8,56538,Low,West,NC,Plus
ST-02233,Dollar Tree #2233,2010-12-04,9233,8795.7,28535,Low,Northeast,NY,Combo
ST-02234,Dollar Tree #2234,2019-08-17,9821,8710.8,26223,Medium,Northeast,CO,Standard
ST-02235,Dollar Tree #2235,2007-10-03,11168,8209.6,74563,Low,Southeast,AZ,Combo
ST-02236,Dollar Tree #2236,2010-04-02,13228,4998.4,14555,High,Northeast,FL,Plus
ST-02237,Dollar Tree #2237,2024-09-16,12212,11548.1,61031,Low,Southwest,WI,Plus
ST-02238,Dollar Tree #2238,2024-09-24,13078,6388.8,11098,Low,Southeast,IL,Standard
ST-02239,Dollar Tree #2239,2000-10-04,8740,9387.9,24681,Medium,Southeast,AR,Plus
ST-02240,Dollar Tree #2240,2016-01-08,11639,4652.0,71901,High,Mid-Atlantic,MO,Standard
ST-02241,Dollar Tree #2241,2023-05-27,10883,1612.5,64461,Low,West,OK,Standard
ST-02242,Dollar Tree #2242,2012-06-20,12488,4280.4,17594,Low,Midwest,CO,Standard
ST-02243,Dollar Tree #2243,2003-09-21,12323,6985.3,24267,Medium,Midwest,GA,Standard
ST-02244,Dollar Tree #2244,2012-09-16,8809,10089.2,86881,Low,Southwest,IL,Standard
ST-02245,Dollar Tree #2245,2023-03-07,10969,7303.2,29383,Low,Southeast,IN,Standard
ST-02246,Dollar Tree #2246,2010-06-14,6628,1288.3,14781,High,Mid-Atlantic,KS,Combo
ST-02247,Dollar Tree #2247,2009-03-17,10391,5005.5,15616,Medium,Mid-Atlantic,TX,Standard
ST-02248,Dollar Tree #2248,2007-08-13,9511,5337.4,16076,Medium,Mid-Atlantic,NY,Standard
ST-02249,Dollar Tree #2249,2023-03-14,12392,10189.1,15525,Low,Northeast,WI,Standard
ST-02250,Dollar Tree #2250,2011-07-13,13246,7367.6,13574,Medium,Southeast,OK,Plus
ST-02251,Dollar Tree #2251,2002-06-24,7743,1379.4,33004,Low,Midwest,NV,Standard
ST-02252,Dollar Tree #2252,2011-01-27,9520,6207.1,34039,Medium,West,NY,Plus
ST-02253,Dollar Tree #2253,2020-08-14,12250,6824.2,28690,Medium,Southeast,WI,Standard
ST-02254,Dollar Tree #2254,2009-12-02,6948,3056.8,82683,Low,West,IN,Standard
ST-02255,Dollar Tree #2255,2010-05-08,9906,10381.4,82127,High,West,PA,Plus
ST-02256,Dollar Tree #2256,2001-04-08,11284,4616.8,26270,Low,Northeast,OK,Standard
ST-02257,Dollar Tree #2257,2014-12-23,6147,7347.0,16224,Medium,Midwest,AL,Plus
ST-02258,Dollar Tree #2258,2022-02-26,8370,3572.0,33826,Low,Mid-Atlantic,IN,Standard
ST-02259,Dollar Tree #2259,2018-03-13,12194,7254.6,85076,Medium,Mid-Atlantic,TN,Plus
ST-02260,Dollar Tree #2260,2018-07-28,12394,7949.9,82443,High,West,IA,Plus
ST-02261,Dollar Tree #2261,2023-12-22,11556,9180.8,69795,Low,West,MI,Standard
ST-02262,Dollar Tree #2262,2017-06-19,9146,7714.0,84548,Low,Southeast,VA,Plus
ST-02263,Dollar Tree #2263,2003-05-01,12326,6105.2,50579,Medium,West,MS,Standard
ST-02264,Dollar Tree #2264,2005-04-04,7515,10102.4,39232,Medium,Southeast,IA,Plus
ST-02265,Dollar Tree #2265,2012-10-18,13869,11262.8,63453,Medium,Mid-Atlantic,TX,Plus
ST-02266,Dollar Tree #2266,2015-03-13,11244,1589.1,64749,Low,Mid-Atlantic,IN,Standard
ST-02267,Dollar Tree #2267,2023-04-10,10601,11327.8,39898,Medium,West,GA,Standard
ST-02268,Dollar Tree #2268,2021-11-20,13437,4469.3,41976,Medium,Southeast,OK,Plus
ST-02269,Dollar Tree #2269,2024-01-27,12707,11775.1,10402,Medium,Southwest,NV,Combo
ST-02270,Dollar Tree #2270,2003-03-23,10638,7398.1,54740,Low,West,MS,Standard
ST-02271,Dollar Tree #2271,2012-10-25,8938,6625.1,29216,Medium,Mid-Atlantic,NC,Standard
ST-02272,Dollar Tree #2272,2017-07-19,9099,4267.7,92621,Low,Southeast,TX,Plus
ST-02273,Dollar Tree #2273,2015-07-04,11505,10001.2,29099,Low,West,VA,Plus
ST-02274,Dollar Tree #2274,2010-02-09,12908,2466.1,45002,Medium,West,PA,Standard
ST-02275,Dollar Tree #2275,2018-05-28,10169,3408.4,15316,Low,Southeast,MO,Standard
ST-02276,Dollar Tree #2276,2000-01-22,12981,6264.0,88694,Medium,Southwest,FL,Standard
ST-02277,Dollar Tree #2277,2003-07-17,7655,1085.7,97597,Low,West,VA,Standard
ST-02278,Dollar Tree #2278,2001-02-13,10323,860.6,94972,Medium,Northeast,MI,Combo
ST-02279,Dollar Tree #2279,2019-02-28,12043,3992.4,69393,Medium,Southeast,KS,Combo
ST-02280,Dollar Tree #2280,2016-04-28,10771,11403.2,94157,Medium,Mid-Atlantic,PA,Standard
ST-02281,Dollar Tree #2281,2023-06-08,11222,3501.6,12204,Medium,Southwest,IN,Plus
ST-02282,Dollar Tree #2282,2009-07-06,6476,8628.9,68854,Low,Mid-Atlantic,AZ,Plus
ST-02283,Dollar Tree #2283,2021-03-20,7123,4265.7,82805,Low,Mid-Atlantic,KS,Plus
ST-02284,Dollar Tree #2284,2023-11-27,9884,11089.4,16251,Low,West,OR,Plus
ST-02285,Dollar Tree #2285,2002-05-01,9254,11251.6,98425,Medium,Midwest,FL,Standard
ST-02286,Dollar Tree #2286,2006-04-15,7901,1252.4,27388,Medium,Midwest,OR,Standard
ST-02287,Dollar Tree #2287,2006-06-13,6890,5712.9,20374,Medium,Northeast,IL,Standard
ST-02288,Dollar Tree #2288,2021-02-03,10939,2127.9,59785,Low,Southeast,IA,Plus
ST-02289,Dollar Tree #2289,2007-09-22,8603,1761.8,74978,Medium,West,NJ,Plus
ST-02290,Dollar Tree #2290,2003-04-07,9665,1077.2,97539,Medium,Midwest,MI,Standard
ST-02291,Dollar Tree #2291,2018-01-24,13874,2190.6,85865,Medium,Northeast,PA,Plus
ST-02292,Dollar Tree #2292,2009-09-02,13971,9846.0,66512,Medium,Midwest,CA,Standard
ST-02293,Dollar Tree #2293,2014-04-22,8049,10017.6,62213,Medium,West,NY,Standard
ST-02294,Dollar Tree #2294,2014-12-26,10093,8073.9,32323,Low,Northeast,TX,Standard
ST-02295,Dollar Tree #2295,2020-02-16,13325,9883.5,80286,Low,Northeast,KY,Standard
ST-02296,Dollar Tree #2296,2008-09-14,7405,6955.7,54582,High,Southwest,MS,Combo
ST-02297,Dollar Tree #2297,2021-10-15,7915,9143.0,40360,Medium,Southeast,NV,Standard
ST-02298,Dollar Tree #2298,2016-03-18,11583,11951.8,63533,Low,Midwest,GA,Plus
ST-02299,Dollar Tree #2299,2024-08-24,6187,6015.3,87150,Medium,Mid-Atlantic,KY,Plus
ST-02300,Dollar Tree #2300,2012-11-04,9715,5844.2,18007,Medium,Southwest,GA,Plus
ST-02301,Dollar Tree #2301,2016-03-28,12491,382.4,10295,Medium,West,PA,Standard
ST-02302,Dollar Tree #2302,2021-03-06,7834,7624.3,52977,High,Southeast,FL,Plus
ST-02303,Dollar Tree #2303,2021-11-12,6121,9372.0,80657,Medium,Northeast,OK,Standard
ST-02304,Dollar Tree #2304,2012-10-05,12000,1059.8,95367,Low,Northeast,AL,Standard
ST-02305,Dollar Tree #2305,2010-10-13,13937,5589.4,87879,Low,West,AL,Plus
ST-02306,Dollar Tree #2306,2024-11-09,7926,5273.5,89817,Medium,Midwest,MS,Plus
ST-02307,Dollar Tree #2307,2000-03-05,13308,11039.3,53369,Low,West,OR,Combo
ST-02308,Dollar Tree #2308,2007-11-27,10442,5311.2,88410,High,Mid-Atlantic,NC,Plus
ST-02309,Dollar Tree #2309,2009-11-05,8442,10613.4,54265,High,West,WI,Plus
ST-02310,Dollar Tree #2310,2020-02-21,6688,3546.1,69226,High,West,WI,Plus
ST-02311,Dollar Tree #2311,2024-01-23,11364,5408.6,56784,Low,Southeast,NV,Plus
ST-02312,Dollar Tree #2312,2012-08-13,9912,2512.7,96078,Low,Northeast,NM,Plus
ST-02313,Dollar Tree #2313,2014-05-13,12391,1120.3,90481,Low,Mid-Atlantic,KY,Combo
ST-02314,Dollar Tree #2314,2014-08-20,10359,6011.2,81037,Low,West,AL,Plus
ST-02315,Dollar Tree #2315,2016-08-23,12926,2016.2,26972,Medium,West,AL,Standard
ST-02316,Dollar Tree #2316,2015-12-02,12476,7791.0,51714,High,West,TX,Plus
ST-02317,Dollar Tree #2317,2020-03-22,11121,9550.4,58323,Low,Mid-Atlantic,NC,Standard
ST-02318,Dollar Tree #2318,2021-06-25,9196,4695.1,91204,Medium,Mid-Atlantic,IN,Plus
ST-02319,Dollar Tree #2319,2001-01-22,7022,2181.5,81010,Low,Mid-Atlantic,VA,Standard
ST-02320,Dollar Tree #2320,2008-05-06,13653,6378.3,70383,Medium,Southwest,IL,Standard
ST-02321,Dollar Tree #2321,2011-10-10,7521,7732.0,93092,Low,Mid-Atlantic,SC,Combo
ST-02322,Dollar Tree #2322,2018-05-26,9206,9997.6,39123,Low,West,NV,Plus
ST-02323,Dollar Tree #2323,2003-06-13,7346,3276.6,99714,High,Midwest,OH,Plus
ST-02324,Dollar Tree #2324,2024-06-24,13636,5903.0,55003,Medium,Southeast,AL,Standard
ST-02325,Dollar Tree #2325,2012-10-08,13113,8396.3,55000,Medium,West,MS,Combo
ST-02326,Dollar Tree #2326,2011-02-08,13048,11898.9,76123,Low,West,OR,Plus
ST-02327,Dollar Tree #2327,2011-06-01,13795,7820.7,78017,Medium,Southwest,KS,Plus
ST-02328,Dollar Tree #2328,2010-01-20,8625,9120.7,99142,Medium,Midwest,GA,Standard
ST-02329,Dollar Tree #2329,2006-05-21,11105,1615.7,98529,Medium,West,FL,Standard
ST-02330,Dollar Tree #2330,2015-10-16,7350,753.3,78359,High,Midwest,AL,Standard
ST-02331,Dollar Tree #2331,2008-01-03,12869,4497.8,61711,Medium,Northeast,VA,Standard
ST-02332,Dollar Tree #2332,2014-02-11,12779,4067.6,24053,Low,Mid-Atlantic,OH,Standard
ST-02333,Dollar Tree #2333,2019-04-27,9436,5815.1,78750,Low,Southeast,MS,Plus
ST-02334,Dollar Tree #2334,2014-06-02,6131,11525.6,44832,Low,Mid-Atlantic,KS,Combo
ST-02335,Dollar Tree #2335,2003-05-25,12491,1228.2,56381,Low,Southwest,AZ,Plus
ST-02336,Dollar Tree #2336,2016-02-23,10847,6379.9,83595,Low,West,CT,Standard
ST-02337,Dollar Tree #2337,2024-08-01,8225,4459.6,40803,Medium,West,SC,Standard
ST-02338,Dollar Tree #2338,2012-03-05,13660,4104.5,66118,Medium,Northeast,VA,Plus
ST-02339,Dollar Tree #2339,2016-07-26,12179,5507.4,67960,Medium,Midwest,KS,Standard
ST-02340,Dollar Tree #2340,2004-08-23,8767,6220.5,97728,Medium,West,KY,Standard
ST-02341,Dollar Tree #2341,2023-10-14,13901,4491.8,51592,High,West,MI,Standard
ST-02342,Dollar Tree #2342,2016-03-10,13847,7449.7,25552,Low,Mid-Atlantic,TN,Standard
ST-02343,Dollar Tree #2343,2000-03-28,6051,10613.4,15619,Low,Midwest,NJ,Combo
ST-02344,Dollar Tree #2344,2007-10-21,13195,2938.7,40988,Low,Mid-Atlantic,NV,Standard
ST-02345,Dollar Tree #2345,2010-06-03,7706,265.7,54555,Medium,Northeast,WI,Standard
ST-02346,Dollar Tree #2346,2020-11-14,10551,8910.2,99390,Low,Midwest,MI,Standard
ST-02347,Dollar Tree #2347,2016-09-20,9138,4752.7,91259,High,Southwest,PA,Plus
ST-02348,Dollar Tree #2348,2022-04-14,9678,10806.7,67811,High,Midwest,KY,Plus
ST-02349,Dollar Tree #2349,2004-12-01,7062,4522.3,77543,High,Mid-Atlantic,OH,Standard
ST-02350,Dollar Tree #2350,2009-04-03,10307,2777.6,32658,High,West,MS,Standard
ST-02351,Dollar Tree #2351,2023-03-07,12851,942.4,36238,Medium,Southeast,NV,Combo
ST-02352,Dollar Tree #2352,2000-11-10,11112,1292.7,59434,High,Northeast,NV,Standard
ST-02353,Dollar Tree #2353,2016-04-14,8149,5976.5,36733,High,West,IN,Standard
ST-02354,Dollar Tree #2354,2000-09-06,12282,5765.6,77984,High,Northeast,OK,Plus
ST-02355,Dollar Tree #2355,2005-03-12,9932,5678.3,44123,High,Midwest,SC,Combo
ST-02356,Dollar Tree #2356,2008-08-05,9104,2026.1,84870,Low,Midwest,PA,Plus
ST-02357,Dollar Tree #2357,2002-09-27,12353,10287.6,69450,Medium,Mid-Atlantic,SC,Standard
ST-02358,Dollar Tree #2358,2023-02-13,6434,6682.6,33809,High,Southwest,NY,Combo
ST-02359,Dollar Tree #2359,2015-03-03,9745,8312.3,35994,Medium,Mid-Atlantic,CT,Standard
ST-02360,Dollar Tree #2360,2018-11-19,13918,2396.6,13836,Medium,Southeast,OH,Standard
ST-02361,Dollar Tree #2361,2018-10-20,7753,8943.7,32438,Low,Mid-Atlantic,TN,Standard
ST-02362,Dollar Tree #2362,2021-10-03,11245,3777.7,82500,Medium,Southeast,GA,Standard
ST-02363,Dollar Tree #2363,2010-11-12,11754,11577.0,85707,Medium,Southeast,VA,Plus
ST-02364,Dollar Tree #2364,2009-05-14,7000,5971.4,94489,Medium,Mid-Atlantic,CT,Plus
ST-02365,Dollar Tree #2365,2007-03-26,9220,3620.1,12563,Medium,Midwest,NC,Standard
ST-02366,Dollar Tree #2366,2018-08-20,11861,8755.4,33653,Medium,West,AR,Plus
ST-02367,Dollar Tree #2367,2014-01-06,10677,2257.1,19159,Low,Northeast,VA,Standard
ST-02368,Dollar Tree #2368,2021-10-15,12223,6418.6,75234,High,Northeast,IL,Plus
ST-02369,Dollar Tree #2369,2022-06-05,10747,11424.6,78019,Low,Southeast,PA,Standard
ST-02370,Dollar Tree #2370,2021-02-05,12498,4498.8,17115,Medium,Southeast,OH,Standard
ST-02371,Dollar Tree #2371,2001-05-25,10540,5969.6,99917,Medium,West,WI,Plus
ST-02372,Dollar Tree #2372,2018-08-12,11600,2684.9,58784,High,West,NJ,Standard
ST-02373,Dollar Tree #2373,2007-11-18,9230,11106.8,15300,Low,Northeast,NC,Standard
ST-02374,Dollar Tree #2374,2007-07-21,6671,9813.1,85215,Medium,Northeast,IN,Standard
ST-02375,Dollar Tree #2375,2011-03-07,13143,8789.9,22264,Low,Southeast,KY,Plus
ST-02376,Dollar Tree #2376,2005-12-19,12138,4309.3,13149,Low,Midwest,IL,Plus
ST-02377,Dollar Tree #2377,2008-11-28,12020,6234.3,17430,Medium,Southeast,NM,Standard
ST-02378,Dollar Tree #2378,2018-07-16,6677,2682.9,87789,Medium,Northeast,CO,Standard
ST-02379,Dollar Tree #2379,2004-07-02,11187,1981.0,29895,Low,Southeast,OH,Standard
ST-02380,Dollar Tree #2380,2021-12-15,9359,5705.3,96531,Low,Northeast,NY,Plus
ST-02381,Dollar Tree #2381,2024-12-22,6731,1568.0,60145,Medium,Northeast,PA,Standard
ST-02382,Dollar Tree #2382,2001-02-20,11911,576.6,27824,High,Midwest,OK,Combo
ST-02383,Dollar Tree #2383,2016-08-08,7621,11120.7,38061,Low,Midwest,AL,Standard
ST-02384,Dollar Tree #2384,2013-07-11,7707,6526.6,96551,Low,Southwest,KY,Combo
ST-02385,Dollar Tree #2385,2009-09-04,7225,9219.4,46968,Low,Northeast,FL,Standard
ST-02386,Dollar Tree #2386,2000-09-22,9234,7579.1,28430,Medium,Northeast,AL,Combo
ST-02387,Dollar Tree #2387,2010-03-05,10885,3583.2,26883,Low,West,IL,Combo
ST-02388,Dollar Tree #2388,2011-06-24,9117,10107.8,18653,High,Mid-Atlantic,KY,Standard
ST-02389,Dollar Tree #2389,2006-12-22,10660,7235.2,26803,High,West,MO,Standard
ST-02390,Dollar Tree #2390,2024-02-08,13937,5554.1,28596,Medium,Southeast,TN,Standard
ST-02391,Dollar Tree #2391,2017-06-18,9003,4771.0,27083,Low,Northeast,NC,Standard
ST-02392,Dollar Tree #2392,2023-03-01,7153,11883.2,17053,Medium,Northeast,NJ,Plus
ST-02393,Dollar Tree #2393,2005-08-08,10567,6039.3,17904,Low,West,CO,Standard
ST-02394,Dollar Tree #2394,2014-12-24,13897,1207.4,65862,Medium,Northeast,TN,Standard
ST-02395,Dollar Tree #2395,2004-03-28,8305,6466.4,24029,Medium,Midwest,NC,Standard
ST-02396,Dollar Tree #2396,2021-11-21,6062,2817.7,47415,Low,Southeast,CA,Standard
ST-02397,Dollar Tree #2397,2000-10-12,13438,10880.1,75062,Medium,Mid-Atlantic,IN,Standard
ST-02398,Dollar Tree #2398,2013-05-20,6531,4576.5,87348,High,Midwest,NJ,Standard
ST-02399,Dollar Tree #2399,2013-03-08,8058,5858.9,23949,Low,Midwest,IN,Plus
ST-02400,Dollar Tree #2400,2000-02-02,10546,900.9,25533,Medium,Northeast,CA,Standard
ST-02401,Dollar Tree #2401,2000-12-26,9379,6735.4,23156,Medium,Southwest,NC,Standard
ST-02402,Dollar Tree #2402,2015-03-14,10229,703.0,11720,Medium,Northeast,MS,Combo
ST-02403,Dollar Tree #2403,2021-06-15,6879,1948.0,13995,High,Northeast,VA,Combo
ST-02404,Dollar Tree #2404,2001-08-03,7601,6198.7,63554,Medium,Northeast,GA,Standard
ST-02405,Dollar Tree #2405,2014-12-08,8720,1140.5,16265,Medium,Midwest,WI,Standard
ST-02406,Dollar Tree #2406,2015-05-07,12562,4927.3,24969,High,Southeast,TX,Standard
ST-02407,Dollar Tree #2407,2018-07-06,8858,6474.0,79222,High,Midwest,IN,Plus
ST-02408,Dollar Tree #2408,2022-07-20,8078,6054.9,36812,Low,West,TX,Standard
ST-02409,Dollar Tree #2409,2006-11-26,13144,9368.7,89555,Medium,Southeast,AR,Plus
ST-02410,Dollar Tree #2410,2008-07-13,9578,9913.7,20345,Medium,West,FL,Plus
ST-02411,Dollar Tree #2411,2007-03-23,12993,5805.0,14205,Low,Midwest,AZ,Plus
ST-02412,Dollar Tree #2412,2013-02-10,13905,4097.9,87242,Low,Northeast,MS,Standard
ST-02413,Dollar Tree #2413,2001-08-19,9978,8065.1,26295,Medium,Northeast,TX,Combo
ST-02414,Dollar Tree #2414,2020-05-19,7932,6617.8,82356,Low,Mid-Atlantic,AL,Combo
ST-02415,Dollar Tree #2415,2022-11-23,8208,6975.2,51293,Low,Mid-Atlantic,OR,Standard
ST-02416,Dollar Tree #2416,2010-03-02,8093,7404.6,75776,Low,West,MI,Combo
ST-02417,Dollar Tree #2417,2019-08-13,12417,7352.1,74595,High,Southeast,KY,Standard
ST-02418,Dollar Tree #2418,2006-08-19,9596,8284.8,64339,Medium,West,SC,Combo
ST-02419,Dollar Tree #2419,2009-02-14,13438,4707.6,23051,Low,Southeast,MO,Standard
ST-02420,Dollar Tree #2420,2001-08-16,10677,3340.9,40578,Low,Midwest,TN,Standard
ST-02421,Dollar Tree #2421,2006-12-23,13921,6281.6,87460,Medium,Midwest,AL,Plus
ST-02422,Dollar Tree #2422,2003-10-15,12611,373.0,44617,Low,Southwest,KS,Combo
ST-02423,Dollar Tree #2423,2004-01-07,9827,801.6,70390,Medium,Southeast,NY,Standard
ST-02424,Dollar Tree #2424,2013-01-27,7297,7996.9,96411,Low,Mid-Atlantic,MS,Combo
ST-02425,Dollar Tree #2425,2020-05-04,12960,11184.5,81532,Low,Southeast,NJ,Combo
ST-02426,Dollar Tree #2426,2022-10-19,10202,7226.6,86639,Medium,Southeast,NV,Standard
ST-02427,Dollar Tree #2427,2002-08-01,11987,10068.1,76014,High,West,MI,Combo
ST-02428,Dollar Tree #2428,2016-01-27,12720,10246.5,81646,Medium,Midwest,MI,Plus
ST-02429,Dollar Tree #2429,2004-03-25,6985,5525.2,56668,Medium,West,CT,Standard
ST-02430,Dollar Tree #2430,2018-08-17,9062,5364.5,11511,Medium,Southeast,CA,Standard
ST-02431,Dollar Tree #2431,2008-09-02,9430,5796.8,72033,High,Northeast,AR,Standard
ST-02432,Dollar Tree #2432,2006-07-19,6697,3734.8,62852,Low,Mid-Atlantic,OK,Standard
ST-02433,Dollar Tree #2433,2005-09-16,11524,9842.3,45443,Low,West,OK,Plus
ST-02434,Dollar Tree #2434,2017-09-05,9795,8769.2,61393,Medium,Mid-Atlantic,NM,Plus
ST-02435,Dollar Tree #2435,2021-11-02,8188,709.0,56483,Low,Mid-Atlantic,NY,Standard
ST-02436,Dollar Tree #2436,2002-10-14,6921,4384.4,15769,Medium,West,KY,Standard
ST-02437,Dollar Tree #2437,2005-08-10,11522,10746.4,82510,Medium,Southeast,VA,Combo
ST-02438,Dollar Tree #2438,2012-06-04,12381,11185.9,86157,High,Mid-Atlantic,KY,Plus
ST-02439,Dollar Tree #2439,2005-05-21,6370,10640.3,65264,High,Mid-Atlantic,MI,Plus
ST-02440,Dollar Tree #2440,2012-07-18,8036,8700.2,90190,Medium,Northeast,NC,Plus
ST-02441,Dollar Tree #2441,2016-05-05,6530,5438.6,30047,Medium,Midwest,NY,Plus
ST-02442,Dollar Tree #2442,2004-03-12,10751,9168.6,92616,Medium,Midwest,SC,Plus
ST-02443,Dollar Tree #2443,2004-01-17,13927,6971.7,39098,Medium,West,AZ,Plus
ST-02444,Dollar Tree #2444,2022-09-08,11030,684.8,67135,Low,Midwest,AZ,Plus
ST-02445,Dollar Tree #2445,2004-09-15,10931,6993.9,65694,Low,West,AR,Standard
ST-02446,Dollar Tree #2446,2002-05-03,7756,11984.8,24804,Medium,Mid-Atlantic,GA,Standard
ST-02447,Dollar Tree #2447,2021-10-21,12675,2126.3,36813,High,Southwest,NY,Standard
ST-02448,Dollar Tree #2448,2006-08-24,9339,10754.4,54791,Low,Southeast,CA,Standard
ST-02449,Dollar Tree #2449,2010-09-17,6773,4927.2,12874,Low,Midwest,NM,Standard
ST-02450,Dollar Tree #2450,2024-05-16,7184,3293.8,90777,Low,Southwest,VA,Combo
ST-02451,Dollar Tree #2451,2001-04-23,8368,3428.5,84346,Medium,Southwest,KS,Standard
ST-02452,Dollar Tree #2452,2015-12-16,13344,10956.3,18563,Medium,Southeast,OR,Standard
ST-02453,Dollar Tree #2453,2019-09-19,12168,6650.1,15482,Medium,West,NM,Combo
ST-02454,Dollar Tree #2454,2000-07-15,12826,6703.6,22700,Medium,Northeast,IN,Standard
ST-02455,Dollar Tree #2455,2013-09-28,6856,9489.9,52788,Medium,Southeast,NM,Plus
ST-02456,Dollar Tree #2456,2020-07-09,10472,5181.8,96922,Medium,West,MS,Standard
ST-02457,Dollar Tree #2457,2022-10-13,11705,7498.8,67717,Medium,West,AZ,Plus
ST-02458,Dollar Tree #2458,2009-12-28,6739,4062.5,87116,Medium,Midwest,MS,Combo
ST-02459,Dollar Tree #2459,2001-02-04,11027,1790.3,88526,High,Southeast,CA,Combo
ST-02460,Dollar Tree #2460,2024-08-12,8018,8424.5,60002,High,Northeast,NJ,Standard
ST-02461,Dollar Tree #2461,2002-08-03,9460,8256.6,18109,Low,West,SC,Plus
ST-02462,Dollar Tree #2462,2012-04-14,8575,3132.9,94884,Low,Northeast,WI,Plus
ST-02463,Dollar Tree #2463,2008-06-12,10911,858.6,73636,Low,Northeast,TX,Plus
ST-02464,Dollar Tree #2464,2020-11-19,8466,9722.5,49152,Medium,West,NC,Standard
ST-02465,Dollar Tree #2465,2001-05-13,9072,8252.4,45910,High,West,CO,Plus
ST-02466,Dollar Tree #2466,2013-08-14,6409,4057.1,67121,Medium,Southeast,TX,Standard
ST-02467,Dollar Tree #2467,2010-07-28,8983,5982.3,68077,Medium,West,NV,Standard
ST-02468,Dollar Tree #2468,2018-08-26,13806,3840.6,51803,Low,Southeast,MS,Plus
ST-02469,Dollar Tree #2469,2019-01-14,7071,3061.7,58434,Medium,Southwest,NV,Plus
ST-02470,Dollar Tree #2470,2004-11-06,12311,5141.1,47904,Low,Northeast,AZ,Combo
ST-02471,Dollar Tree #2471,2010-10-20,8842,2901.0,17038,Low,Mid-Atlantic,NM,Combo
ST-02472,Dollar Tree #2472,2013-03-28,7529,1597.3,29943,Medium,Southeast,IA,Plus
ST-02473,Dollar Tree #2473,2013-08-23,11379,5792.6,62590,Low,Midwest,CO,Standard
ST-02474,Dollar Tree #2474,2012-01-04,6647,2287.2,23096,Low,Midwest,NM,Plus
ST-02475,Dollar Tree #2475,2008-09-26,10235,7745.1,17860,Low,West,TX,Standard
ST-02476,Dollar Tree #2476,2015-10-17,9244,5878.2,74819,Medium,Southeast,IL,Standard
ST-02477,Dollar Tree #2477,2005-10-20,13229,11312.9,68207,Low,Midwest,IN,Standard
ST-02478,Dollar Tree #2478,2022-07-26,8155,10262.4,93701,Medium,Northeast,PA,Combo
ST-02479,Dollar Tree #2479,2003-03-02,7670,6439.4,39990,High,Southwest,VA,Standard
ST-02480,Dollar Tree #2480,2013-06-23,10822,8808.1,79768,Low,Southwest,SC,Standard
ST-02481,Dollar Tree #2481,2020-03-12,8168,11386.3,32915,Medium,Southeast,NY,Combo
ST-02482,Dollar Tree #2482,2017-12-25,7905,6140.9,43189,Medium,Midwest,CA,Standard
ST-02483,Dollar Tree #2483,2021-07-09,8502,7903.3,47382,High,Southwest,VA,Combo
ST-02484,Dollar Tree #2484,2004-04-28,13209,1105.1,28342,Low,Southeast,NM,Combo
ST-02485,Dollar Tree #2485,2014-05-25,10401,7454.4,74389,High,West,CT,Standard
ST-02486,Dollar Tree #2486,2014-08-25,9261,9217.1,41836,High,Midwest,KY,Combo
ST-02487,Dollar Tree #2487,2021-12-06,10008,2202.7,35117,Medium,West,AZ,Combo
ST-02488,Dollar Tree #2488,2005-02-16,8896,8627.8,95859,Medium,Northeast,MS,Standard
ST-02489,Dollar Tree #2489,2019-07-08,12772,692.1,53116,High,Mid-Atlantic,IL,Standard
ST-02490,Dollar Tree #2490,2012-10-26,7880,4035.0,81476,Medium,Southeast,NC,Plus
ST-02491,Dollar Tree #2491,2007-06-28,7880,10596.9,11548,Low,Mid-Atlantic,MS,Combo
ST-02492,Dollar Tree #2492,2023-02-17,6566,8638.8,61948,Medium,Southwest,WI,Standard
ST-02493,Dollar Tree #2493,2016-02-27,9481,4275.0,32577,Medium,Midwest,NC,Combo
ST-02494,Dollar Tree #2494,2011-05-09,9502,831.1,79695,Low,West,NV,Standard
ST-02495,Dollar Tree #2495,2022-02-16,10937,7510.6,69026,High,West,NY,Standard
ST-02496,Dollar Tree #2496,2020-11-21,12190,10942.1,97755,Medium,Southeast,KY,Plus
ST-02497,Dollar Tree #2497,2003-03-18,9739,11532.1,77173,High,Midwest,KS,Plus
ST-02498,Dollar Tree #2498,2023-07-26,11096,6901.2,65782,Medium,West,WI,Standard
ST-02499,Dollar Tree #2499,2024-12-20,6499,3811.7,51222,Medium,West,OR,Standard
ST-02500,Dollar Tree #2500,2015-02-09,12879,5503.1,28026,Medium,Southwest,GA,Standard
ST-02501,Dollar Tree #2501,2002-12-20,10427,9022.8,59982,High,Midwest,OH,Standard
ST-02502,Dollar Tree #2502,2004-04-27,10560,7854.6,87646,Medium,Southeast,WI,Standard
ST-02503,Dollar Tree #2503,2007-10-26,6845,1981.2,24775,High,Mid-Atlantic,SC,Plus
ST-02504,Dollar Tree #2504,2000-07-27,7287,11335.7,84262,Low,Southeast,WI,Plus
ST-02505,Dollar Tree #2505,2001-12-19,10563,11104.7,31991,Low,Northeast,CA,Standard
ST-02506,Dollar Tree #2506,2000-03-08,7439,10689.8,12133,Low,Mid-Atlantic,WI,Plus
ST-02507,Dollar Tree #2507,2014-07-13,6938,734.7,13906,Medium,Mid-Atlantic,CO,Combo
ST-02508,Dollar Tree #2508,2017-11-16,11856,4757.6,11468,Medium,Northeast,AR,Standard
ST-02509,Dollar Tree #2509,2006-06-13,12527,1296.7,18088,High,Southeast,NV,Plus
ST-02510,Dollar Tree #2510,2009-06-21,7998,7765.6,21147,Medium,West,IA,Standard
ST-02511,Dollar Tree #2511,2015-05-14,12414,9062.7,82133,High,Southeast,IL,Standard
ST-02512,Dollar Tree #2512,2009-07-28,10822,3933.4,98641,Low,Northeast,TX,Standard
ST-02513,Dollar Tree #2513,2023-01-15,12842,9068.8,33904,Low,Midwest,AR,Standard
ST-02514,Dollar Tree #2514,2010-12-19,9106,5362.9,19769,Medium,Northeast,NV,Combo
ST-02515,Dollar Tree #2515,2001-07-14,13966,10783.3,61109,Medium,Midwest,FL,Standard
ST-02516,Dollar Tree #2516,2000-11-13,13505,4577.4,21343,High,Northeast,OR,Standard
ST-02517,Dollar Tree #2517,2009-01-26,9661,6591.5,23182,Medium,West,AR,Plus
ST-02518,Dollar Tree #2518,2008-10-16,6343,6369.0,11971,Medium,West,IA,Standard
ST-02519,Dollar Tree #2519,2013-07-18,7657,3671.6,28458,Medium,West,CT,Plus
ST-02520,Dollar Tree #2520,2018-10-13,7305,4783.3,70176,Low,West,GA,Plus
ST-02521,Dollar Tree #2521,2013-09-18,10260,10792.9,84154,Low,Southwest,WI,Combo
ST-02522,Dollar Tree #2522,2021-11-16,12402,7449.5,57721,Low,Midwest,MS,Plus
ST-02523,Dollar Tree #2523,2013-03-12,9715,10157.9,84625,Medium,Southwest,TX,Combo
ST-02524,Dollar Tree #2524,2019-04-05,6182,11330.6,27393,Medium,Mid-Atlantic,IA,Standard
ST-02525,Dollar Tree #2525,2014-11-17,10729,6797.0,34480,Medium,Northeast,MI,Standard
ST-02526,Dollar Tree #2526,2017-01-25,13730,11768.7,84925,Medium,Southeast,FL,Plus
ST-02527,Dollar Tree #2527,2011-06-17,8575,11663.9,25437,Medium,Southwest,IN,Standard
ST-02528,Dollar Tree #2528,2022-02-22,12127,1828.0,48901,Medium,West,OH,Standard
ST-02529,Dollar Tree #2529,2003-09-22,12530,10050.5,82276,Low,Midwest,FL,Plus
ST-02530,Dollar Tree #2530,2022-10-13,13700,1825.7,44900,Low,Southeast,PA,Plus
ST-02531,Dollar Tree #2531,2015-06-17,10813,1078.5,16998,High,Midwest,CT,Combo
ST-02532,Dollar Tree #2532,2011-05-05,6862,9915.0,55431,High,Midwest,NJ,Plus
ST-02533,Dollar Tree #2533,2001-06-14,12385,6168.4,10378,Medium,Southeast,PA,Standard
ST-02534,Dollar Tree #2534,2015-01-23,10706,413.1,16524,Low,Mid-Atlantic,AZ,Standard
ST-02535,Dollar Tree #2535,2022-06-14,8253,11417.5,70208,Low,Southeast,AR,Standard
ST-02536,Dollar Tree #2536,2008-08-06,10121,2122.9,83399,Medium,Midwest,NV,Combo
ST-02537,Dollar Tree #2537,2008-01-02,6728,5928.6,95452,Medium,Southeast,OH,Combo
ST-02538,Dollar Tree #2538,2008-12-15,7969,1263.1,65008,Low,Southwest,NM,Plus
ST-02539,Dollar Tree #2539,2024-06-01,9944,977.8,56062,Medium,Mid-Atlantic,OR,Standard
ST-02540,Dollar Tree #2540,2002-02-19,9045,11701.7,90008,Low,Southwest,NV,Standard
ST-02541,Dollar Tree #2541,2021-02-11,7523,5243.4,15717,High,Midwest,GA,Plus
ST-02542,Dollar Tree #2542,2001-10-05,7635,717.4,70604,Low,Southwest,AL,Standard
ST-02543,Dollar Tree #2543,2021-01-01,13839,5909.6,95674,Low,West,AL,Standard
ST-02544,Dollar Tree #2544,2017-12-11,11727,3657.8,94654,Low,West,WI,Plus
ST-02545,Dollar Tree #2545,2013-10-18,10694,2717.4,64018,Medium,Southeast,CO,Standard
ST-02546,Dollar Tree #2546,2008-08-25,6946,5078.4,21546,Medium,Mid-Atlantic,WI,Standard
ST-02547,Dollar Tree #2547,2015-04-26,8546,9769.1,20832,Low,Mid-Atlantic,IA,Standard
ST-02548,Dollar Tree #2548,2001-05-11,6371,2014.0,83594,High,West,AZ,Standard
ST-02549,Dollar Tree #2549,2021-03-03,9836,10730.3,37962,High,Midwest,IN,Standard
ST-02550,Dollar Tree #2550,2016-04-11,13138,11037.1,65138,Medium,Northeast,AZ,Standard
ST-02551,Dollar Tree #2551,2017-07-02,12105,5265.3,35396,Medium,West,GA,Combo
ST-02552,Dollar Tree #2552,2008-05-18,10123,2503.7,49798,Low,Midwest,MS,Standard
ST-02553,Dollar Tree #2553,2012-11-28,8440,4989.5,28074,Medium,Northeast,VA,Standard
ST-02554,Dollar Tree #2554,2001-08-27,9639,11138.7,16569,Medium,Midwest,IN,Plus
ST-02555,Dollar Tree #2555,2010-06-03,8983,11538.9,30900,Low,West,OH,Combo
ST-02556,Dollar Tree #2556,2000-10-02,10430,11255.6,52539,Low,Northeast,MO,Combo
ST-02557,Dollar Tree #2557,2022-05-24,6225,8059.8,88654,Low,Southeast,NY,Standard
ST-02558,Dollar Tree #2558,2003-08-25,10157,11308.6,22419,Medium,Mid-Atlantic,TX,Standard
ST-02559,Dollar Tree #2559,2010-05-23,13720,5453.2,60995,Low,Mid-Atlantic,OR,Standard
ST-02560,Dollar Tree #2560,2005-11-01,9326,8661.6,58621,Low,Midwest,AR,Standard
ST-02561,Dollar Tree #2561,2022-02-22,7451,11978.9,20838,High,Southeast,OH,Plus
ST-02562,Dollar Tree #2562,2010-10-12,13142,11551.4,11386,Low,Southwest,IA,Combo
ST-02563,Dollar Tree #2563,2001-02-11,6909,4179.7,33998,Medium,Mid-Atlantic,OK,Combo
ST-02564,Dollar Tree #2564,2018-05-15,11191,10709.0,54536,Low,Southwest,MI,Standard
ST-02565,Dollar Tree #2565,2015-02-25,9628,8509.4,26926,Medium,West,SC,Standard
ST-02566,Dollar Tree #2566,2011-12-24,10832,8154.0,94399,Low,Southeast,OK,Standard
ST-02567,Dollar Tree #2567,2001-01-13,8358,11497.2,91532,Low,Midwest,IA,Combo
ST-02568,Dollar Tree #2568,2000-04-23,13350,7031.9,10393,Medium,Midwest,PA,Standard
ST-02569,Dollar Tree #2569,2006-07-02,10149,7416.6,47252,Low,Northeast,SC,Standard
ST-02570,Dollar Tree #2570,2020-10-04,13826,2812.3,95713,Medium,West,CO,Standard
ST-02571,Dollar Tree #2571,2017-06-12,12225,9050.5,58994,High,West,VA,Standard
ST-02572,Dollar Tree #2572,2001-06-13,6578,592.4,63419,Medium,West,AL,Standard
ST-02573,Dollar Tree #2573,2020-01-13,10679,5256.0,81761,Low,Northeast,SC,Plus
ST-02574,Dollar Tree #2574,2022-08-16,8152,720.2,41671,Medium,West,NC,Combo
ST-02575,Dollar Tree #2575,2021-03-23,13288,11485.7,96797,Low,West,KS,Standard
ST-02576,Dollar Tree #2576,2009-10-23,13890,11841.3,39494,Low,Northeast,AZ,Plus
ST-02577,Dollar Tree #2577,2014-07-25,12947,10188.8,53800,Medium,Northeast,IL,Standard
ST-02578,Dollar Tree #2578,2020-06-27,6090,1060.0,37854,Medium,Midwest,NC,Standard
ST-02579,Dollar Tree #2579,2012-03-10,6866,5620.7,43393,Low,West,CA,Combo
ST-02580,Dollar Tree #2580,2005-11-19,11754,9393.4,38683,Low,Midwest,VA,Standard
ST-02581,Dollar Tree #2581,2002-01-24,12450,577.0,15221,High,Southwest,AR,Combo
ST-02582,Dollar Tree #2582,2001-06-08,6046,7719.0,80911,Medium,Southwest,WI,Standard
ST-02583,Dollar Tree #2583,2007-01-05,13261,10853.7,21584,Medium,Southwest,IN,Standard
ST-02584,Dollar Tree #2584,2004-10-01,8306,10777.3,53845,Medium,Midwest,IA,Plus
ST-02585,Dollar Tree #2585,2017-09-15,8648,10315.1,34388,Low,Southeast,AL,Combo
ST-02586,Dollar Tree #2586,2018-07-10,7372,4863.8,40270,Low,Southwest,OK,Standard
ST-02587,Dollar Tree #2587,2000-12-05,9748,4566.5,78244,Low,Northeast,NC,Plus
ST-02588,Dollar Tree #2588,2014-01-23,10881,1687.8,68316,Low,Northeast,MS,Standard
ST-02589,Dollar Tree #2589,2005-04-23,12159,6698.6,33715,Low,Southwest,OR,Standard
ST-02590,Dollar Tree #2590,2003-11-26,10980,8761.6,32402,Low,Midwest,NM,Plus
ST-02591,Dollar Tree #2591,2003-09-19,13453,5968.2,10560,High,Midwest,AL,Standard
ST-02592,Dollar Tree #2592,2013-02-25,6918,6137.0,37713,Medium,Midwest,VA,Plus
ST-02593,Dollar Tree #2593,2017-02-24,10821,10592.5,84576,High,Southwest,OR,Plus
ST-02594,Dollar Tree #2594,2005-12-23,6771,4704.3,77733,Low,Mid-Atlantic,CA,Standard
ST-02595,Dollar Tree #2595,2007-08-18,12271,9737.9,89150,Low,Northeast,SC,Plus
ST-02596,Dollar Tree #2596,2019-03-17,13443,7066.2,32593,Medium,Midwest,VA,Standard
ST-02597,Dollar Tree #2597,2001-11-04,10209,1829.6,72491,Low,Northeast,CA,Standard
ST-02598,Dollar Tree #2598,2017-04-20,8412,6532.5,91955,Low,Southeast,OK,Standard
ST-02599,Dollar Tree #2599,2001-05-03,8272,3489.2,46537,High,Southeast,CT,Standard
ST-02600,Dollar Tree #2600,2023-09-24,6898,979.3,57173,Medium,West,OR,Standard
ST-02601,Dollar Tree #2601,2022-01-22,7036,8881.5,11709,Low,Northeast,KY,Standard
ST-02602,Dollar Tree #2602,2001-05-23,11700,1961.4,27196,Low,Mid-Atlantic,IN,Plus
ST-02603,Dollar Tree #2603,2011-03-23,13174,1418.2,58880,High,Southeast,CA,Standard
ST-02604,Dollar Tree #2604,2016-02-14,8748,10658.8,63367,Medium,Southwest,IL,Standard
ST-02605,Dollar Tree #2605,2021-01-12,11859,9558.0,40252,Medium,Southwest,IN,Standard
ST-02606,Dollar Tree #2606,2012-10-04,11006,6539.8,27304,Low,Mid-Atlantic,TX,Combo
ST-02607,Dollar Tree #2607,2005-10-03,9405,8255.1,99887,High,Northeast,MO,Standard
ST-02608,Dollar Tree #2608,2012-10-02,13050,11349.7,86289,High,West,IL,Standard
ST-02609,Dollar Tree #2609,2000-05-08,12898,11591.3,80937,Medium,Northeast,CO,Plus
ST-02610,Dollar Tree #2610,2012-03-05,10648,1157.7,36610,Low,Southwest,MO,Standard
ST-02611,Dollar Tree #2611,2016-01-12,9324,6774.7,58309,Medium,Southwest,IN,Standard
ST-02612,Dollar Tree #2612,2012-04-23,9227,11172.4,21024,Medium,West,MS,Plus
ST-02613,Dollar Tree #2613,2011-06-02,8483,7058.3,43388,Medium,Mid-Atlantic,CA,Plus
ST-02614,Dollar Tree #2614,2013-07-07,11610,3812.8,34715,High,Southeast,AL,Plus
ST-02615,Dollar Tree #2615,2011-01-10,11302,7333.3,31925,Medium,Southeast,PA,Standard
ST-02616,Dollar Tree #2616,2012-03-14,13225,10041.5,21594,Medium,Southeast,NC,Standard
ST-02617,Dollar Tree #2617,2013-11-05,13533,9979.2,55026,High,West,OR,Standard
ST-02618,Dollar Tree #2618,2008-11-05,6830,8214.3,77271,High,Northeast,SC,Combo
ST-02619,Dollar Tree #2619,2015-10-22,11060,1357.4,91628,Medium,Southeast,KY,Standard
ST-02620,Dollar Tree #2620,2023-05-27,11826,1198.7,88746,Medium,Mid-Atlantic,AZ,Standard
ST-02621,Dollar Tree #2621,2007-04-18,8775,9699.0,27560,High,Midwest,IN,Standard
ST-02622,Dollar Tree #2622,2011-11-02,8987,6473.2,39479,Low,Midwest,IL,Standard
ST-02623,Dollar Tree #2623,2022-04-03,6644,8535.6,57951,High,West,MO,Plus
ST-02624,Dollar Tree #2624,2000-06-24,8187,4563.6,71198,High,Southwest,NM,Combo
ST-02625,Dollar Tree #2625,2018-11-09,10090,4103.7,69445,Medium,West,OR,Combo
ST-02626,Dollar Tree #2626,2008-12-25,13722,10837.6,93326,Medium,Southeast,NJ,Standard
ST-02627,Dollar Tree #2627,2013-06-19,9868,11895.3,45501,Medium,Southwest,NM,Combo
ST-02628,Dollar Tree #2628,2019-09-13,13882,9721.3,66479,Low,Midwest,PA,Standard
ST-02629,Dollar Tree #2629,2005-06-10,9030,461.1,11038,Medium,Midwest,NM,Plus
ST-02630,Dollar Tree #2630,2009-09-03,12674,4231.9,62310,Medium,Southeast,VA,Standard
ST-02631,Dollar Tree #2631,2018-07-13,8474,10162.0,33818,Low,Southeast,TX,Plus
ST-02632,Dollar Tree #2632,2008-03-08,9014,9367.7,87136,Low,Midwest,OH,Plus
ST-02633,Dollar Tree #2633,2003-05-02,11469,11453.2,95283,Medium,West,IL,Standard
ST-02634,Dollar Tree #2634,2005-07-27,6953,3751.8,51515,Medium,Southeast,OR,Standard
ST-02635,Dollar Tree #2635,2014-10-14,7802,7961.9,70017,Low,Northeast,NM,Combo
ST-02636,Dollar Tree #2636,2000-01-18,11288,8297.8,25988,Medium,West,AR,Standard
ST-02637,Dollar Tree #2637,2005-03-04,6650,4546.7,81956,Medium,Northeast,NM,Plus
ST-02638,Dollar Tree #2638,2008-06-06,7713,4480.4,96237,Medium,Mid-Atlantic,NV,Standard
ST-02639,Dollar Tree #2639,2013-09-26,9773,3265.2,99165,High,Mid-Atlantic,MO,Standard
ST-02640,Dollar Tree #2640,2003-08-07,11265,11585.5,94948,High,Northeast,OR,Plus
ST-02641,Dollar Tree #2641,2013-06-24,12720,1941.5,68288,Medium,Southwest,PA,Plus
ST-02642,Dollar Tree #2642,2013-07-22,8653,4999.5,35556,Medium,Northeast,NY,Standard
ST-02643,Dollar Tree #2643,2001-11-27,6382,11115.0,92483,High,Midwest,AR,Standard
ST-02644,Dollar Tree #2644,2014-09-03,6201,11145.3,58167,Medium,Mid-Atlantic,WI,Combo
ST-02645,Dollar Tree #2645,2001-01-01,13542,1993.4,99445,Low,Mid-Atlantic,PA,Standard
ST-02646,Dollar Tree #2646,2009-03-11,9793,8018.3,35541,Low,Southwest,TX,Plus
ST-02647,Dollar Tree #2647,2009-04-19,11671,9542.8,38523,Medium,West,MS,Combo
ST-02648,Dollar Tree #2648,2022-02-16,7347,10919.5,36012,Low,Southeast,AZ,Plus
ST-02649,Dollar Tree #2649,2011-06-23,7262,6313.6,61218,Low,Mid-Atlantic,TX,Plus
ST-02650,Dollar Tree #2650,2020-03-19,11949,7647.8,73522,Low,Midwest,PA,Combo
ST-02651,Dollar Tree #2651,2011-10-12,12776,10740.4,96412,High,Southeast,NM,Standard
ST-02652,Dollar Tree #2652,2004-03-05,11242,8380.1,68024,Low,Mid-Atlantic,CO,Standard
ST-02653,Dollar Tree #2653,2016-10-20,7427,216.8,57656,Medium,Mid-Atlantic,OR,Standard
ST-02654,Dollar Tree #2654,2011-04-05,7856,5194.1,21417,Medium,Midwest,CA,Plus
ST-02655,Dollar Tree #2655,2012-02-02,10515,11718.3,15971,Medium,Southeast,AZ,Plus
ST-02656,Dollar Tree #2656,2015-02-25,10142,9721.7,36201,Medium,Northeast,NY,Standard
ST-02657,Dollar Tree #2657,2015-02-05,9247,1377.4,94516,Medium,Southeast,NV,Plus
ST-02658,Dollar Tree #2658,2021-09-21,13879,2358.0,21749,Medium,Mid-Atlantic,MS,Combo
ST-02659,Dollar Tree #2659,2013-12-25,8147,6502.8,43852,Medium,Southwest,IL,Standard
ST-02660,Dollar Tree #2660,2014-05-05,7189,2675.9,38402,High,Southeast,PA,Standard
ST-02661,Dollar Tree #2661,2022-09-01,11199,1452.3,89616,Medium,Midwest,PA,Standard
ST-02662,Dollar Tree #2662,2017-11-28,12066,6879.7,97163,High,Mid-Atlantic,KS,Standard
ST-02663,Dollar Tree #2663,2005-12-12,9317,874.5,33991,Medium,Midwest,IL,Standard
ST-02664,Dollar Tree #2664,2020-01-13,7984,10030.8,93287,High,Southwest,KS,Standard
ST-02665,Dollar Tree #2665,2002-11-04,10354,854.0,62011,High,Southwest,NC,Standard
ST-02666,Dollar Tree #2666,2007-01-16,11480,3920.0,83254,Medium,Northeast,KY,Plus
ST-02667,Dollar Tree #2667,2010-03-01,13278,7987.9,38803,Medium,Southeast,AZ,Combo
ST-02668,Dollar Tree #2668,2001-09-26,8349,8034.8,40046,Medium,Mid-Atlantic,MO,Combo
ST-02669,Dollar Tree #2669,2011-07-03,8570,8819.9,72409,Low,Midwest,VA,Standard
ST-02670,Dollar Tree #2670,2018-02-26,7427,11254.0,96466,Low,Midwest,FL,Plus
ST-02671,Dollar Tree #2671,2023-05-03,6634,6881.5,98241,Medium,Midwest,TN,Standard
ST-02672,Dollar Tree #2672,2000-10-22,6748,6999.5,59279,Medium,Southeast,AL,Standard
ST-02673,Dollar Tree #2673,2014-09-16,8930,9697.3,17890,Medium,Northeast,MS,Standard
ST-02674,Dollar Tree #2674,2000-05-06,9560,11721.5,97380,Low,Northeast,CO,Combo
ST-02675,Dollar Tree #2675,2015-02-05,11971,8007.3,29617,Medium,Northeast,IL,Plus
ST-02676,Dollar Tree #2676,2007-12-14,13421,11370.3,62891,Medium,West,AL,Combo
ST-02677,Dollar Tree #2677,2014-07-02,10639,11467.7,72202,Low,Northeast,OH,Plus
ST-02678,Dollar Tree #2678,2015-08-08,6654,9615.1,34297,Low,Southwest,KY,Plus
ST-02679,Dollar Tree #2679,2021-01-15,13857,4201.6,85599,Medium,West,CO,Plus
ST-02680,Dollar Tree #2680,2020-09-14,8886,2999.3,93545,Low,Mid-Atlantic,OK,Plus
ST-02681,Dollar Tree #2681,2022-12-10,7663,1560.4,22018,High,Southwest,VA,Standard
ST-02682,Dollar Tree #2682,2006-01-17,11505,8756.0,85788,High,Midwest,OH,Standard
ST-02683,Dollar Tree #2683,2003-03-02,7298,1628.4,19077,Medium,Northeast,IA,Standard
ST-02684,Dollar Tree #2684,2015-07-09,8316,6843.9,69781,Medium,Southwest,TX,Combo
ST-02685,Dollar Tree #2685,2001-01-05,9447,11624.4,70852,Medium,Midwest,MI,Plus
ST-02686,Dollar Tree #2686,2021-07-16,9284,3713.4,68697,Medium,Southwest,NM,Standard
ST-02687,Dollar Tree #2687,2002-07-27,7649,4750.8,55555,Medium,Mid-Atlantic,CA,Standard
ST-02688,Dollar Tree #2688,2010-01-01,9331,3082.3,51252,High,Southeast,MO,Standard
ST-02689,Dollar Tree #2689,2001-10-24,9163,11705.6,84061,Medium,West,OH,Plus
ST-02690,Dollar Tree #2690,2014-02-04,13231,7692.9,95206,Medium,Southeast,AL,Combo
ST-02691,Dollar Tree #2691,2012-04-11,7686,784.6,58622,Medium,Southwest,CT,Standard
ST-02692,Dollar Tree #2692,2005-06-12,6902,2105.8,31115,Medium,Southwest,OK,Standard
ST-02693,Dollar Tree #2693,2013-05-08,6641,10269.2,90488,Medium,West,CO,Plus
ST-02694,Dollar Tree #2694,2018-06-20,9223,4314.4,46922,Medium,Mid-Atlantic,TN,Standard
ST-02695,Dollar Tree #2695,2009-06-25,8144,10521.0,48293,High,Southeast,MI,Combo
ST-02696,Dollar Tree #2696,2008-02-26,13345,3803.2,25900,Medium,West,NM,Plus
ST-02697,Dollar Tree #2697,2018-04-25,10976,3061.0,43879,Medium,West,IN,Standard
ST-02698,Dollar Tree #2698,2007-10-09,13184,5037.0,12251,Medium,Mid-Atlantic,AR,Combo
ST-02699,Dollar Tree #2699,2022-09-06,7196,2849.4,87767,Medium,West,TN,Standard
ST-02700,Dollar Tree #2700,2019-12-16,11927,11235.1,85447,High,West,KY,Plus
ST-02701,Dollar Tree #2701,2018-05-04,8041,2060.8,11045,Medium,Southwest,PA,Standard
ST-02702,Dollar Tree #2702,2022-03-04,13048,5849.1,15682,Medium,Midwest,MI,Plus
ST-02703,Dollar Tree #2703,2011-04-10,11163,8575.1,64106,Medium,Midwest,MO,Plus
ST-02704,Dollar Tree #2704,2004-03-02,8002,319.9,49553,Medium,West,TN,Standard
ST-02705,Dollar Tree #2705,2012-02-05,11927,7409.1,84261,Low,Northeast,PA,Combo
ST-02706,Dollar Tree #2706,2011-02-05,12379,1554.6,70485,Medium,Southwest,KS,Standard
ST-02707,Dollar Tree #2707,2016-12-20,9208,2445.7,86329,Medium,Mid-Atlantic,OK,Plus
ST-02708,Dollar Tree #2708,2000-09-14,13953,9712.7,85191,Medium,Southeast,FL,Standard
ST-02709,Dollar Tree #2709,2022-06-18,8444,2432.0,52894,Medium,Southwest,GA,Standard
ST-02710,Dollar Tree #2710,2002-04-18,10511,4577.6,36830,Medium,Southeast,IL,Plus
ST-02711,Dollar Tree #2711,2005-11-24,7111,595.1,42592,Low,Midwest,IN,Standard
ST-02712,Dollar Tree #2712,2005-05-14,7703,7941.1,12453,Medium,Southeast,OK,Plus
ST-02713,Dollar Tree #2713,2022-10-14,10132,8949.1,98447,High,Southwest,MS,Plus
ST-02714,Dollar Tree #2714,2000-01-18,12483,10839.0,95344,Medium,Mid-Atlantic,OR,Standard
ST-02715,Dollar Tree #2715,2018-05-13,12170,7074.3,16569,Low,Mid-Atlantic,FL,Combo
ST-02716,Dollar Tree #2716,2021-08-15,13284,3575.3,71055,Medium,Southeast,CA,Standard
ST-02717,Dollar Tree #2717,2006-06-02,7271,2894.9,58052,Low,Southeast,OH,Plus
ST-02718,Dollar Tree #2718,2019-05-14,9201,4192.4,68779,Medium,Mid-Atlantic,KS,Standard
ST-02719,Dollar Tree #2719,2006-04-05,10262,11929.4,91737,Low,Northeast,PA,Standard
ST-02720,Dollar Tree #2720,2004-06-13,10699,11899.8,38249,Low,Northeast,GA,Standard
ST-02721,Dollar Tree #2721,2007-04-09,9344,5727.7,18876,High,Mid-Atlantic,NY,Combo
ST-02722,Dollar Tree #2722,2013-08-12,13641,9826.3,67349,Medium,Southeast,IA,Plus
ST-02723,Dollar Tree #2723,2019-10-12,12151,9803.2,42653,High,Northeast,OH,Standard
ST-02724,Dollar Tree #2724,2020-06-07,6459,1123.3,32680,Low,Mid-Atlantic,AL,Plus
ST-02725,Dollar Tree #2725,2024-05-27,9994,2213.4,13806,Low,Midwest,OR,Standard
ST-02726,Dollar Tree #2726,2001-03-18,8424,5609.7,86221,High,Northeast,FL,Plus
ST-02727,Dollar Tree #2727,2022-03-06,11422,9605.4,48361,Low,Midwest,CA,Plus
ST-02728,Dollar Tree #2728,2023-07-27,8121,7994.5,81626,Medium,Mid-Atlantic,IA,Standard
ST-02729,Dollar Tree #2729,2015-11-21,11660,6043.3,44137,Medium,Northeast,CO,Plus
ST-02730,Dollar Tree #2730,2005-05-02,9164,4445.2,80991,Low,West,KS,Plus
ST-02731,Dollar Tree #2731,2004-11-16,11152,1950.4,76294,Low,Southeast,PA,Standard
ST-02732,Dollar Tree #2732,2019-01-26,13829,7102.2,54989,Medium,Southwest,IA,Plus
ST-02733,Dollar Tree #2733,2009-12-09,13494,6184.2,29324,Low,Southwest,GA,Combo
ST-02734,Dollar Tree #2734,2006-08-19,12303,11297.8,34419,Low,Southeast,FL,Standard
ST-02735,Dollar Tree #2735,2001-02-17,9751,11598.9,15500,Low,Mid-Atlantic,NJ,Combo
ST-02736,Dollar Tree #2736,2017-07-26,13522,8964.4,16553,High,Northeast,IN,Standard
ST-02737,Dollar Tree #2737,2015-05-23,6295,9615.7,39561,Medium,Southeast,NJ,Standard
ST-02738,Dollar Tree #2738,2018-10-20,8062,8394.5,33357,Medium,Midwest,CT,Standard
ST-02739,Dollar Tree #2739,2015-02-06,7437,1876.8,74517,Medium,Mid-Atlantic,NC,Standard
ST-02740,Dollar Tree #2740,2007-09-15,7489,2129.9,57279,Medium,Southeast,PA,Standard
ST-02741,Dollar Tree #2741,2012-03-13,11563,3981.9,44166,Medium,Mid-Atlantic,AZ,Standard
ST-02742,Dollar Tree #2742,2006-12-24,6012,8369.8,35624,Low,Midwest,MI,Standard
ST-02743,Dollar Tree #2743,2014-01-10,10114,10119.3,75417,Medium,West,AL,Standard
ST-02744,Dollar Tree #2744,2000-05-15,6170,9692.4,11353,Medium,West,OK,Plus
ST-02745,Dollar Tree #2745,2024-09-22,8861,1042.2,51054,Low,Mid-Atlantic,IN,Plus
ST-02746,Dollar Tree #2746,2008-10-23,13403,2343.6,65985,High,Mid-Atlantic,IL,Standard
ST-02747,Dollar Tree #2747,2019-12-11,9392,2951.4,34246,Medium,Southwest,MO,Standard
ST-02748,Dollar Tree #2748,2005-03-12,10646,2012.6,64835,Low,Southwest,NJ,Plus
ST-02749,Dollar Tree #2749,2002-03-26,10952,1779.1,95736,Medium,West,CT,Standard
ST-02750,Dollar Tree #2750,2004-10-10,6958,1041.8,63806,Low,Northeast,PA,Plus
ST-02751,Dollar Tree #2751,2010-06-25,11446,8473.4,62720,Low,Southwest,GA,Plus
ST-02752,Dollar Tree #2752,2021-12-26,7262,7819.9,32591,Medium,Mid-Atlantic,MI,Combo
ST-02753,Dollar Tree #2753,2024-03-02,9534,4648.4,53938,High,Midwest,CO,Plus
ST-02754,Dollar Tree #2754,2000-11-22,10515,4207.8,35497,Low,Mid-Atlantic,NY,Standard
ST-02755,Dollar Tree #2755,2020-09-25,12974,677.3,45731,Medium,West,KS,Standard
ST-02756,Dollar Tree #2756,2022-03-03,12708,7779.9,33170,Low,Northeast,AR,Standard
ST-02757,Dollar Tree #2757,2002-06-24,8425,6234.1,24765,High,Midwest,SC,Standard
ST-02758,Dollar Tree #2758,2013-09-14,10389,6094.1,62620,Medium,Northeast,NY,Plus
ST-02759,Dollar Tree #2759,2003-09-11,8147,6764.0,17666,Medium,Midwest,MI,Standard
ST-02760,Dollar Tree #2760,2021-01-02,12509,4781.6,84713,Medium,Southwest,IN,Combo
ST-02761,Dollar Tree #2761,2016-08-08,12814,3901.4,52898,High,Southwest,KY,Plus
ST-02762,Dollar Tree #2762,2009-07-24,8546,9345.8,25565,Medium,Southwest,CT,Standard
ST-02763,Dollar Tree #2763,2006-05-22,7476,1519.2,28469,High,Southwest,MS,Standard
ST-02764,Dollar Tree #2764,2005-02-07,7499,401.9,18383,Low,Midwest,OH,Plus
ST-02765,Dollar Tree #2765,2008-09-07,12519,11676.4,46884,High,Southwest,WI,Plus
ST-02766,Dollar Tree #2766,2024-12-28,6916,1262.6,90608,Medium,Southeast,AR,Plus
ST-02767,Dollar Tree #2767,2018-10-20,11021,3476.7,79054,Low,Mid-Atlantic,OH,Plus
ST-02768,Dollar Tree #2768,2022-04-04,12024,6684.7,17472,Low,Southwest,TN,Plus
ST-02769,Dollar Tree #2769,2000-12-23,12104,2183.5,10279,Low,Northeast,NJ,Standard
ST-02770,Dollar Tree #2770,2023-03-18,8757,2482.0,61908,Low,Northeast,TX,Standard
ST-02771,Dollar Tree #2771,2020-01-11,12632,2317.6,42017,Medium,Southeast,SC,Combo
ST-02772,Dollar Tree #2772,2000-06-18,11645,2109.7,64778,Medium,Southeast,OK,Plus
ST-02773,Dollar Tree #2773,2024-10-02,6488,5523.0,79990,High,Southwest,OH,Plus
ST-02774,Dollar Tree #2774,2024-07-08,13027,2880.2,82851,Low,West,CO,Plus
ST-02775,Dollar Tree #2775,2021-04-07,12672,5907.1,20918,Medium,Midwest,KY,Standard
ST-02776,Dollar Tree #2776,2020-09-26,12144,9960.4,62755,Low,Southwest,IN,Standard
ST-02777,Dollar Tree #2777,2007-07-18,8496,11588.6,24242,Low,Northeast,IL,Standard
ST-02778,Dollar Tree #2778,2021-09-26,7284,2573.3,39571,High,West,PA,Standard
ST-02779,Dollar Tree #2779,2021-09-28,10162,8826.9,39334,Medium,Southeast,IN,Combo
ST-02780,Dollar Tree #2780,2019-12-28,6518,6434.6,52646,High,Mid-Atlantic,OR,Standard
ST-02781,Dollar Tree #2781,2012-08-16,9159,1320.7,15694,Medium,Mid-Atlantic,CT,Standard
ST-02782,Dollar Tree #2782,2018-03-01,11200,10806.5,80546,Medium,Northeast,KS,Combo
ST-02783,Dollar Tree #2783,2008-04-25,6614,7529.8,71222,Medium,Southwest,TN,Standard
ST-02784,Dollar Tree #2784,2014-09-23,6906,4357.7,87780,Medium,West,KS,Plus
ST-02785,Dollar Tree #2785,2020-04-18,11675,3727.1,96604,Medium,Southeast,CT,Combo
ST-02786,Dollar Tree #2786,2000-12-27,11995,1978.0,61221,Medium,Midwest,OR,Plus
ST-02787,Dollar Tree #2787,2017-07-25,7399,7417.3,56386,Medium,Northeast,PA,Standard
ST-02788,Dollar Tree #2788,2014-04-10,11052,6185.3,84121,Low,Midwest,VA,Standard
ST-02789,Dollar Tree #2789,2019-05-22,9564,7613.6,11183,Medium,Mid-Atlantic,MI,Standard
ST-02790,Dollar Tree #2790,2018-10-01,9645,3363.8,72282,Low,West,TN,Plus
ST-02791,Dollar Tree #2791,2018-05-03,12262,5366.9,91098,Medium,Southwest,TX,Plus
ST-02792,Dollar Tree #2792,2000-09-26,10876,5596.0,99915,High,Southwest,NC,Plus
ST-02793,Dollar Tree #2793,2011-11-20,12968,6937.5,63166,Medium,Northeast,WI,Standard
ST-02794,Dollar Tree #2794,2019-09-28,8476,1528.0,70560,Low,Midwest,AR,Plus
ST-02795,Dollar Tree #2795,2016-11-11,7689,4904.3,86221,Medium,West,NY,Plus
ST-02796,Dollar Tree #2796,2009-10-18,6229,3329.6,51423,Low,West,OH,Combo
ST-02797,Dollar Tree #2797,2020-09-26,9231,10534.9,52816,Low,Northeast,AR,Standard
ST-02798,Dollar Tree #2798,2005-07-05,13873,5612.4,61997,Medium,Midwest,SC,Plus
ST-02799,Dollar Tree #2799,2001-01-27,10459,2313.9,80076,Medium,Midwest,WI,Standard
ST-02800,Dollar Tree #2800,2024-04-01,10557,10551.7,85121,Medium,Southeast,KS,Combo
ST-02801,Dollar Tree #2801,2001-06-16,8499,8067.7,80891,Medium,Southeast,CO,Plus
ST-02802,Dollar Tree #2802,2023-08-09,12827,10284.4,23891,Medium,Midwest,TN,Standard
ST-02803,Dollar Tree #2803,2000-03-15,12457,4572.6,11667,Low,Northeast,IL,Standard
ST-02804,Dollar Tree #2804,2021-06-24,9197,9165.3,62860,Low,West,NV,Plus
ST-02805,Dollar Tree #2805,2011-11-07,6141,10951.7,56849,Medium,Midwest,NY,Plus
ST-02806,Dollar Tree #2806,2008-10-07,12762,5371.6,80957,High,Midwest,TN,Plus
ST-02807,Dollar Tree #2807,2018-01-17,12235,5862.3,12556,High,Northeast,WI,Plus
ST-02808,Dollar Tree #2808,2005-07-21,12583,612.0,24810,High,Southeast,TN,Standard
ST-02809,Dollar Tree #2809,2022-02-02,7891,3402.3,48748,Medium,Midwest,PA,Plus
ST-02810,Dollar Tree #2810,2019-01-13,9964,3436.3,54950,Medium,West,NV,Plus
ST-02811,Dollar Tree #2811,2011-03-10,13700,655.7,28581,Low,Northeast,VA,Standard
ST-02812,Dollar Tree #2812,2019-10-14,13145,5836.7,51343,Medium,Southeast,OH,Standard
ST-02813,Dollar Tree #2813,2003-10-01,8717,2983.8,93257,High,Mid-Atlantic,MI,Plus
ST-02814,Dollar Tree #2814,2000-05-16,8517,5868.7,60960,Medium,West,MI,Combo
ST-02815,Dollar Tree #2815,2010-06-20,7825,7289.2,52763,Low,Northeast,KS,Standard
ST-02816,Dollar Tree #2816,2017-04-11,6050,5971.4,20726,Low,Midwest,VA,Combo
ST-02817,Dollar Tree #2817,2011-04-04,7361,8477.9,88110,Low,Northeast,CT,Standard
ST-02818,Dollar Tree #2818,2012-03-22,7514,11368.8,18911,High,Southwest,GA,Combo
ST-02819,Dollar Tree #2819,2004-11-15,10052,2053.2,45481,Medium,Mid-Atlantic,SC,Combo
ST-02820,Dollar Tree #2820,2007-10-12,10552,3987.6,98487,Medium,West,VA,Standard
ST-02821,Dollar Tree #2821,2005-10-22,8500,2209.7,55387,Low,Mid-Atlantic,KS,Standard
ST-02822,Dollar Tree #2822,2003-07-04,10115,4066.8,58266,Medium,Northeast,IN,Standard
ST-02823,Dollar Tree #2823,2001-06-02,10334,10249.8,16181,Medium,Midwest,CO,Standard
ST-02824,Dollar Tree #2824,2008-08-15,8517,3377.1,40188,Medium,Mid-Atlantic,IL,Standard
ST-02825,Dollar Tree #2825,2024-03-10,9591,10511.4,48770,Low,Southwest,NY,Standard
ST-02826,Dollar Tree #2826,2018-05-23,12600,11763.8,70222,Low,Midwest,MI,Plus
ST-02827,Dollar Tree #2827,2006-01-11,7895,5962.3,80033,Low,Southeast,IL,Standard
ST-02828,Dollar Tree #2828,2016-04-14,6681,10511.4,18997,High,Southeast,GA,Combo
ST-02829,Dollar Tree #2829,2016-10-06,9498,11248.8,77237,Medium,West,SC,Standard
ST-02830,Dollar Tree #2830,2017-02-12,12507,2254.2,81212,Medium,Southeast,TX,Standard
ST-02831,Dollar Tree #2831,2017-07-06,8588,8274.4,51085,Low,Northeast,IN,Combo
ST-02832,Dollar Tree #2832,2009-07-11,12813,7998.5,52917,High,Southeast,MO,Plus
ST-02833,Dollar Tree #2833,2001-02-17,10624,10389.0,56693,Medium,Mid-Atlantic,MO,Standard
ST-02834,Dollar Tree #2834,2009-05-28,9125,6059.5,72808,Medium,Mid-Atlantic,AZ,Standard
ST-02835,Dollar Tree #2835,2018-07-19,13636,970.6,50683,Low,Southeast,AR,Plus
ST-02836,Dollar Tree #2836,2004-10-20,10715,3232.0,59292,High,Southwest,NC,Standard
ST-02837,Dollar Tree #2837,2001-10-19,10711,7112.9,13800,High,Northeast,NY,Standard
ST-02838,Dollar Tree #2838,2017-10-18,8787,5860.3,85686,Low,West,NV,Standard
ST-02839,Dollar Tree #2839,2021-12-11,7341,1323.4,21139,Medium,West,TN,Combo
ST-02840,Dollar Tree #2840,2016-05-10,7394,7876.5,61100,Medium,Mid-Atlantic,WI,Plus
ST-02841,Dollar Tree #2841,2009-10-25,13693,10831.1,97817,Medium,Mid-Atlantic,IN,Plus
ST-02842,Dollar Tree #2842,2011-08-06,10596,10947.9,58619,Medium,Midwest,KY,Combo
ST-02843,Dollar Tree #2843,2018-06-25,10259,1691.7,77936,High,Northeast,AR,Plus
ST-02844,Dollar Tree #2844,2001-03-05,6585,5405.1,86520,Medium,Mid-Atlantic,SC,Plus
ST-02845,Dollar Tree #2845,2021-11-28,11170,10095.4,28043,Medium,West,SC,Standard
ST-02846,Dollar Tree #2846,2020-10-28,9701,10804.8,70571,Low,Midwest,IA,Plus
ST-02847,Dollar Tree #2847,2016-05-09,13581,4079.0,22960,Medium,Southeast,TN,Plus
ST-02848,Dollar Tree #2848,2024-03-17,9204,11788.1,23737,Low,Southeast,CT,Standard
ST-02849,Dollar Tree #2849,2020-01-07,10326,6132.8,66939,Medium,Northeast,IA,Standard
ST-02850,Dollar Tree #2850,2018-04-20,10027,10044.6,20457,Medium,Midwest,AL,Standard
ST-02851,Dollar Tree #2851,2000-12-26,11056,7949.0,85085,High,Southeast,AR,Standard
ST-02852,Dollar Tree #2852,2014-08-19,6384,4570.8,29373,Medium,Southwest,NM,Plus
ST-02853,Dollar Tree #2853,2018-04-08,12742,9514.0,21721,High,Mid-Atlantic,VA,Combo
ST-02854,Dollar Tree #2854,2016-09-25,6169,9103.6,70906,High,Northeast,IA,Combo
ST-02855,Dollar Tree #2855,2010-04-05,11515,4855.9,25930,Low,West,GA,Plus
ST-02856,Dollar Tree #2856,2002-01-08,13852,10320.3,26469,Medium,Southwest,MI,Standard
ST-02857,Dollar Tree #2857,2020-06-12,6993,3071.5,65914,Low,West,CA,Combo
ST-02858,Dollar Tree #2858,2016-06-27,10382,9611.7,75835,High,Northeast,CA,Standard
ST-02859,Dollar Tree #2859,2010-01-05,8452,2703.7,70429,Low,Southwest,FL,Standard
ST-02860,Dollar Tree #2860,2022-09-16,7684,4673.6,62698,Low,Southwest,FL,Standard
ST-02861,Dollar Tree #2861,2022-06-17,11903,7275.1,84494,Low,Southeast,NJ,Standard
ST-02862,Dollar Tree #2862,2019-01-23,6058,7594.2,81375,Medium,Southwest,FL,Standard
ST-02863,Dollar Tree #2863,2020-05-15,11453,3106.5,95283,Medium,Southwest,AR,Plus
ST-02864,Dollar Tree #2864,2007-10-16,10653,2394.1,55444,Low,Northeast,AZ,Standard
ST-02865,Dollar Tree #2865,2007-07-22,11025,702.5,27566,Medium,Southeast,MO,Plus
ST-02866,Dollar Tree #2866,2005-08-01,13006,2069.2,87922,Medium,Mid-Atlantic,AZ,Plus
ST-02867,Dollar Tree #2867,2000-06-08,8416,2289.7,20775,Medium,Midwest,NC,Standard
ST-02868,Dollar Tree #2868,2022-11-14,6627,612.6,23741,Medium,Mid-Atlantic,IN,Standard
ST-02869,Dollar Tree #2869,2020-04-11,10386,10491.9,93206,Medium,Southwest,AR,Standard
ST-02870,Dollar Tree #2870,2001-06-04,6306,2429.1,83428,Medium,Northeast,PA,Plus
ST-02871,Dollar Tree #2871,2006-01-09,7169,5942.0,37332,Medium,Southeast,NM,Plus
ST-02872,Dollar Tree #2872,2003-05-21,8123,8181.9,69413,Low,West,IA,Plus
ST-02873,Dollar Tree #2873,2007-10-11,12506,2694.7,12832,Medium,Southwest,AL,Standard
ST-02874,Dollar Tree #2874,2013-08-13,8130,8403.0,96412,Medium,Mid-Atlantic,OR,Standard
ST-02875,Dollar Tree #2875,2018-03-06,10142,6531.7,46466,Medium,West,IN,Standard
ST-02876,Dollar Tree #2876,2010-06-04,13009,8541.6,53076,Medium,Mid-Atlantic,NV,Plus
ST-02877,Dollar Tree #2877,2004-08-04,9715,3337.4,35761,Low,Mid-Atlantic,TN,Plus
ST-02878,Dollar Tree #2878,2017-02-26,6865,9139.2,45519,High,Northeast,IL,Standard
ST-02879,Dollar Tree #2879,2006-10-17,12225,6368.1,18520,Medium,Southwest,IL,Plus
ST-02880,Dollar Tree #2880,2015-08-21,12122,4437.9,77104,Low,Mid-Atlantic,GA,Standard
ST-02881,Dollar Tree #2881,2012-05-25,9890,5504.2,42908,Low,Southeast,OR,Standard
ST-02882,Dollar Tree #2882,2019-01-20,13480,1530.1,55758,Low,West,AR,Combo
ST-02883,Dollar Tree #2883,2013-01-06,10464,1707.1,27464,Medium,Midwest,MS,Standard
ST-02884,Dollar Tree #2884,2001-05-03,11367,10199.1,40493,Low,West,CA,Combo
ST-02885,Dollar Tree #2885,2020-06-15,9783,1780.6,45196,Medium,Northeast,TX,Standard
ST-02886,Dollar Tree #2886,2022-12-16,11648,7180.5,45666,Low,West,IL,Standard
ST-02887,Dollar Tree #2887,2008-06-25,7967,10114.2,94311,Low,Northeast,CO,Plus
ST-02888,Dollar Tree #2888,2022-10-10,6809,11466.1,28932,Low,Midwest,SC,Plus
ST-02889,Dollar Tree #2889,2000-10-24,12024,6784.6,29794,High,Southwest,NC,Plus
ST-02890,Dollar Tree #2890,2013-04-06,7453,4603.7,75012,Medium,Southeast,OH,Standard
ST-02891,Dollar Tree #2891,2000-05-27,13291,8388.0,98270,Low,Southeast,TN,Standard
ST-02892,Dollar Tree #2892,2003-09-27,11094,809.1,35220,Medium,Southwest,WI,Plus
ST-02893,Dollar Tree #2893,2003-12-13,7762,793.1,11572,Low,West,AZ,Plus
ST-02894,Dollar Tree #2894,2022-11-06,6459,11224.2,29850,Low,Northeast,CO,Standard
ST-02895,Dollar Tree #2895,2024-04-13,13317,9670.5,27765,Low,West,NJ,Standard
ST-02896,Dollar Tree #2896,2013-09-19,6255,317.7,70928,Medium,West,VA,Standard
ST-02897,Dollar Tree #2897,2001-02-16,7993,1811.4,83804,Low,Northeast,MS,Plus
ST-02898,Dollar Tree #2898,2006-10-15,6732,2436.2,14536,High,Southwest,OH,Standard
ST-02899,Dollar Tree #2899,2002-02-07,10428,9793.4,84235,Low,Mid-Atlantic,WI,Plus
ST-02900,Dollar Tree #2900,2002-11-13,10060,1881.9,25722,Low,Midwest,VA,Combo
ST-02901,Dollar Tree #2901,2024-05-24,9338,9549.7,75008,Low,West,OH,Plus
ST-02902,Dollar Tree #2902,2002-08-27,6051,5566.5,50159,Low,Southwest,CA,Standard
ST-02903,Dollar Tree #2903,2007-05-10,13019,9480.9,27268,Low,Midwest,PA,Standard
ST-02904,Dollar Tree #2904,2020-07-01,7180,4239.4,38137,Medium,Midwest,IA,Standard
ST-02905,Dollar Tree #2905,2004-12-22,11983,400.8,45598,Medium,Mid-Atlantic,AR,Plus
ST-02906,Dollar Tree #2906,2015-03-13,11054,466.7,98395,Low,Southwest,KY,Combo
ST-02907,Dollar Tree #2907,2011-06-04,7840,11090.8,71646,Medium,Northeast,KY,Plus
ST-02908,Dollar Tree #2908,2019-05-24,10564,484.5,98752,Low,Midwest,NJ,Combo
ST-02909,Dollar Tree #2909,2011-10-18,8873,1521.0,14856,Low,Northeast,NY,Plus
ST-02910,Dollar Tree #2910,2021-02-11,13824,11175.7,86210,Low,Southeast,MS,Plus
ST-02911,Dollar Tree #2911,2017-07-25,11759,3569.3,89514,Medium,Southwest,NC,Plus
ST-02912,Dollar Tree #2912,2017-07-26,13199,10918.0,77331,High,Southwest,PA,Standard
ST-02913,Dollar Tree #2913,2014-07-02,13437,314.1,78880,Medium,Midwest,IN,Standard
ST-02914,Dollar Tree #2914,2000-09-24,7890,5372.2,96160,Medium,Northeast,AL,Standard
ST-02915,Dollar Tree #2915,2018-01-16,8388,7512.6,84351,Low,Northeast,TN,Standard
ST-02916,Dollar Tree #2916,2001-01-13,10679,8896.3,79348,Low,Southwest,CO,Combo
ST-02917,Dollar Tree #2917,2020-03-27,7616,9468.0,40207,Medium,West,NC,Plus
ST-02918,Dollar Tree #2918,2013-05-15,13737,11416.9,76082,Low,Northeast,GA,Plus
ST-02919,Dollar Tree #2919,2016-07-11,8247,5294.0,29403,High,Northeast,OH,Standard
ST-02920,Dollar Tree #2920,2005-04-24,11954,6001.7,29449,Low,Midwest,NV,Standard
ST-02921,Dollar Tree #2921,2000-04-25,7784,223.3,12702,Low,West,WI,Plus
ST-02922,Dollar Tree #2922,2007-05-24,11851,11930.0,69432,Low,West,NY,Plus
ST-02923,Dollar Tree #2923,2000-01-17,10268,6946.5,84465,Low,Northeast,NC,Standard
ST-02924,Dollar Tree #2924,2012-01-01,10748,11468.4,22103,Medium,West,IA,Combo
ST-02925,Dollar Tree #2925,2020-03-27,7925,1838.6,74811,Low,Southwest,CT,Plus
ST-02926,Dollar Tree #2926,2021-09-25,10728,8775.7,90973,Low,Southwest,TX,Plus
ST-02927,Dollar Tree #2927,2023-06-10,10450,11870.1,20774,Medium,Southwest,MO,Standard
ST-02928,Dollar Tree #2928,2012-04-02,6415,472.1,88213,Medium,West,NC,Combo
ST-02929,Dollar Tree #2929,2007-04-14,6972,10705.8,42023,Medium,Northeast,NM,Standard
ST-02930,Dollar Tree #2930,2016-02-11,6757,8013.4,82783,High,Midwest,OR,Standard
ST-02931,Dollar Tree #2931,2010-09-05,12219,6965.3,50507,Low,Northeast,IL,Combo
ST-02932,Dollar Tree #2932,2008-11-01,6560,4483.6,52459,Low,Midwest,TN,Plus
ST-02933,Dollar Tree #2933,2000-08-11,9072,11332.7,89588,Medium,Midwest,MI,Plus
ST-02934,Dollar Tree #2934,2022-05-28,9313,5296.9,29434,High,Northeast,NY,Standard
ST-02935,Dollar Tree #2935,2017-03-09,13219,7798.8,12101,Low,Mid-Atlantic,IA,Plus
ST-02936,Dollar Tree #2936,2002-12-17,7246,11063.7,95539,Low,West,IN,Plus
ST-02937,Dollar Tree #2937,2024-05-01,7222,11539.5,61259,Low,Northeast,WI,Standard
ST-02938,Dollar Tree #2938,2016-02-16,8146,8328.2,27818,Medium,Southeast,MS,Standard
ST-02939,Dollar Tree #2939,2020-04-14,8552,2085.3,39133,Medium,Southwest,TX,Standard
ST-02940,Dollar Tree #2940,2009-02-06,11077,1317.5,83402,Low,West,OR,Standard
ST-02941,Dollar Tree #2941,2003-09-04,11624,5140.3,19102,High,Southeast,MS,Combo
ST-02942,Dollar Tree #2942,2010-06-19,6146,3585.0,62111,Low,Northeast,CA,Plus
ST-02943,Dollar Tree #2943,2019-03-08,6453,3321.1,63529,Low,Northeast,FL,Standard
ST-02944,Dollar Tree #2944,2017-04-17,7174,5607.7,13882,Low,Mid-Atlantic,NV,Combo
ST-02945,Dollar Tree #2945,2005-04-05,10651,8873.1,92201,Medium,Northeast,NJ,Standard
ST-02946,Dollar Tree #2946,2004-01-21,13409,3321.0,79776,High,Midwest,TX,Plus
ST-02947,Dollar Tree #2947,2023-07-14,12155,4036.2,43888,Medium,Southwest,CT,Standard
ST-02948,Dollar Tree #2948,2009-11-06,13322,1903.1,67646,Medium,Southeast,KS,Combo
ST-02949,Dollar Tree #2949,2009-07-27,13916,496.8,91531,Low,Midwest,GA,Standard
ST-02950,Dollar Tree #2950,2011-08-24,12090,9622.9,36864,High,Midwest,MO,Standard
ST-02951,Dollar Tree #2951,2008-04-12,10573,11541.0,20888,Medium,Southwest,SC,Standard
ST-02952,Dollar Tree #2952,2005-06-25,6831,9043.5,26543,Medium,Mid-Atlantic,OH,Plus
ST-02953,Dollar Tree #2953,2014-01-17,9211,10198.2,60780,Medium,Mid-Atlantic,MS,Plus
ST-02954,Dollar Tree #2954,2004-03-09,6627,11485.4,91448,Medium,Southwest,KS,Plus
ST-02955,Dollar Tree #2955,2014-09-28,12916,3380.8,91729,Medium,Southwest,IN,Standard
ST-02956,Dollar Tree #2956,2021-03-19,6492,7741.5,57396,Low,Northeast,TN,Standard
ST-02957,Dollar Tree #2957,2016-05-17,10633,5903.8,49496,Low,Southeast,GA,Standard
ST-02958,Dollar Tree #2958,2008-04-10,6439,3825.4,64955,High,Southwest,SC,Standard
ST-02959,Dollar Tree #2959,2003-03-03,8754,9529.4,66731,Medium,West,CT,Standard
ST-02960,Dollar Tree #2960,2005-06-09,10709,9470.7,12253,Medium,Mid-Atlantic,OR,Standard
ST-02961,Dollar Tree #2961,2009-11-27,6720,9243.7,23248,High,Mid-Atlantic,CO,Plus
ST-02962,Dollar Tree #2962,2024-04-18,10509,1147.6,29235,Medium,Southeast,TX,Combo
ST-02963,Dollar Tree #2963,2013-04-10,7846,4180.9,86907,Medium,West,KS,Plus
ST-02964,Dollar Tree #2964,2005-12-03,10327,6298.4,86898,Medium,West,TX,Plus
ST-02965,Dollar Tree #2965,2012-05-28,12341,415.8,22889,Low,Northeast,OH,Standard
ST-02966,Dollar Tree #2966,2005-06-10,7606,7946.8,46564,Low,Mid-Atlantic,OH,Standard
ST-02967,Dollar Tree #2967,2000-02-23,9288,801.3,90124,High,West,TN,Standard
ST-02968,Dollar Tree #2968,2007-08-05,6823,8619.7,94129,Medium,Southwest,CA,Standard
ST-02969,Dollar Tree #2969,2006-03-02,11725,2579.4,87945,Medium,West,AR,Plus
ST-02970,Dollar Tree #2970,2019-10-02,6656,1255.7,46178,Low,Northeast,IL,Standard
ST-02971,Dollar Tree #2971,2015-02-08,6876,9052.5,75061,High,Northeast,AL,Plus
ST-02972,Dollar Tree #2972,2024-11-18,9399,737.9,23757,High,Southwest,NV,Standard
ST-02973,Dollar Tree #2973,2024-06-22,11859,7478.7,16675,High,West,NC,Standard
ST-02974,Dollar Tree #2974,2018-11-10,12925,11742.6,71165,Medium,Midwest,KS,Standard
ST-02975,Dollar Tree #2975,2000-11-04,6631,2631.2,67350,Medium,Southeast,VA,Plus
ST-02976,Dollar Tree #2976,2005-12-04,6185,5776.1,31819,Medium,West,OK,Plus
ST-02977,Dollar Tree #2977,2016-12-01,9863,1823.7,71339,Medium,Northeast,OR,Standard
ST-02978,Dollar Tree #2978,2014-02-14,6866,5235.7,82420,High,West,NY,Plus
ST-02979,Dollar Tree #2979,2015-03-05,13321,2593.1,88082,Medium,Mid-Atlantic,AZ,Standard
ST-02980,Dollar Tree #2980,2015-08-25,6988,6518.6,73591,Medium,Southeast,CA,Plus
ST-02981,Dollar Tree #2981,2013-09-28,6868,10816.1,10914,Low,Midwest,SC,Standard
ST-02982,Dollar Tree #2982,2021-12-23,10497,4522.8,56123,Medium,West,CA,Standard
ST-02983,Dollar Tree #2983,2005-11-09,11481,10443.9,35448,Low,Southeast,NV,Plus
ST-02984,Dollar Tree #2984,2005-03-27,6995,4810.3,14987,Medium,West,OK,Plus
ST-02985,Dollar Tree #2985,2017-06-28,9734,3263.1,97343,Medium,Northeast,AZ,Plus
ST-02986,Dollar Tree #2986,2021-11-12,6543,5355.8,25518,Low,West,KS,Standard
ST-02987,Dollar Tree #2987,2022-12-05,6732,3997.9,25130,Medium,Midwest,AR,Standard
ST-02988,Dollar Tree #2988,2012-02-01,9934,11147.4,38519,Low,Midwest,CA,Combo
ST-02989,Dollar Tree #2989,2016-05-26,7282,3528.4,37771,High,Mid-Atlantic,OR,Standard
ST-02990,Dollar Tree #2990,2019-09-28,7819,7019.1,47821,Medium,Midwest,WI,Standard
ST-02991,Dollar Tree #2991,2007-01-01,8469,10971.9,65716,Medium,Northeast,AR,Standard
ST-02992,Dollar Tree #2992,2010-04-02,7207,1391.0,19341,Medium,Southwest,CT,Standard
ST-02993,Dollar Tree #2993,2024-12-18,9179,8439.8,62989,High,Southeast,GA,Combo
ST-02994,Dollar Tree #2994,2019-06-08,8538,6689.4,22251,Low,Midwest,TX,Standard
ST-02995,Dollar Tree #2995,2024-05-16,9445,3263.0,30377,Medium,West,AR,Plus
ST-02996,Dollar Tree #2996,2013-02-11,9870,3112.0,54166,Medium,Mid-Atlantic,IA,Standard
ST-02997,Dollar Tree #2997,2004-09-25,6625,10888.8,74576,Medium,Northeast,PA,Standard
ST-02998,Dollar Tree #2998,2018-06-25,10610,6073.5,22905,Medium,Midwest,NC,Standard
ST-02999,Dollar Tree #2999,2012-11-02,12245,8123.1,88454,Medium,Southeast,GA,Combo
ST-03000,Dollar Tree #3000,2012-01-05,8421,9483.9,67033,High,Midwest,IA,Standard
ST-03001,Dollar Tree #3001,2013-08-15,7157,632.8,18474,Medium,Northeast,TX,Plus
ST-03002,Dollar Tree #3002,2006-01-27,10096,5673.4,57402,Medium,Midwest,IA,Combo
ST-03003,Dollar Tree #3003,2015-09-21,12165,2912.6,97107,High,Northeast,IL,Standard
ST-03004,Dollar Tree #3004,2015-06-10,7869,6454.9,34341,Medium,Midwest,AR,Standard
ST-03005,Dollar Tree #3005,2009-09-28,8656,8527.0,98043,Low,Southwest,CA,Standard
ST-03006,Dollar Tree #3006,2018-03-11,8126,9292.8,61698,High,West,AZ,Standard
ST-03007,Dollar Tree #3007,2014-03-18,10228,10040.1,15989,Medium,Southwest,TN,Standard
ST-03008,Dollar Tree #3008,2004-01-15,11346,10729.9,99547,Low,Southeast,MO,Standard
ST-03009,Dollar Tree #3009,2022-04-11,7705,8774.2,62545,Medium,Southwest,OR,Standard
ST-03010,Dollar Tree #3010,2011-10-05,7784,10738.8,66523,High,West,AR,Plus
ST-03011,Dollar Tree #3011,2019-01-14,13339,8127.5,13959,Medium,West,NM,Plus
ST-03012,Dollar Tree #3012,2012-10-22,7914,2281.1,53857,Medium,Southeast,NC,Standard
ST-03013,Dollar Tree #3013,2011-01-22,10299,11334.4,89165,Low,Southwest,IL,Plus
ST-03014,Dollar Tree #3014,2013-12-03,13839,10876.7,88142,Medium,Southwest,NC,Standard
ST-03015,Dollar Tree #3015,2010-04-22,11375,8906.8,63935,Medium,Northeast,CT,Plus
ST-03016,Dollar Tree #3016,2016-10-15,10094,8586.0,55123,Medium,Southeast,TN,Standard
ST-03017,Dollar Tree #3017,2018-12-28,6226,3046.6,79070,Medium,Southeast,KS,Standard
ST-03018,Dollar Tree #3018,2015-04-28,9296,9045.0,27070,Medium,Mid-Atlantic,IL,Standard
ST-03019,Dollar Tree #3019,2001-12-06,7437,11335.6,29297,Medium,Northeast,NY,Standard
ST-03020,Dollar Tree #3020,2014-06-21,13266,5983.1,89527,Low,Southwest,NY,Plus
ST-03021,Dollar Tree #3021,2005-01-25,8412,2059.9,81197,Medium,Northeast,MI,Standard
ST-03022,Dollar Tree #3022,2017-07-19,10533,2945.7,59125,Low,Northeast,AR,Plus
ST-03023,Dollar Tree #3023,2018-01-07,10788,10306.4,33484,Low,Northeast,NV,Standard
ST-03024,Dollar Tree #3024,2023-07-19,12510,6685.2,22537,Medium,Southeast,OK,Plus
ST-03025,Dollar Tree #3025,2008-08-27,6634,914.5,81613,Low,Northeast,IN,Plus
ST-03026,Dollar Tree #3026,2024-01-07,12604,11973.9,62436,Low,Southwest,NV,Standard
ST-03027,Dollar Tree #3027,2010-11-01,13711,588.2,86454,Low,Southeast,OH,Plus
ST-03028,Dollar Tree #3028,2014-03-09,13510,3500.0,85703,Low,Northeast,KS,Plus
ST-03029,Dollar Tree #3029,2005-10-09,12410,5434.5,41675,Medium,Northeast,SC,Standard
ST-03030,Dollar Tree #3030,2018-01-24,9257,9123.5,52611,Medium,Northeast,OH,Standard
ST-03031,Dollar Tree #3031,2019-12-20,12697,11842.4,52604,Low,Mid-Atlantic,CO,Standard
ST-03032,Dollar Tree #3032,2023-10-08,7042,5651.8,30709,Medium,Southeast,SC,Standard
ST-03033,Dollar Tree #3033,2005-10-04,12735,4773.9,55621,High,Northeast,MI,Plus
ST-03034,Dollar Tree #3034,2013-01-05,12803,5279.3,65021,Medium,Southwest,KY,Standard
ST-03035,Dollar Tree #3035,2005-08-28,7361,6725.0,49809,Medium,Southeast,AL,Plus
ST-03036,Dollar Tree #3036,2008-10-24,11133,7119.3,13066,Medium,Mid-Atlantic,TX,Plus
ST-03037,Dollar Tree #3037,2017-07-10,12685,232.9,74901,Medium,Southwest,KS,Standard
ST-03038,Dollar Tree #3038,2005-01-18,6083,8048.3,23537,Medium,Southeast,CO,Standard
ST-03039,Dollar Tree #3039,2005-03-25,6636,10868.6,49228,Low,West,CA,Standard
ST-03040,Dollar Tree #3040,2008-09-19,13486,608.2,39513,Low,Southeast,NJ,Standard
ST-03041,Dollar Tree #3041,2007-04-06,6053,11497.4,42070,Medium,Northeast,CA,Standard
ST-03042,Dollar Tree #3042,2011-11-26,8714,4259.8,17782,Low,West,NV,Combo
ST-03043,Dollar Tree #3043,2007-06-10,8691,9595.3,99515,Low,Southeast,KS,Plus
ST-03044,Dollar Tree #3044,2018-09-27,10541,9740.7,47334,High,Southeast,CO,Standard
ST-03045,Dollar Tree #3045,2024-04-07,13169,2114.0,42281,Medium,Southeast,AL,Plus
ST-03046,Dollar Tree #3046,2004-01-26,10402,514.5,83967,High,Mid-Atlantic,SC,Combo
ST-03047,Dollar Tree #3047,2007-02-05,12812,11597.8,45319,Medium,Northeast,OH,Plus
ST-03048,Dollar Tree #3048,2001-08-25,8730,9066.0,61487,Medium,West,CO,Plus
ST-03049,Dollar Tree #3049,2004-01-04,7168,3064.2,75065,Medium,Southeast,FL,Plus
ST-03050,Dollar Tree #3050,2014-05-19,9044,3478.7,18593,Low,Southwest,OH,Plus
ST-03051,Dollar Tree #3051,2024-05-21,6761,6883.0,68738,Medium,West,MS,Standard
ST-03052,Dollar Tree #3052,2018-03-06,9240,5466.8,40025,Low,Southwest,NJ,Standard
ST-03053,Dollar Tree #3053,2023-07-05,13734,5197.9,45922,Medium,Midwest,PA,Combo
ST-03054,Dollar Tree #3054,2016-11-13,8063,4720.5,28594,High,Northeast,NV,Plus
ST-03055,Dollar Tree #3055,2013-02-15,12624,9244.1,13466,Low,West,AL,Standard
ST-03056,Dollar Tree #3056,2021-12-18,13392,3369.2,28013,Medium,Northeast,IL,Standard
ST-03057,Dollar Tree #3057,2022-02-03,8898,8354.8,53498,Medium,Northeast,VA,Standard
ST-03058,Dollar Tree #3058,2008-04-24,12323,1847.0,86269,High,Northeast,MI,Standard
ST-03059,Dollar Tree #3059,2021-01-17,12974,5411.1,87500,Medium,Mid-Atlantic,PA,Standard
ST-03060,Dollar Tree #3060,2014-10-05,9066,8370.6,42941,Low,Southeast,FL,Plus
ST-03061,Dollar Tree #3061,2017-04-23,12706,3201.6,98526,Medium,Mid-Atlantic,NM,Plus
ST-03062,Dollar Tree #3062,2003-10-06,12028,11146.5,10973,Medium,West,MO,Plus
ST-03063,Dollar Tree #3063,2001-07-16,11194,4710.0,85311,Low,Southeast,NV,Standard
ST-03064,Dollar Tree #3064,2024-03-19,10829,11836.9,66360,Medium,Northeast,NJ,Plus
ST-03065,Dollar Tree #3065,2001-03-11,9827,8653.7,97230,Medium,Southwest,NC,Standard
ST-03066,Dollar Tree #3066,2016-06-21,10124,9470.2,57091,High,West,WI,Standard
ST-03067,Dollar Tree #3067,2023-09-06,13968,9343.1,67310,High,Southwest,PA,Plus
ST-03068,Dollar Tree #3068,2005-01-24,10160,3340.3,73210,Low,Mid-Atlantic,AL,Standard
ST-03069,Dollar Tree #3069,2011-05-07,13063,9405.6,51796,High,Midwest,FL,Plus
ST-03070,Dollar Tree #3070,2012-03-18,7302,2236.8,55922,Low,Northeast,SC,Standard
ST-03071,Dollar Tree #3071,2011-12-26,11436,11219.1,63180,Low,Midwest,IN,Standard
ST-03072,Dollar Tree #3072,2017-07-07,10824,9173.7,33629,High,Northeast,FL,Standard
ST-03073,Dollar Tree #3073,2005-04-09,6714,3592.2,85156,Low,West,TX,Standard
ST-03074,Dollar Tree #3074,2019-12-21,9420,4854.1,68115,Low,Southeast,TN,Plus
ST-03075,Dollar Tree #3075,2000-05-27,13306,4243.8,16896,Medium,Midwest,TN,Standard
ST-03076,Dollar Tree #3076,2005-02-16,12848,3563.5,15156,Low,Mid-Atlantic,GA,Plus
ST-03077,Dollar Tree #3077,2002-01-24,12228,1195.9,38784,Low,Midwest,IA,Standard
ST-03078,Dollar Tree #3078,2017-10-06,7101,2091.8,70775,Low,Northeast,AL,Standard
ST-03079,Dollar Tree #3079,2012-01-23,6383,5154.5,12787,Medium,Southeast,IN,Plus
ST-03080,Dollar Tree #3080,2021-01-11,9276,3515.6,24535,High,Mid-Atlantic,TN,Standard
ST-03081,Dollar Tree #3081,2015-07-28,7063,4812.9,38624,High,West,OR,Standard
ST-03082,Dollar Tree #3082,2000-01-19,8667,2893.6,32736,Low,Midwest,TN,Standard
ST-03083,Dollar Tree #3083,2014-07-22,7201,10317.2,98250,Low,Southeast,KS,Standard
ST-03084,Dollar Tree #3084,2013-02-01,11266,11254.9,90900,Medium,Midwest,OR,Standard
ST-03085,Dollar Tree #3085,2013-05-05,13689,2560.6,22994,Medium,Midwest,NC,Standard
ST-03086,Dollar Tree #3086,2003-12-07,9766,2308.4,71586,High,Southwest,WI,Standard
ST-03087,Dollar Tree #3087,2015-07-25,6259,5179.5,37319,Medium,West,MI,Standard
ST-03088,Dollar Tree #3088,2019-01-27,8272,10584.0,19104,Medium,Midwest,KS,Standard
ST-03089,Dollar Tree #3089,2003-09-18,9615,433.3,21343,Medium,West,CO,Plus
ST-03090,Dollar Tree #3090,2006-03-10,11712,2356.5,32111,Medium,West,GA,Plus
ST-03091,Dollar Tree #3091,2009-05-25,8189,1117.7,75039,Low,Southeast,NC,Standard
ST-03092,Dollar Tree #3092,2013-06-26,7608,6111.6,60950,Medium,Midwest,IN,Plus
ST-03093,Dollar Tree #3093,2024-01-06,8940,10514.9,80263,Medium,Mid-Atlantic,GA,Plus
ST-03094,Dollar Tree #3094,2024-03-14,10582,6900.3,46814,High,Southwest,OH,Standard
ST-03095,Dollar Tree #3095,2016-07-24,11784,3341.4,95568,Low,Northeast,CO,Standard
ST-03096,Dollar Tree #3096,2007-09-28,8762,7584.7,51019,Medium,Mid-Atlantic,NC,Standard
ST-03097,Dollar Tree #3097,2002-07-24,8281,2966.6,87328,Medium,Northeast,AR,Standard
ST-03098,Dollar Tree #3098,2018-04-16,10371,1116.3,98075,Medium,Northeast,MI,Plus
ST-03099,Dollar Tree #3099,2020-11-14,12037,1307.6,39114,Medium,West,NM,Plus
ST-03100,Dollar Tree #3100,2008-05-07,9744,804.5,59175,Low,West,IA,Plus
ST-03101,Dollar Tree #3101,2020-06-14,8100,10773.9,71257,Low,Mid-Atlantic,NV,Plus
ST-03102,Dollar Tree #3102,2024-04-13,10533,11110.5,18800,Medium,Mid-Atlantic,MI,Combo
ST-03103,Dollar Tree #3103,2002-09-12,12688,6306.8,89813,Medium,Northeast,CA,Standard
ST-03104,Dollar Tree #3104,2014-08-23,7367,7007.0,24417,Low,West,MI,Standard
ST-03105,Dollar Tree #3105,2001-12-15,11323,10126.8,83675,Medium,Northeast,MI,Standard
ST-03106,Dollar Tree #3106,2011-07-25,13227,5255.2,54231,Low,Southeast,OR,Standard
ST-03107,Dollar Tree #3107,2014-05-14,10850,6208.5,37692,Low,Southwest,MO,Combo
ST-03108,Dollar Tree #3108,2014-11-07,6182,9845.6,71735,High,Northeast,SC,Standard
ST-03109,Dollar Tree #3109,2005-12-06,9445,5041.7,72308,Medium,Mid-Atlantic,NC,Standard
ST-03110,Dollar Tree #3110,2019-01-25,10193,5535.0,94809,Medium,Southwest,VA,Standard
ST-03111,Dollar Tree #3111,2016-06-22,10897,9738.4,16119,Medium,Southwest,IA,Standard
ST-03112,Dollar Tree #3112,2018-07-07,8495,8220.9,32172,High,West,OR,Plus
ST-03113,Dollar Tree #3113,2016-08-13,6197,8954.3,51276,High,Midwest,KS,Standard
ST-03114,Dollar Tree #3114,2021-11-10,10677,1829.0,25459,High,Southwest,CA,Standard
ST-03115,Dollar Tree #3115,2020-09-14,12266,8461.9,20190,Medium,Southwest,OK,Combo
ST-03116,Dollar Tree #3116,2014-01-14,9201,2630.0,18020,Low,Southwest,IA,Standard
ST-03117,Dollar Tree #3117,2018-11-01,9887,2461.6,86050,Medium,Southeast,IA,Plus
ST-03118,Dollar Tree #3118,2019-02-22,10641,9833.5,30937,Medium,Northeast,SC,Standard
ST-03119,Dollar Tree #3119,2013-12-11,13911,10626.1,36748,Low,Southwest,FL,Plus
ST-03120,Dollar Tree #3120,2023-01-18,9464,9903.8,50365,Medium,Midwest,OH,Plus
ST-03121,Dollar Tree #3121,2018-05-06,6247,2633.7,87510,Medium,Mid-Atlantic,OK,Standard
ST-03122,Dollar Tree #3122,2002-11-25,7944,11500.2,49647,High,Mid-Atlantic,CO,Combo
ST-03123,Dollar Tree #3123,2000-02-10,8939,9346.0,90018,Medium,Southwest,TX,Plus
ST-03124,Dollar Tree #3124,2019-03-03,11053,4211.7,80596,Medium,Southeast,TX,Standard
ST-03125,Dollar Tree #3125,2008-10-17,7330,11511.4,45593,Low,West,NM,Plus
ST-03126,Dollar Tree #3126,2023-05-22,12441,3095.2,17117,High,Southeast,MS,Combo
ST-03127,Dollar Tree #3127,2021-12-03,9816,8751.2,24633,Medium,Southwest,WI,Standard
ST-03128,Dollar Tree #3128,2012-11-13,13813,7762.5,96943,Low,Mid-Atlantic,NY,Standard
ST-03129,Dollar Tree #3129,2020-09-19,13075,9116.1,16790,Low,Southwest,KY,Standard
ST-03130,Dollar Tree #3130,2024-10-24,11391,1874.6,95727,Medium,Northeast,VA,Standard
ST-03131,Dollar Tree #3131,2006-08-25,6379,1550.4,17130,Medium,Southeast,TN,Combo
ST-03132,Dollar Tree #3132,2009-01-15,13207,765.5,14074,Medium,Mid-Atlantic,SC,Standard
ST-03133,Dollar Tree #3133,2016-11-28,13872,10336.2,69540,Low,Southwest,PA,Plus
ST-03134,Dollar Tree #3134,2005-10-14,10507,2251.5,48795,Medium,West,VA,Standard
ST-03135,Dollar Tree #3135,2021-01-15,7206,6292.8,96477,Medium,Midwest,AL,Standard
ST-03136,Dollar Tree #3136,2020-11-15,11171,3452.2,19864,Medium,West,TX,Plus
ST-03137,Dollar Tree #3137,2018-11-04,11891,7278.1,60446,Low,Southeast,MS,Plus
ST-03138,Dollar Tree #3138,2012-07-05,6127,6778.1,79518,Low,Northeast,GA,Plus
ST-03139,Dollar Tree #3139,2003-08-02,11206,9137.4,32967,Medium,Southeast,OK,Standard
ST-03140,Dollar Tree #3140,2008-05-07,8671,9676.2,60002,High,Mid-Atlantic,OH,Combo
ST-03141,Dollar Tree #3141,2008-06-17,11574,9891.6,73511,Low,Northeast,OH,Standard
ST-03142,Dollar Tree #3142,2023-12-10,12639,8010.7,96212,Low,Midwest,OH,Combo
ST-03143,Dollar Tree #3143,2011-04-14,10887,419.1,21799,Low,Southeast,IN,Standard
ST-03144,Dollar Tree #3144,2007-01-06,10516,10931.8,84694,Medium,Southwest,AR,Combo
ST-03145,Dollar Tree #3145,2001-04-20,9086,7858.5,68832,Low,Southeast,NM,Standard
ST-03146,Dollar Tree #3146,2007-07-11,7089,10164.6,50414,Low,Midwest,NJ,Standard
ST-03147,Dollar Tree #3147,2022-07-09,10106,9096.0,79833,Medium,Midwest,IA,Standard
ST-03148,Dollar Tree #3148,2021-01-08,13157,4921.3,45648,Medium,West,PA,Standard
ST-03149,Dollar Tree #3149,2011-12-19,9700,11977.3,42606,Medium,Midwest,NC,Combo
ST-03150,Dollar Tree #3150,2012-07-05,7618,11536.6,40254,Medium,Northeast,AZ,Plus
ST-03151,Dollar Tree #3151,2014-10-25,11119,11647.8,63444,Medium,West,FL,Standard
ST-03152,Dollar Tree #3152,2011-10-10,10644,9835.8,97369,Low,Southeast,CT,Standard
ST-03153,Dollar Tree #3153,2008-03-20,10296,4766.0,31729,Medium,West,CO,Standard
ST-03154,Dollar Tree #3154,2000-07-14,9261,1057.5,69468,Medium,West,TN,Standard
ST-03155,Dollar Tree #3155,2006-06-13,10999,11826.1,88750,High,Southeast,AL,Combo
ST-03156,Dollar Tree #3156,2019-12-18,8031,2741.0,82462,High,Southwest,KS,Plus
ST-03157,Dollar Tree #3157,2017-09-15,11817,6046.1,90073,Low,Midwest,NM,Plus
ST-03158,Dollar Tree #3158,2000-05-04,8023,3206.7,32631,Low,West,KS,Standard
ST-03159,Dollar Tree #3159,2019-04-04,8681,2561.7,79190,High,Southeast,IA,Plus
ST-03160,Dollar Tree #3160,2002-03-05,9296,316.2,10579,Low,Midwest,MI,Standard
ST-03161,Dollar Tree #3161,2020-11-23,9820,11173.4,29240,Medium,Mid-Atlantic,CT,Standard
ST-03162,Dollar Tree #3162,2009-12-21,11417,2876.6,14424,Medium,Mid-Atlantic,NM,Plus
ST-03163,Dollar Tree #3163,2002-04-10,6968,396.9,77709,Medium,Southwest,VA,Standard
ST-03164,Dollar Tree #3164,2020-09-16,7084,591.4,90333,Medium,Southwest,KY,Standard
ST-03165,Dollar Tree #3165,2021-07-10,7308,8958.9,97441,High,Southeast,MI,Standard
ST-03166,Dollar Tree #3166,2010-10-23,11316,1985.7,77972,Low,Southeast,VA,Standard
ST-03167,Dollar Tree #3167,2000-10-16,9494,5251.7,23409,Medium,Midwest,SC,Plus
ST-03168,Dollar Tree #3168,2012-03-19,13701,11725.8,81460,Low,Mid-Atlantic,KS,Standard
ST-03169,Dollar Tree #3169,2012-09-05,13203,250.9,72109,High,Midwest,GA,Combo
ST-03170,Dollar Tree #3170,2000-08-20,9346,5026.7,78969,Medium,West,VA,Plus
ST-03171,Dollar Tree #3171,2004-11-24,11258,11570.3,48060,Low,Midwest,GA,Standard
ST-03172,Dollar Tree #3172,2015-05-04,11823,2127.7,39561,Low,Mid-Atlantic,IL,Plus
ST-03173,Dollar Tree #3173,2021-10-11,12966,4975.5,11668,Low,Southwest,MO,Plus
ST-03174,Dollar Tree #3174,2006-11-06,6600,6056.7,55824,Low,Southeast,TN,Standard
ST-03175,Dollar Tree #3175,2024-10-25,11433,2316.2,15896,Low,Mid-Atlantic,VA,Plus
ST-03176,Dollar Tree #3176,2023-10-20,11916,1037.6,35988,Medium,Southwest,IL,Standard
ST-03177,Dollar Tree #3177,2014-01-07,8443,8834.8,48525,Medium,Midwest,KS,Plus
ST-03178,Dollar Tree #3178,2009-09-20,6000,9400.8,74668,Medium,Northeast,IN,Combo
ST-03179,Dollar Tree #3179,2017-07-28,7054,9338.7,51315,Low,Northeast,OR,Plus
ST-03180,Dollar Tree #3180,2013-06-03,12368,9133.3,19344,Medium,Mid-Atlantic,CA,Combo
ST-03181,Dollar Tree #3181,2017-06-03,9959,8401.9,96168,Low,West,AL,Standard
ST-03182,Dollar Tree #3182,2002-05-12,9141,2472.5,43527,Low,West,AR,Standard
ST-03183,Dollar Tree #3183,2017-06-17,6011,4262.9,81382,High,Northeast,CT,Combo
ST-03184,Dollar Tree #3184,2003-06-27,9701,3274.7,91153,Medium,Mid-Atlantic,NJ,Standard
ST-03185,Dollar Tree #3185,2019-11-04,13551,4900.8,94752,Medium,Southwest,TX,Standard
ST-03186,Dollar Tree #3186,2009-01-19,8013,10728.7,11651,High,Midwest,VA,Standard
ST-03187,Dollar Tree #3187,2003-09-09,6150,11934.6,42590,Medium,Mid-Atlantic,SC,Standard
ST-03188,Dollar Tree #3188,2005-02-26,10420,484.8,37394,Medium,Southwest,AZ,Standard
ST-03189,Dollar Tree #3189,2024-12-24,6326,3014.9,58725,Medium,West,AZ,Combo
ST-03190,Dollar Tree #3190,2008-11-23,12092,448.3,68302,Medium,West,TX,Standard
ST-03191,Dollar Tree #3191,2012-06-06,10981,8434.2,21867,Medium,Midwest,OR,Plus
ST-03192,Dollar Tree #3192,2022-10-07,13102,2603.9,41028,Medium,Mid-Atlantic,TN,Standard
ST-03193,Dollar Tree #3193,2006-01-07,10955,11828.4,49319,Medium,Northeast,WI,Plus
ST-03194,Dollar Tree #3194,2001-07-16,6348,6166.0,89314,Medium,Southwest,CA,Plus
ST-03195,Dollar Tree #3195,2005-01-22,11862,1586.3,90626,Low,West,AR,Combo
ST-03196,Dollar Tree #3196,2022-11-10,13091,2823.8,22042,Low,Mid-Atlantic,KS,Standard
ST-03197,Dollar Tree #3197,2012-07-04,6788,4156.4,46133,Medium,Midwest,SC,Standard
ST-03198,Dollar Tree #3198,2010-03-26,9271,3043.4,96263,Low,Northeast,CO,Combo
ST-03199,Dollar Tree #3199,2012-01-10,9725,9624.9,98111,Low,Southeast,TX,Standard
ST-03200,Dollar Tree #3200,2007-10-16,11555,282.7,72574,Medium,Midwest,OR,Standard
ST-03201,Dollar Tree #3201,2009-08-24,11719,11511.2,17432,Medium,Mid-Atlantic,NV,Combo
ST-03202,Dollar Tree #3202,2024-03-21,13335,2520.9,68168,Low,Midwest,AZ,Combo
ST-03203,Dollar Tree #3203,2002-10-19,8776,8804.5,85573,Medium,Southwest,NV,Plus
ST-03204,Dollar Tree #3204,2012-07-05,13149,5007.9,42531,Medium,Mid-Atlantic,IA,Plus
ST-03205,Dollar Tree #3205,2012-01-12,7901,11719.4,28070,High,Southwest,FL,Combo
ST-03206,Dollar Tree #3206,2017-05-01,7062,4612.8,82813,Medium,Northeast,IL,Plus
ST-03207,Dollar Tree #3207,2016-07-02,8708,11151.9,16793,Medium,Southeast,CA,Plus
ST-03208,Dollar Tree #3208,2012-04-14,12793,298.7,15769,Low,Mid-Atlantic,WI,Combo
ST-03209,Dollar Tree #3209,2002-11-21,9513,3338.6,11050,Medium,West,AL,Standard
ST-03210,Dollar Tree #3210,2000-04-19,6358,7189.9,31614,Low,Mid-Atlantic,GA,Combo
ST-03211,Dollar Tree #3211,2000-03-12,7108,475.0,44379,Medium,Southeast,OR,Standard
ST-03212,Dollar Tree #3212,2024-08-25,9039,6907.4,88309,Medium,Southeast,KS,Standard
ST-03213,Dollar Tree #3213,2018-11-27,7529,11636.3,15460,Low,West,OR,Plus
ST-03214,Dollar Tree #3214,2013-01-05,13070,11610.7,55720,Medium,Midwest,OK,Standard
ST-03215,Dollar Tree #3215,2008-05-21,10837,11431.5,15746,Medium,Midwest,CT,Plus
ST-03216,Dollar Tree #3216,2019-05-23,8337,11123.6,39508,Medium,Northeast,NY,Plus
ST-03217,Dollar Tree #3217,2000-11-18,6989,8676.7,88019,Medium,Midwest,KY,Standard
ST-03218,Dollar Tree #3218,2016-04-10,13260,10099.8,47092,Medium,Southwest,AZ,Standard
ST-03219,Dollar Tree #3219,2005-10-26,11618,4577.7,26167,Medium,West,MO,Standard
ST-03220,Dollar Tree #3220,2010-12-14,9112,342.4,63528,Low,Southwest,AR,Standard
ST-03221,Dollar Tree #3221,2009-09-14,6249,5482.2,48840,Medium,Mid-Atlantic,PA,Plus
ST-03222,Dollar Tree #3222,2012-01-05,7611,4369.2,18242,Medium,West,NJ,Standard
ST-03223,Dollar Tree #3223,2002-06-07,11577,251.5,67831,Low,Mid-Atlantic,CT,Combo
ST-03224,Dollar Tree #3224,2002-07-16,12627,1307.9,65475,Low,Midwest,WI,Plus
ST-03225,Dollar Tree #3225,2018-01-12,7056,2315.1,49612,Low,Southeast,GA,Plus
ST-03226,Dollar Tree #3226,2010-05-15,10646,3331.1,59201,Medium,Mid-Atlantic,CT,Standard
ST-03227,Dollar Tree #3227,2006-02-22,12649,3974.5,71281,Medium,Northeast,VA,Combo
ST-03228,Dollar Tree #3228,2014-02-19,13647,8877.0,94277,Medium,Mid-Atlantic,AL,Plus
ST-03229,Dollar Tree #3229,2012-07-24,13673,3744.1,63033,Medium,Southeast,TN,Standard
ST-03230,Dollar Tree #3230,2012-02-18,7925,2498.7,52240,High,West,MO,Standard
ST-03231,Dollar Tree #3231,2020-11-18,9768,4872.7,10906,Medium,Mid-Atlantic,IN,Standard
ST-03232,Dollar Tree #3232,2024-03-08,12111,8390.0,72134,High,Northeast,SC,Standard
ST-03233,Dollar Tree #3233,2007-01-26,11262,1383.1,34328,Low,Northeast,CO,Standard
ST-03234,Dollar Tree #3234,2013-08-08,7777,2437.9,28829,High,Mid-Atlantic,CO,Combo
ST-03235,Dollar Tree #3235,2015-04-26,11591,1772.5,84124,Medium,Midwest,NC,Standard
ST-03236,Dollar Tree #3236,2005-09-05,8639,3032.9,31478,Medium,Southwest,AZ,Plus
ST-03237,Dollar Tree #3237,2018-11-06,8115,2151.0,72049,Low,West,NM,Combo
ST-03238,Dollar Tree #3238,2005-04-24,10382,10436.1,95420,Low,Northeast,PA,Standard
ST-03239,Dollar Tree #3239,2021-03-01,10712,1308.3,10017,Low,Southwest,CO,Standard
ST-03240,Dollar Tree #3240,2007-03-17,8284,3661.4,37842,Medium,Southwest,OK,Standard
ST-03241,Dollar Tree #3241,2019-10-17,7223,10695.6,11191,High,Southwest,VA,Standard
ST-03242,Dollar Tree #3242,2002-06-27,8201,8342.5,26624,Medium,Northeast,NM,Plus
ST-03243,Dollar Tree #3243,2010-07-19,11650,7390.4,19101,Low,West,GA,Standard
ST-03244,Dollar Tree #3244,2000-01-23,12818,4841.5,47269,Low,Southeast,OK,Standard
ST-03245,Dollar Tree #3245,2005-07-21,11936,9393.2,26814,Medium,Southwest,IN,Plus
ST-03246,Dollar Tree #3246,2006-04-03,9392,10663.1,76352,High,Northeast,AZ,Plus
ST-03247,Dollar Tree #3247,2009-12-16,6231,11121.1,68058,Low,Southeast,SC,Standard
ST-03248,Dollar Tree #3248,2001-04-13,12533,607.7,90525,Medium,Southeast,CO,Plus
ST-03249,Dollar Tree #3249,2009-03-21,8356,1200.8,14927,High,Southwest,MS,Combo
ST-03250,Dollar Tree #3250,2009-12-02,7083,10794.1,45422,Low,Mid-Atlantic,KY,Plus
ST-03251,Dollar Tree #3251,2015-06-17,7368,5250.7,65082,Low,Midwest,AL,Standard
ST-03252,Dollar Tree #3252,2013-03-01,12903,672.1,63062,Low,West,OK,Standard
ST-03253,Dollar Tree #3253,2020-07-26,8149,11361.2,19302,Medium,West,IN,Standard
ST-03254,Dollar Tree #3254,2010-10-16,11289,7117.1,23695,Medium,Southeast,AL,Combo
ST-03255,Dollar Tree #3255,2024-10-22,9968,9033.0,80999,High,Midwest,AR,Plus
ST-03256,Dollar Tree #3256,2002-05-20,13486,8531.6,66000,Low,West,CT,Plus
ST-03257,Dollar Tree #3257,2010-06-01,13100,3528.7,96748,Low,Southeast,AR,Plus
ST-03258,Dollar Tree #3258,2024-07-10,7773,1705.2,39154,Medium,Midwest,NV,Plus
ST-03259,Dollar Tree #3259,2003-03-04,7285,8679.5,86771,High,West,MS,Combo
ST-03260,Dollar Tree #3260,2002-11-28,13456,1431.1,90729,Medium,West,NM,Standard
ST-03261,Dollar Tree #3261,2007-05-01,6033,8457.7,33914,High,Southwest,TN,Combo
ST-03262,Dollar Tree #3262,2022-03-05,13451,2478.7,87539,Medium,Mid-Atlantic,NM,Standard
ST-03263,Dollar Tree #3263,2015-05-06,12772,10696.1,93489,Low,Midwest,AZ,Combo
ST-03264,Dollar Tree #3264,2014-12-17,11702,6002.0,77291,Medium,West,PA,Standard
ST-03265,Dollar Tree #3265,2006-08-17,11267,6643.2,73318,Low,Midwest,OK,Plus
ST-03266,Dollar Tree #3266,2009-02-13,10277,783.8,20097,High,Southeast,OR,Combo
ST-03267,Dollar Tree #3267,2008-10-21,9031,4929.6,71281,High,West,CO,Plus
ST-03268,Dollar Tree #3268,2008-07-01,12168,8217.5,77543,Medium,Mid-Atlantic,IN,Plus
ST-03269,Dollar Tree #3269,2008-10-25,12527,4764.5,98902,Medium,Southeast,TX,Plus
ST-03270,Dollar Tree #3270,2014-03-07,9235,9687.0,16644,Medium,Northeast,AL,Standard
ST-03271,Dollar Tree #3271,2013-02-13,9283,1762.4,22970,Medium,Midwest,NJ,Standard
ST-03272,Dollar Tree #3272,2023-08-22,10149,4995.0,46409,Medium,Southwest,OK,Plus
ST-03273,Dollar Tree #3273,2012-06-11,12157,9152.1,74688,Medium,Northeast,OH,Standard
ST-03274,Dollar Tree #3274,2015-07-09,6046,280.8,60648,Medium,Southwest,VA,Plus
ST-03275,Dollar Tree #3275,2013-09-28,7087,3635.8,17535,Medium,Northeast,TN,Plus
ST-03276,Dollar Tree #3276,2011-05-11,6872,2016.1,43644,Medium,Midwest,FL,Plus
ST-03277,Dollar Tree #3277,2018-10-16,13642,3694.1,28837,Low,Southeast,WI,Plus
ST-03278,Dollar Tree #3278,2017-07-01,10198,9351.3,51717,Medium,Northeast,CT,Standard
ST-03279,Dollar Tree #3279,2014-01-08,9344,2489.0,91554,Medium,Midwest,PA,Standard
ST-03280,Dollar Tree #3280,2016-11-14,6497,2245.6,53618,High,Northeast,SC,Plus
ST-03281,Dollar Tree #3281,2023-09-08,6249,11800.8,46435,High,Northeast,IL,Standard
ST-03282,Dollar Tree #3282,2021-10-01,10783,9287.9,93620,Low,West,MO,Plus
ST-03283,Dollar Tree #3283,2015-10-16,7105,10120.3,54123,Low,West,NC,Standard
ST-03284,Dollar Tree #3284,2006-06-13,10992,3389.6,11727,Medium,Midwest,NM,Standard
ST-03285,Dollar Tree #3285,2014-04-12,12172,9286.9,74506,Medium,West,TX,Plus
ST-03286,Dollar Tree #3286,2010-08-21,11235,11449.4,85109,Medium,Mid-Atlantic,TX,Standard
ST-03287,Dollar Tree #3287,2018-11-25,10493,732.9,96227,Medium,Northeast,OH,Combo
ST-03288,Dollar Tree #3288,2019-05-09,7205,7877.9,15805,Low,Northeast,NJ,Plus
ST-03289,Dollar Tree #3289,2019-03-11,10264,3508.3,12301,Medium,Southeast,KS,Standard
ST-03290,Dollar Tree #3290,2004-01-08,6789,6849.6,67674,High,Southwest,MO,Standard
ST-03291,Dollar Tree #3291,2017-07-15,8970,7394.0,24900,High,Midwest,FL,Plus
ST-03292,Dollar Tree #3292,2013-12-09,13446,8303.5,30836,Low,Northeast,WI,Plus
ST-03293,Dollar Tree #3293,2024-12-05,12873,7355.2,94067,Medium,Southwest,OR,Plus
ST-03294,Dollar Tree #3294,2008-02-19,9442,2078.2,94764,Low,Southeast,NV,Plus
ST-03295,Dollar Tree #3295,2000-12-21,8953,8726.3,59380,High,West,IA,Standard
ST-03296,Dollar Tree #3296,2005-08-14,12870,5870.7,77679,Low,Northeast,KS,Plus
ST-03297,Dollar Tree #3297,2006-12-01,9145,4953.7,87379,Low,Mid-Atlantic,KY,Combo
ST-03298,Dollar Tree #3298,2002-06-03,12651,6449.6,21839,Medium,West,WI,Standard
ST-03299,Dollar Tree #3299,2009-03-13,12744,4469.4,54549,Medium,Midwest,TN,Plus
ST-03300,Dollar Tree #3300,2017-10-27,6191,11216.1,30022,Low,Southeast,IN,Combo
ST-03301,Dollar Tree #3301,2004-04-21,9881,1604.8,91877,Medium,West,TX,Standard
ST-03302,Dollar Tree #3302,2005-04-16,11564,9964.8,17420,Low,Mid-Atlantic,AR,Plus
ST-03303,Dollar Tree #3303,2010-05-28,12549,8630.7,92272,High,Southwest,CA,Combo
ST-03304,Dollar Tree #3304,2017-05-26,9817,11816.3,86142,Medium,Mid-Atlantic,NC,Standard
ST-03305,Dollar Tree #3305,2020-08-14,10066,3904.7,36545,Medium,West,FL,Plus
ST-03306,Dollar Tree #3306,2017-10-22,6325,10147.3,37542,Medium,West,FL,Standard
ST-03307,Dollar Tree #3307,2018-02-11,10047,7309.8,83115,Medium,Midwest,NJ,Plus
ST-03308,Dollar Tree #3308,2019-12-21,9199,2178.2,82080,Low,West,NC,Plus
ST-03309,Dollar Tree #3309,2016-08-14,7682,6396.5,30388,Low,Mid-Atlantic,MO,Plus
ST-03310,Dollar Tree #3310,2002-03-08,10863,4909.9,24257,Low,Northeast,NM,Combo
ST-03311,Dollar Tree #3311,2021-10-01,11177,10226.8,21562,Medium,West,NY,Standard
ST-03312,Dollar Tree #3312,2018-11-26,10423,6371.3,60720,High,Northeast,WI,Standard
ST-03313,Dollar Tree #3313,2000-11-27,10001,283.1,62663,Medium,Mid-Atlantic,IA,Plus
ST-03314,Dollar Tree #3314,2001-02-02,9724,7116.4,38763,Medium,Southeast,AL,Plus
ST-03315,Dollar Tree #3315,2004-07-18,10970,10742.9,39347,Medium,Mid-Atlantic,WI,Combo
ST-03316,Dollar Tree #3316,2013-11-10,10976,10845.0,16058,Low,Mid-Atlantic,VA,Standard
ST-03317,Dollar Tree #3317,2013-08-11,9770,6230.2,64233,Medium,Mid-Atlantic,KS,Standard
ST-03318,Dollar Tree #3318,2006-06-12,11656,5463.9,73810,Medium,Southeast,CT,Standard
ST-03319,Dollar Tree #3319,2024-03-27,12597,7966.8,38576,Low,Midwest,VA,Standard
ST-03320,Dollar Tree #3320,2020-01-22,12915,9258.1,67668,High,Northeast,NJ,Standard
ST-03321,Dollar Tree #3321,2020-02-17,9919,7490.8,98539,High,Southeast,WI,Standard
ST-03322,Dollar Tree #3322,2022-05-09,6366,3871.9,76728,Medium,Southeast,NY,Standard
ST-03323,Dollar Tree #3323,2009-02-10,13272,5904.1,16737,High,Mid-Atlantic,NY,Standard
ST-03324,Dollar Tree #3324,2007-11-26,8643,10239.8,36011,Medium,West,IN,Standard
ST-03325,Dollar Tree #3325,2010-11-25,9223,9865.8,79968,Medium,Northeast,CT,Standard
ST-03326,Dollar Tree #3326,2018-11-15,13195,10498.0,90990,Medium,West,CA,Standard
ST-03327,Dollar Tree #3327,2007-11-10,12588,9380.1,44997,Medium,Southwest,WI,Standard
ST-03328,Dollar Tree #3328,2008-07-16,10706,9760.4,13242,Low,Southwest,CT,Plus
ST-03329,Dollar Tree #3329,2009-01-03,9538,2771.6,27657,Medium,Midwest,MO,Standard
ST-03330,Dollar Tree #3330,2024-08-17,11422,2658.1,25600,Medium,West,MO,Standard
ST-03331,Dollar Tree #3331,2014-12-06,10926,10938.1,97734,Low,Mid-Atlantic,IN,Standard
ST-03332,Dollar Tree #3332,2003-09-13,13878,6802.8,37312,High,Northeast,PA,Plus
ST-03333,Dollar Tree #3333,2002-06-18,9017,11076.8,96755,Medium,Mid-Atlantic,OH,Standard
ST-03334,Dollar Tree #3334,2007-03-10,6741,4635.8,58869,Low,West,NJ,Combo
ST-03335,Dollar Tree #3335,2023-05-18,8027,7080.3,60995,Low,Southwest,NM,Standard
ST-03336,Dollar Tree #3336,2009-05-26,9148,10189.4,43371,Medium,Southeast,CT,Standard
ST-03337,Dollar Tree #3337,2011-12-21,10688,4409.5,47150,High,Northeast,NM,Combo
ST-03338,Dollar Tree #3338,2015-05-24,13634,11095.5,89922,Low,Southwest,FL,Plus
ST-03339,Dollar Tree #3339,2000-06-01,13768,2106.4,31703,Low,West,OK,Standard
ST-03340,Dollar Tree #3340,2012-10-18,6588,7817.3,47575,Low,Southeast,MS,Standard
ST-03341,Dollar Tree #3341,2008-11-16,9167,8448.8,17677,High,West,NC,Plus
ST-03342,Dollar Tree #3342,2006-12-16,12642,5507.0,13385,High,Southeast,AL,Combo
ST-03343,Dollar Tree #3343,2004-09-13,8364,8040.4,41636,Low,Northeast,MS,Standard
ST-03344,Dollar Tree #3344,2013-11-12,13940,11207.3,13875,Medium,Mid-Atlantic,KY,Plus
ST-03345,Dollar Tree #3345,2012-12-27,7533,1575.6,34721,Medium,Southwest,IN,Plus
ST-03346,Dollar Tree #3346,2003-10-24,9092,11881.4,64245,Medium,Northeast,TX,Standard
ST-03347,Dollar Tree #3347,2010-12-13,13497,3038.0,32792,Low,Southeast,MS,Standard
ST-03348,Dollar Tree #3348,2004-11-23,7803,3370.2,87120,Medium,Northeast,FL,Standard
ST-03349,Dollar Tree #3349,2023-08-14,10536,2804.3,65178,Medium,Midwest,CO,Combo
ST-03350,Dollar Tree #3350,2000-02-16,13079,5537.6,19459,Medium,Southeast,KY,Standard
ST-03351,Dollar Tree #3351,2008-07-04,8247,3666.4,90842,Low,Southeast,GA,Standard
ST-03352,Dollar Tree #3352,2002-08-10,12975,4866.3,57250,Medium,Midwest,PA,Plus
ST-03353,Dollar Tree #3353,2001-02-18,9143,3106.7,26808,Medium,Southeast,FL,Plus
ST-03354,Dollar Tree #3354,2018-06-24,13410,7785.6,90260,High,Midwest,NJ,Plus
ST-03355,Dollar Tree #3355,2024-03-21,7496,5934.4,67497,Medium,Midwest,MS,Standard
ST-03356,Dollar Tree #3356,2009-10-02,6215,2752.7,81771,Medium,Northeast,OH,Combo
ST-03357,Dollar Tree #3357,2010-06-03,11968,8719.7,37300,Medium,Midwest,NM,Combo
ST-03358,Dollar Tree #3358,2008-09-13,9941,1860.0,79919,Medium,Southeast,AL,Standard
ST-03359,Dollar Tree #3359,2009-08-25,7975,11489.1,18664,Medium,Midwest,NC,Plus
ST-03360,Dollar Tree #3360,2023-12-23,6685,4610.7,73203,Medium,West,AR,Standard
ST-03361,Dollar Tree #3361,2004-06-03,6937,3276.4,87117,Medium,West,WI,Plus
ST-03362,Dollar Tree #3362,2018-06-07,6520,1781.4,11058,Medium,Northeast,AL,Standard
ST-03363,Dollar Tree #3363,2009-04-15,10059,7877.5,65695,Low,West,IL,Standard
ST-03364,Dollar Tree #3364,2022-09-26,9063,6124.2,17834,Low,Mid-Atlantic,OR,Plus
ST-03365,Dollar Tree #3365,2015-04-03,8556,2632.3,21050,Medium,Northeast,FL,Standard
ST-03366,Dollar Tree #3366,2007-07-16,10381,5068.1,92746,Low,Northeast,MO,Plus
ST-03367,Dollar Tree #3367,2002-09-15,6797,735.0,98000,Medium,Mid-Atlantic,WI,Standard
ST-03368,Dollar Tree #3368,2013-05-05,8708,9179.6,16930,Medium,Mid-Atlantic,SC,Combo
ST-03369,Dollar Tree #3369,2000-03-28,9504,9899.2,96054,Low,Southeast,NM,Combo
ST-03370,Dollar Tree #3370,2002-06-09,7468,8539.4,35713,Low,Southwest,CA,Standard
ST-03371,Dollar Tree #3371,2005-04-02,7515,11515.5,66588,Medium,Mid-Atlantic,OR,Standard
ST-03372,Dollar Tree #3372,2022-01-22,8674,11003.0,28101,Low,Midwest,CT,Standard
ST-03373,Dollar Tree #3373,2003-05-26,7256,522.2,63589,Medium,Northeast,NY,Standard
ST-03374,Dollar Tree #3374,2002-05-11,12050,7148.1,28568,Low,Northeast,KS,Plus
ST-03375,Dollar Tree #3375,2013-04-07,12953,8934.2,28435,Low,Southeast,KS,Standard
ST-03376,Dollar Tree #3376,2008-01-02,8617,2938.9,86953,Low,Southeast,OK,Standard
ST-03377,Dollar Tree #3377,2001-06-13,7145,7929.2,22531,High,Mid-Atlantic,CO,Standard
ST-03378,Dollar Tree #3378,2002-02-25,7701,3221.1,50205,Low,Southeast,AL,Standard
ST-03379,Dollar Tree #3379,2006-04-21,7427,4490.7,77767,Medium,Northeast,MS,Standard
ST-03380,Dollar Tree #3380,2005-04-24,10896,3199.1,63965,High,Midwest,VA,Standard
ST-03381,Dollar Tree #3381,2006-05-06,10100,4916.8,49052,Medium,Southwest,TN,Standard
ST-03382,Dollar Tree #3382,2005-05-19,10194,5274.6,35339,Medium,Southeast,CT,Standard
ST-03383,Dollar Tree #3383,2023-10-12,8027,5359.7,69482,High,Mid-Atlantic,MO,Combo
ST-03384,Dollar Tree #3384,2007-05-22,10692,6691.7,91931,Medium,Southeast,CO,Plus
ST-03385,Dollar Tree #3385,2007-06-13,12839,9337.9,53857,High,Southeast,AZ,Plus
ST-03386,Dollar Tree #3386,2011-06-19,12939,982.8,73953,Medium,Southeast,NJ,Standard
ST-03387,Dollar Tree #3387,2020-09-02,11075,11010.2,64590,Medium,Northeast,NC,Plus
ST-03388,Dollar Tree #3388,2011-04-08,9312,10218.2,58610,Low,Midwest,NV,Plus
ST-03389,Dollar Tree #3389,2024-05-25,9226,5324.8,51652,High,Southeast,VA,Standard
ST-03390,Dollar Tree #3390,2017-10-23,11647,8456.6,63440,Low,Mid-Atlantic,NV,Plus
ST-03391,Dollar Tree #3391,2017-06-24,8046,2018.3,36548,High,Southwest,MO,Plus
ST-03392,Dollar Tree #3392,2004-05-04,8775,5802.9,30532,High,Southwest,KS,Combo
ST-03393,Dollar Tree #3393,2022-07-07,12102,7578.5,39439,Medium,Midwest,IL,Combo
ST-03394,Dollar Tree #3394,2009-07-18,8691,6102.5,66251,Low,Mid-Atlantic,AL,Standard
ST-03395,Dollar Tree #3395,2013-02-13,11986,6553.1,48801,Medium,Southwest,AL,Combo
ST-03396,Dollar Tree #3396,2007-10-20,12160,10695.1,81614,High,Northeast,TN,Standard
ST-03397,Dollar Tree #3397,2011-04-22,13752,6101.1,23304,Medium,West,KY,Standard
ST-03398,Dollar Tree #3398,2022-08-03,6239,3089.1,75156,Low,Southwest,PA,Plus
ST-03399,Dollar Tree #3399,2001-08-23,7360,9345.2,10533,Low,Midwest,SC,Plus
ST-03400,Dollar Tree #3400,2013-08-18,13404,8596.6,82867,Low,Southwest,CT,Standard
ST-03401,Dollar Tree #3401,2018-04-04,7079,11754.7,47417,Medium,Southeast,AL,Standard
ST-03402,Dollar Tree #3402,2024-08-13,7506,4015.1,46434,Low,Mid-Atlantic,AL,Combo
ST-03403,Dollar Tree #3403,2005-07-27,11755,3699.1,63144,Low,Southeast,CO,Standard
ST-03404,Dollar Tree #3404,2014-03-24,13624,7103.9,87153,High,Midwest,TX,Standard
ST-03405,Dollar Tree #3405,2012-10-09,10142,10188.5,20475,High,Northeast,OH,Combo
ST-03406,Dollar Tree #3406,2013-12-13,11886,3647.2,70314,Low,West,TN,Plus
ST-03407,Dollar Tree #3407,2021-01-14,11586,10690.3,39385,Low,Midwest,GA,Plus
ST-03408,Dollar Tree #3408,2003-01-04,13830,4797.6,32257,Medium,West,TX,Standard
ST-03409,Dollar Tree #3409,2012-12-08,10650,7299.3,86690,Low,Northeast,IL,Standard
ST-03410,Dollar Tree #3410,2007-05-09,7764,5819.6,97278,Medium,Southwest,OK,Standard
ST-03411,Dollar Tree #3411,2021-05-18,12509,1384.6,15975,Medium,West,MS,Combo
ST-03412,Dollar Tree #3412,2008-02-24,6508,11469.2,66906,Medium,West,IL,Standard
ST-03413,Dollar Tree #3413,2002-05-18,6746,1424.0,11366,Medium,West,KY,Combo
ST-03414,Dollar Tree #3414,2018-11-22,6680,9305.6,16233,Medium,Mid-Atlantic,NV,Standard
ST-03415,Dollar Tree #3415,2001-03-17,10602,10003.4,64687,Medium,Northeast,AZ,Plus
ST-03416,Dollar Tree #3416,2001-12-03,13177,7526.0,15184,Low,Midwest,PA,Standard
ST-03417,Dollar Tree #3417,2024-04-09,10111,10764.8,53139,Medium,West,NC,Standard
ST-03418,Dollar Tree #3418,2001-04-11,7617,1081.3,18045,High,Southwest,AL,Combo
ST-03419,Dollar Tree #3419,2003-08-27,13694,11152.1,23066,Low,West,AZ,Standard
ST-03420,Dollar Tree #3420,2002-06-26,9936,1366.8,21325,Medium,Northeast,IL,Standard
ST-03421,Dollar Tree #3421,2022-02-19,11585,3851.4,12126,Low,Midwest,NV,Plus
ST-03422,Dollar Tree #3422,2021-01-06,13951,11207.7,82829,High,Northeast,MI,Standard
ST-03423,Dollar Tree #3423,2003-03-27,10371,5620.6,92837,Medium,Midwest,PA,Plus
ST-03424,Dollar Tree #3424,2022-02-25,13613,7369.3,67165,Medium,West,NJ,Plus
ST-03425,Dollar Tree #3425,2012-05-28,9511,2412.8,19404,Low,West,MS,Standard
ST-03426,Dollar Tree #3426,2001-11-16,8471,7453.1,24575,High,Southwest,NY,Plus
ST-03427,Dollar Tree #3427,2009-03-08,11254,1990.7,55659,Medium,Northeast,FL,Combo
ST-03428,Dollar Tree #3428,2007-02-11,7784,4111.7,63865,Medium,Mid-Atlantic,TN,Combo
ST-03429,Dollar Tree #3429,2005-07-03,9330,6664.8,55140,Medium,Southeast,VA,Standard
ST-03430,Dollar Tree #3430,2024-11-16,12058,3880.3,19837,Low,Southeast,KY,Standard
ST-03431,Dollar Tree #3431,2009-08-24,12625,967.1,71150,Medium,West,CO,Combo
ST-03432,Dollar Tree #3432,2019-05-17,10306,10995.8,57040,Medium,Southwest,CO,Standard
ST-03433,Dollar Tree #3433,2016-10-20,7809,11777.7,14014,Medium,Northeast,AL,Combo
ST-03434,Dollar Tree #3434,2022-12-11,9544,5526.7,96954,Medium,Southeast,NJ,Standard
ST-03435,Dollar Tree #3435,2024-09-10,13262,1918.6,34147,Medium,Mid-Atlantic,CT,Standard
ST-03436,Dollar Tree #3436,2014-03-13,9311,1772.6,95643,Medium,Southwest,NJ,Standard
ST-03437,Dollar Tree #3437,2008-07-28,6065,5821.6,96944,Low,Northeast,MI,Combo
ST-03438,Dollar Tree #3438,2008-02-27,7822,260.1,59554,Medium,Mid-Atlantic,TN,Standard
ST-03439,Dollar Tree #3439,2008-01-26,11737,6241.0,23448,Low,Northeast,KY,Plus
ST-03440,Dollar Tree #3440,2013-09-20,6483,8133.3,23145,Medium,Southeast,SC,Standard
ST-03441,Dollar Tree #3441,2000-08-14,7380,2467.7,24591,Low,Midwest,KS,Combo
ST-03442,Dollar Tree #3442,2005-03-08,7170,6716.1,33721,Low,West,PA,Standard
ST-03443,Dollar Tree #3443,2000-09-09,9858,4055.6,30387,Medium,Southeast,NJ,Plus
ST-03444,Dollar Tree #3444,2018-10-10,6261,215.2,22093,Low,Mid-Atlantic,IA,Plus
ST-03445,Dollar Tree #3445,2008-08-20,12574,1566.7,58893,Low,Mid-Atlantic,NY,Standard
ST-03446,Dollar Tree #3446,2011-11-01,12766,10265.3,51211,Low,Midwest,IA,Plus
ST-03447,Dollar Tree #3447,2004-03-25,11268,6461.2,27203,Low,Southwest,MI,Standard
ST-03448,Dollar Tree #3448,2020-12-22,8944,11486.7,82944,Low,West,IA,Plus
ST-03449,Dollar Tree #3449,2016-04-01,7045,11134.3,12253,Low,Northeast,NV,Standard
ST-03450,Dollar Tree #3450,2003-10-10,13454,10427.3,53178,Low,Midwest,FL,Plus
ST-03451,Dollar Tree #3451,2010-03-26,12243,6224.4,22531,High,Midwest,MI,Plus
ST-03452,Dollar Tree #3452,2017-07-26,9720,3596.5,92419,Low,West,CA,Standard
ST-03453,Dollar Tree #3453,2002-11-17,11522,6754.5,89985,Low,Northeast,AZ,Standard
ST-03454,Dollar Tree #3454,2024-06-16,13477,6799.1,13268,High,Southeast,IN,Plus
ST-03455,Dollar Tree #3455,2018-02-22,7195,1348.7,96593,Medium,Mid-Atlantic,NV,Combo
ST-03456,Dollar Tree #3456,2014-05-08,12733,8701.9,88153,Medium,Northeast,VA,Standard
ST-03457,Dollar Tree #3457,2017-06-12,13495,6017.2,58769,Medium,West,MI,Combo
ST-03458,Dollar Tree #3458,2024-01-18,12222,3483.4,85486,High,Northeast,AR,Plus
ST-03459,Dollar Tree #3459,2019-07-19,11223,776.3,49064,Medium,Southeast,WI,Plus
ST-03460,Dollar Tree #3460,2017-07-01,9090,986.8,16353,Medium,Midwest,TN,Plus
ST-03461,Dollar Tree #3461,2007-04-15,12194,3425.7,68202,Low,Northeast,AZ,Standard
ST-03462,Dollar Tree #3462,2004-08-14,6763,11132.0,64821,High,West,FL,Standard
ST-03463,Dollar Tree #3463,2018-09-02,7146,4421.0,93233,Low,West,NC,Standard
ST-03464,Dollar Tree #3464,2015-12-13,11045,7442.6,93905,Medium,Southwest,MI,Standard
ST-03465,Dollar Tree #3465,2009-08-25,12859,6087.0,33638,Medium,Northeast,SC,Standard
ST-03466,Dollar Tree #3466,2021-03-08,12094,1861.9,42837,Low,Southeast,MI,Plus
ST-03467,Dollar Tree #3467,2000-01-09,6655,5561.6,26517,Medium,Northeast,CT,Standard
ST-03468,Dollar Tree #3468,2010-04-28,9263,7284.2,52942,Medium,Midwest,VA,Plus
ST-03469,Dollar Tree #3469,2009-10-01,9147,2254.6,75403,Medium,Southwest,TX,Standard
ST-03470,Dollar Tree #3470,2008-03-12,9704,924.9,37904,Low,Mid-Atlantic,PA,Plus
ST-03471,Dollar Tree #3471,2010-11-20,8384,4434.3,39129,Low,Midwest,KY,Plus
ST-03472,Dollar Tree #3472,2004-09-13,7854,743.9,12654,Low,West,TN,Plus
ST-03473,Dollar Tree #3473,2005-12-20,10915,1269.6,30700,Low,Southwest,MI,Standard
ST-03474,Dollar Tree #3474,2019-03-27,7073,512.0,21404,Medium,Southwest,SC,Standard
ST-03475,Dollar Tree #3475,2003-06-22,7972,7166.0,63230,Medium,West,IL,Plus
ST-03476,Dollar Tree #3476,2000-07-08,7033,9869.0,14327,Low,Northeast,AR,Standard
ST-03477,Dollar Tree #3477,2018-03-17,6369,3764.4,56962,Low,Southeast,PA,Standard
ST-03478,Dollar Tree #3478,2013-02-22,10792,775.2,85557,Low,Mid-Atlantic,GA,Standard
ST-03479,Dollar Tree #3479,2011-10-08,10009,7329.5,21108,Medium,Northeast,TX,Standard
ST-03480,Dollar Tree #3480,2020-01-06,11805,7064.9,54773,Medium,Northeast,AZ,Standard
ST-03481,Dollar Tree #3481,2005-06-13,11861,8671.7,46801,High,Southwest,FL,Plus
ST-03482,Dollar Tree #3482,2023-06-12,13944,7276.5,10322,High,Southwest,AL,Plus
ST-03483,Dollar Tree #3483,2004-04-01,8340,9568.3,55105,High,Southeast,PA,Combo
ST-03484,Dollar Tree #3484,2007-02-13,11332,7604.8,71010,Medium,Northeast,MI,Standard
ST-03485,Dollar Tree #3485,2012-05-15,12012,3597.7,42120,Medium,Northeast,MS,Combo
ST-03486,Dollar Tree #3486,2003-10-10,13741,9131.9,35665,High,West,OR,Standard
ST-03487,Dollar Tree #3487,2002-11-15,13979,6087.6,65144,High,Southwest,VA,Standard
ST-03488,Dollar Tree #3488,2011-03-22,9857,7847.6,64799,Low,Southeast,TX,Plus
ST-03489,Dollar Tree #3489,2005-09-03,12728,8463.5,52094,Medium,West,CA,Plus
ST-03490,Dollar Tree #3490,2021-02-26,11909,7574.4,30431,Low,Southeast,FL,Combo
ST-03491,Dollar Tree #3491,2003-07-16,11128,6655.7,67907,Low,Southwest,KY,Plus
ST-03492,Dollar Tree #3492,2020-07-07,8746,3103.7,29813,Low,Mid-Atlantic,MO,Standard
ST-03493,Dollar Tree #3493,2017-06-19,7272,1045.0,28095,Medium,Mid-Atlantic,WI,Combo
ST-03494,Dollar Tree #3494,2009-11-17,9011,5086.2,75271,Low,Northeast,MI,Standard
ST-03495,Dollar Tree #3495,2019-05-07,6176,672.5,42091,Medium,Midwest,IA,Standard
ST-03496,Dollar Tree #3496,2018-09-19,13437,8423.3,41888,High,Mid-Atlantic,FL,Standard
ST-03497,Dollar Tree #3497,2004-05-14,8822,7273.4,92099,Medium,Southwest,AZ,Plus
ST-03498,Dollar Tree #3498,2006-03-16,12184,11580.4,43797,Low,Southwest,OK,Plus
ST-03499,Dollar Tree #3499,2006-11-16,9381,4241.5,19381,Medium,Southeast,NM,Plus
ST-03500,Dollar Tree #3500,2004-01-04,6805,9391.5,97464,Low,Southwest,MS,Standard
ST-03501,Dollar Tree #3501,2005-12-14,9218,3655.5,66502,Medium,Southeast,KS,Standard
ST-03502,Dollar Tree #3502,2002-03-16,7499,11922.4,51408,Medium,Southeast,MS,Standard
ST-03503,Dollar Tree #3503,2015-06-22,9213,3905.4,60581,Medium,Southwest,TN,Standard
ST-03504,Dollar Tree #3504,2016-08-17,8404,7146.4,30937,Low,Midwest,AR,Plus
ST-03505,Dollar Tree #3505,2009-12-12,12803,1619.7,50216,Medium,Mid-Atlantic,PA,Standard
ST-03506,Dollar Tree #3506,2000-07-19,7061,11654.2,64893,Medium,Southwest,SC,Standard
ST-03507,Dollar Tree #3507,2003-03-27,11506,840.0,65273,Low,Southwest,NV,Plus
ST-03508,Dollar Tree #3508,2022-08-06,10892,11347.0,51887,High,Northeast,CO,Plus
ST-03509,Dollar Tree #3509,2018-04-09,11610,10552.6,28151,Low,Southeast,AL,Standard
ST-03510,Dollar Tree #3510,2009-07-28,12410,7949.6,10572,Low,Southeast,MS,Standard
ST-03511,Dollar Tree #3511,2009-08-15,10506,11810.8,97573,High,Mid-Atlantic,TX,Standard
ST-03512,Dollar Tree #3512,2011-08-24,10646,5671.0,27949,Medium,Northeast,KS,Plus
ST-03513,Dollar Tree #3513,2009-12-21,6425,5615.7,36687,Low,Mid-Atlantic,CO,Plus
ST-03514,Dollar Tree #3514,2004-02-10,9709,6754.9,28876,Low,Southeast,IN,Combo
ST-03515,Dollar Tree #3515,2023-03-23,6459,11132.3,45353,Medium,Northeast,OR,Plus
ST-03516,Dollar Tree #3516,2015-07-25,11978,5454.2,61829,Low,Southwest,KY,Standard
ST-03517,Dollar Tree #3517,2021-03-28,13068,9449.1,78186,Medium,Southeast,TX,Standard
ST-03518,Dollar Tree #3518,2002-03-26,12762,1988.3,16423,High,Mid-Atlantic,WI,Standard
ST-03519,Dollar Tree #3519,2016-05-05,9176,9841.9,81190,Low,Southeast,IA,Standard
ST-03520,Dollar Tree #3520,2013-08-22,10720,4696.1,76782,Low,Mid-Atlantic,SC,Plus
ST-03521,Dollar Tree #3521,2012-08-24,12062,7730.0,37111,Medium,Northeast,KS,Standard
ST-03522,Dollar Tree #3522,2020-11-09,10969,11024.8,66998,Medium,Southeast,TX,Plus
ST-03523,Dollar Tree #3523,2011-07-09,10655,8639.3,16815,Low,Southeast,PA,Standard
ST-03524,Dollar Tree #3524,2019-06-25,13103,1304.3,83914,Low,Midwest,CA,Combo
ST-03525,Dollar Tree #3525,2000-02-04,13363,4115.3,61315,Low,Southwest,NJ,Plus
ST-03526,Dollar Tree #3526,2022-12-23,11261,908.2,16394,Low,West,CT,Plus
ST-03527,Dollar Tree #3527,2018-11-25,11965,8876.5,47465,Medium,Mid-Atlantic,FL,Standard
ST-03528,Dollar Tree #3528,2009-01-09,7982,953.7,63171,Medium,West,VA,Standard
ST-03529,Dollar Tree #3529,2021-04-27,8704,2453.0,93139,High,Northeast,NC,Plus
ST-03530,Dollar Tree #3530,2020-04-16,8541,5605.4,56171,Medium,Northeast,IL,Standard
ST-03531,Dollar Tree #3531,2019-11-01,6844,11081.7,77675,Medium,Southwest,MI,Plus
ST-03532,Dollar Tree #3532,2003-08-27,12681,5519.5,44375,Low,Northeast,NM,Plus
ST-03533,Dollar Tree #3533,2001-03-15,12474,10960.4,23462,Medium,West,WI,Combo
ST-03534,Dollar Tree #3534,2017-11-23,7672,5908.0,23478,Medium,Northeast,NY,Standard
ST-03535,Dollar Tree #3535,2016-07-14,12544,6304.8,65364,Low,Northeast,AL,Plus
ST-03536,Dollar Tree #3536,2015-07-15,8918,7033.9,78329,Low,Mid-Atlantic,IL,Standard
ST-03537,Dollar Tree #3537,2013-02-16,13125,691.9,52054,Low,Midwest,SC,Standard
ST-03538,Dollar Tree #3538,2011-04-09,8920,7794.8,18778,Medium,Midwest,TN,Standard
ST-03539,Dollar Tree #3539,2014-12-05,10468,4561.5,57807,Low,Southeast,AL,Combo
ST-03540,Dollar Tree #3540,2018-09-06,8312,2078.8,62452,High,Southeast,NY,Plus
ST-03541,Dollar Tree #3541,2024-12-16,8745,6802.8,18720,High,Midwest,SC,Standard
ST-03542,Dollar Tree #3542,2013-07-18,9972,7336.1,37265,Low,Southeast,TX,Standard
ST-03543,Dollar Tree #3543,2016-06-07,7290,10831.2,70558,Low,Southwest,IA,Plus
ST-03544,Dollar Tree #3544,2013-10-18,12644,7838.7,43429,Medium,Northeast,KY,Standard
ST-03545,Dollar Tree #3545,2023-12-02,7348,3975.2,77876,Medium,Midwest,TN,Standard
ST-03546,Dollar Tree #3546,2007-01-26,10459,5712.0,34961,Low,West,NM,Plus
ST-03547,Dollar Tree #3547,2015-03-24,12900,294.1,69857,Low,West,KS,Combo
ST-03548,Dollar Tree #3548,2005-08-26,9892,5735.9,25198,Low,West,MI,Standard
ST-03549,Dollar Tree #3549,2010-03-23,12000,5872.6,76054,Medium,Southeast,TX,Plus
ST-03550,Dollar Tree #3550,2001-01-15,13433,1178.7,19592,Low,Southeast,OR,Standard
ST-03551,Dollar Tree #3551,2004-04-10,11530,3625.2,38391,High,Northeast,NJ,Combo
ST-03552,Dollar Tree #3552,2021-08-28,12730,8362.5,68593,Medium,Northeast,IA,Plus
ST-03553,Dollar Tree #3553,2022-07-04,11552,7039.6,92692,Medium,Northeast,AZ,Standard
ST-03554,Dollar Tree #3554,2022-10-14,8866,9308.2,62774,Medium,Southwest,MI,Standard
ST-03555,Dollar Tree #3555,2019-10-24,11580,4656.0,40740,Low,Midwest,IA,Standard
ST-03556,Dollar Tree #3556,2000-01-20,11844,4526.4,31165,Medium,Southeast,OK,Plus
ST-03557,Dollar Tree #3557,2021-12-12,7607,9407.9,91807,Low,Mid-Atlantic,OH,Standard
ST-03558,Dollar Tree #3558,2002-10-03,12227,3248.8,91758,High,Northeast,IN,Standard
ST-03559,Dollar Tree #3559,2011-12-10,9917,8126.8,65225,Low,Northeast,VA,Plus
ST-03560,Dollar Tree #3560,2020-10-04,6676,10912.9,53090,Low,Mid-Atlantic,OR,Standard
ST-03561,Dollar Tree #3561,2001-02-13,11806,9979.9,29843,Medium,Northeast,TX,Plus
ST-03562,Dollar Tree #3562,2001-03-13,8856,6814.2,37385,High,Midwest,KS,Plus
ST-03563,Dollar Tree #3563,2010-10-15,13073,6764.4,36647,Low,Midwest,MI,Plus
ST-03564,Dollar Tree #3564,2016-12-07,8934,6005.6,21699,Medium,Southeast,NY,Standard
ST-03565,Dollar Tree #3565,2018-07-16,10670,1277.2,43049,Medium,Southeast,NV,Combo
ST-03566,Dollar Tree #3566,2016-07-21,9173,10266.2,98968,Low,Southeast,TX,Standard
ST-03567,Dollar Tree #3567,2002-08-23,7136,9844.0,63433,Medium,Midwest,PA,Plus
ST-03568,Dollar Tree #3568,2004-05-13,10413,4130.3,87626,Low,Mid-Atlantic,MO,Combo
ST-03569,Dollar Tree #3569,2004-05-01,6322,9768.0,98513,High,Southeast,TX,Plus
ST-03570,Dollar Tree #3570,2012-11-02,6707,3789.5,59412,Low,Midwest,FL,Plus
ST-03571,Dollar Tree #3571,2000-09-25,8768,3501.7,28774,Medium,Northeast,AZ,Combo
ST-03572,Dollar Tree #3572,2006-12-02,13201,7810.6,35971,Low,Midwest,NV,Plus
ST-03573,Dollar Tree #3573,2020-04-13,10901,8610.7,36315,Low,Northeast,NM,Standard
ST-03574,Dollar Tree #3574,2001-12-02,10827,818.5,88012,Medium,Southeast,FL,Plus
ST-03575,Dollar Tree #3575,2014-09-04,11956,241.9,50595,Medium,Northeast,OH,Plus
ST-03576,Dollar Tree #3576,2020-04-11,11726,11431.7,18450,Medium,West,NV,Plus
ST-03577,Dollar Tree #3577,2024-03-20,11594,796.8,40161,Low,Midwest,OR,Standard
ST-03578,Dollar Tree #3578,2020-08-14,9479,1244.5,64720,Medium,Southeast,SC,Combo
ST-03579,Dollar Tree #3579,2000-09-26,12641,1171.7,27970,High,Mid-Atlantic,TN,Plus
ST-03580,Dollar Tree #3580,2002-06-28,13087,9180.2,49727,Medium,Mid-Atlantic,NC,Plus
ST-03581,Dollar Tree #3581,2000-06-23,7804,1069.1,21570,Low,Midwest,OK,Plus
ST-03582,Dollar Tree #3582,2006-11-25,12075,3085.2,90330,Medium,Southwest,NM,Standard
ST-03583,Dollar Tree #3583,2019-08-20,10127,3624.5,28285,Low,West,AL,Standard
ST-03584,Dollar Tree #3584,2023-05-05,11466,5181.9,40511,Medium,Southwest,CT,Standard
ST-03585,Dollar Tree #3585,2020-01-25,11967,1425.4,73677,Medium,Southwest,OR,Standard
ST-03586,Dollar Tree #3586,2016-08-16,9261,10462.8,26418,High,West,SC,Standard
ST-03587,Dollar Tree #3587,2013-04-14,10462,6406.4,97136,High,Midwest,TX,Standard
ST-03588,Dollar Tree #3588,2023-11-13,13201,9356.1,93870,Low,Southwest,NM,Plus
ST-03589,Dollar Tree #3589,2005-10-06,7507,5216.3,67013,Medium,West,AR,Combo
ST-03590,Dollar Tree #3590,2016-01-19,11728,8315.9,68660,High,Southwest,FL,Plus
ST-03591,Dollar Tree #3591,2010-03-06,10508,11018.0,88935,High,Mid-Atlantic,SC,Plus
ST-03592,Dollar Tree #3592,2000-08-10,10757,7088.0,51679,Medium,West,NY,Standard
ST-03593,Dollar Tree #3593,2010-06-20,9904,5867.2,29961,Medium,Midwest,CO,Plus
ST-03594,Dollar Tree #3594,2012-05-01,10497,10095.5,83012,Medium,Mid-Atlantic,SC,Standard
ST-03595,Dollar Tree #3595,2010-01-03,13523,8584.9,48129,Low,Southwest,NY,Plus
ST-03596,Dollar Tree #3596,2010-08-18,10773,2424.0,19171,Low,West,KS,Standard
ST-03597,Dollar Tree #3597,2012-06-26,6760,6505.7,67855,Low,Mid-Atlantic,NY,Standard
ST-03598,Dollar Tree #3598,2016-07-02,6459,10501.8,57324,Low,Northeast,OR,Plus
ST-03599,Dollar Tree #3599,2005-05-09,10869,8507.3,33717,Medium,Southwest,SC,Plus
ST-03600,Dollar Tree #3600,2011-11-15,6407,7592.2,94221,Low,Southeast,AL,Standard
ST-03601,Dollar Tree #3601,2000-02-04,11989,10550.8,54550,High,Northeast,FL,Combo
ST-03602,Dollar Tree #3602,2016-07-27,11124,626.3,46075,Low,West,IA,Standard
ST-03603,Dollar Tree #3603,2012-11-21,10921,4266.6,33744,Low,Southeast,KS,Standard
ST-03604,Dollar Tree #3604,2013-10-07,12724,1605.0,83504,Low,Southwest,OH,Standard
ST-03605,Dollar Tree #3605,2000-08-21,7602,433.8,27839,Medium,Southeast,NV,Plus
ST-03606,Dollar Tree #3606,2020-12-14,7137,3262.8,85263,Medium,Midwest,GA,Plus
ST-03607,Dollar Tree #3607,2023-11-10,6203,8428.0,52812,Medium,Mid-Atlantic,FL,Combo
ST-03608,Dollar Tree #3608,2024-05-10,9203,11363.2,88323,Medium,Southwest,OK,Plus
ST-03609,Dollar Tree #3609,2008-01-24,9116,6604.5,74611,Low,Midwest,KY,Standard
ST-03610,Dollar Tree #3610,2008-06-08,8083,4097.6,18596,Medium,Southwest,KY,Plus
ST-03611,Dollar Tree #3611,2017-09-22,12739,5142.2,77385,Low,Mid-Atlantic,CT,Standard
ST-03612,Dollar Tree #3612,2016-04-26,8430,6826.5,39968,High,Midwest,KY,Plus
ST-03613,Dollar Tree #3613,2013-11-06,13001,5114.6,74818,Low,Southwest,AZ,Standard
ST-03614,Dollar Tree #3614,2016-06-08,7263,545.7,96900,Medium,Southwest,NJ,Plus
ST-03615,Dollar Tree #3615,2015-01-17,13381,7385.6,41942,Low,Mid-Atlantic,TN,Plus
ST-03616,Dollar Tree #3616,2017-04-22,12792,7856.2,49422,Low,Mid-Atlantic,TN,Plus
ST-03617,Dollar Tree #3617,2022-06-28,10387,573.8,13116,High,Midwest,VA,Standard
ST-03618,Dollar Tree #3618,2011-12-02,10881,2263.4,45276,Medium,Southwest,OH,Combo
ST-03619,Dollar Tree #3619,2000-01-15,7614,3508.3,89103,Low,West,CA,Combo
ST-03620,Dollar Tree #3620,2014-08-08,13493,8912.0,28596,Medium,Midwest,NC,Combo
ST-03621,Dollar Tree #3621,2011-11-21,13942,8290.4,41678,Medium,Northeast,FL,Plus
ST-03622,Dollar Tree #3622,2004-06-18,8876,1497.3,15039,High,Southeast,OR,Combo
ST-03623,Dollar Tree #3623,2020-01-10,8813,473.3,34247,Medium,Northeast,MI,Standard
ST-03624,Dollar Tree #3624,2010-04-03,7140,10924.5,88200,Medium,Mid-Atlantic,OK,Combo
ST-03625,Dollar Tree #3625,2021-04-27,7833,9057.0,91322,Medium,Southeast,FL,Combo
ST-03626,Dollar Tree #3626,2023-02-04,7165,3020.2,56215,Medium,Northeast,NC,Standard
ST-03627,Dollar Tree #3627,2012-06-06,13249,5636.5,44628,Low,West,TN,Combo
ST-03628,Dollar Tree #3628,2012-03-26,11470,4258.6,16699,Medium,Midwest,MO,Standard
ST-03629,Dollar Tree #3629,2016-04-18,11856,8187.4,55686,Medium,Midwest,FL,Standard
ST-03630,Dollar Tree #3630,2020-07-02,12538,7322.8,92026,Low,West,GA,Standard
ST-03631,Dollar Tree #3631,2003-02-16,11452,10842.1,49903,Medium,Midwest,VA,Combo
ST-03632,Dollar Tree #3632,2007-12-15,11722,568.8,64772,Low,Southwest,OH,Plus
ST-03633,Dollar Tree #3633,2003-07-15,7636,3119.9,42791,Medium,Northeast,AR,Standard
ST-03634,Dollar Tree #3634,2002-11-11,12803,5812.4,65466,High,Mid-Atlantic,IA,Combo
ST-03635,Dollar Tree #3635,2005-07-09,13233,1397.7,65615,Low,West,NC,Plus
ST-03636,Dollar Tree #3636,2003-09-26,11365,5416.5,30943,Low,West,CO,Standard
ST-03637,Dollar Tree #3637,2013-10-08,6686,7321.4,66555,Low,Northeast,MS,Standard
ST-03638,Dollar Tree #3638,2019-10-11,13780,1070.3,74758,Low,Midwest,VA,Standard
ST-03639,Dollar Tree #3639,2022-06-24,11042,9893.8,80759,Low,Southeast,NM,Combo
ST-03640,Dollar Tree #3640,2022-12-14,9610,2885.3,23101,Low,Southeast,NC,Standard
ST-03641,Dollar Tree #3641,2024-09-18,10346,11495.8,50445,Medium,Midwest,KS,Standard
ST-03642,Dollar Tree #3642,2021-05-21,7247,874.8,58404,Medium,Southeast,AZ,Standard
ST-03643,Dollar Tree #3643,2011-01-28,11566,1908.1,33029,High,Southeast,NY,Standard
ST-03644,Dollar Tree #3644,2008-03-16,8963,9251.9,67876,Medium,Southwest,OH,Plus
ST-03645,Dollar Tree #3645,2019-02-04,11884,4108.6,87394,Low,Mid-Atlantic,MI,Combo
ST-03646,Dollar Tree #3646,2008-04-03,10270,10239.9,36623,High,Midwest,GA,Plus
ST-03647,Dollar Tree #3647,2019-06-08,13498,9587.4,14998,High,Mid-Atlantic,KS,Standard
ST-03648,Dollar Tree #3648,2021-10-16,9962,1600.7,94215,Low,Midwest,TX,Plus
ST-03649,Dollar Tree #3649,2004-11-19,6939,11394.9,71302,Medium,Southeast,AZ,Standard
ST-03650,Dollar Tree #3650,2002-08-07,13022,2108.3,24620,Medium,Southeast,OK,Plus
ST-03651,Dollar Tree #3651,2002-12-02,11989,6140.4,39961,Medium,Southeast,OH,Standard
ST-03652,Dollar Tree #3652,2018-09-08,9252,6893.0,19898,Medium,Southwest,IL,Combo
ST-03653,Dollar Tree #3653,2014-07-25,9965,1544.1,13526,Medium,Southeast,AL,Plus
ST-03654,Dollar Tree #3654,2021-08-16,6008,5416.4,48275,Medium,West,CT,Plus
ST-03655,Dollar Tree #3655,2023-02-12,13072,2518.7,43331,Medium,Midwest,CA,Standard
ST-03656,Dollar Tree #3656,2005-01-05,12357,7825.2,78254,Low,West,MO,Plus
ST-03657,Dollar Tree #3657,2019-01-07,12101,11293.6,93617,Medium,Northeast,OH,Plus
ST-03658,Dollar Tree #3658,2010-09-13,9707,9182.5,16190,Low,Mid-Atlantic,IA,Standard
ST-03659,Dollar Tree #3659,2008-01-20,12396,8682.2,36963,Medium,Southwest,OK,Combo
ST-03660,Dollar Tree #3660,2014-11-12,8437,7580.1,80316,High,Mid-Atlantic,PA,Standard
ST-03661,Dollar Tree #3661,2013-09-17,6788,726.9,41927,Medium,Mid-Atlantic,PA,Plus
ST-03662,Dollar Tree #3662,2005-02-02,13138,9054.0,23124,Low,Southeast,NC,Plus
ST-03663,Dollar Tree #3663,2001-02-18,8543,2084.3,10382,Low,Southeast,SC,Combo
ST-03664,Dollar Tree #3664,2017-03-12,12521,2985.3,14132,Medium,Mid-Atlantic,IL,Combo
ST-03665,Dollar Tree #3665,2023-02-25,11505,4763.5,25932,High,Mid-Atlantic,TN,Standard
ST-03666,Dollar Tree #3666,2013-01-08,10402,6871.0,97499,High,Northeast,KY,Combo
ST-03667,Dollar Tree #3667,2015-04-24,9116,7282.7,71060,High,West,AL,Combo
ST-03668,Dollar Tree #3668,2009-11-16,9509,5889.3,16051,Low,Northeast,NJ,Standard
ST-03669,Dollar Tree #3669,2002-05-23,11875,1376.7,16600,Medium,Northeast,IN,Standard
ST-03670,Dollar Tree #3670,2013-04-09,10592,4509.2,13615,High,Mid-Atlantic,SC,Plus
ST-03671,Dollar Tree #3671,2010-02-06,7775,5613.6,79348,Medium,Northeast,IA,Standard
ST-03672,Dollar Tree #3672,2024-10-25,6659,7542.1,94224,Medium,Midwest,NC,Standard
ST-03673,Dollar Tree #3673,2013-10-16,7161,7478.7,55104,Medium,Southwest,AR,Standard
ST-03674,Dollar Tree #3674,2019-03-15,9504,6082.5,40975,Medium,Southwest,CT,Combo
ST-03675,Dollar Tree #3675,2003-12-25,11535,6112.1,64430,Low,Southwest,GA,Plus
ST-03676,Dollar Tree #3676,2011-07-04,7101,8957.8,60027,Medium,West,GA,Standard
ST-03677,Dollar Tree #3677,2011-06-16,7699,5613.4,35637,Medium,West,MO,Combo
ST-03678,Dollar Tree #3678,2009-01-06,11975,1849.5,95888,High,Midwest,OK,Plus
ST-03679,Dollar Tree #3679,2002-05-10,12450,4813.6,59972,Low,Southwest,TN,Standard
ST-03680,Dollar Tree #3680,2023-04-01,8431,11426.9,24476,Low,Southwest,TN,Standard
ST-03681,Dollar Tree #3681,2021-05-06,11129,8117.1,59098,Low,Midwest,WI,Standard
ST-03682,Dollar Tree #3682,2003-10-13,10357,8898.0,37159,Medium,Midwest,MO,Standard
ST-03683,Dollar Tree #3683,2008-07-11,9089,6556.0,84105,Medium,West,WI,Plus
ST-03684,Dollar Tree #3684,2000-04-13,10515,6793.0,40320,Low,Northeast,NC,Plus
ST-03685,Dollar Tree #3685,2007-08-22,10942,11062.3,39863,Medium,Mid-Atlantic,GA,Combo
ST-03686,Dollar Tree #3686,2002-06-19,13991,2337.3,29001,High,West,NY,Combo
ST-03687,Dollar Tree #3687,2020-03-16,13659,880.3,53231,Medium,Southeast,NC,Standard
ST-03688,Dollar Tree #3688,2001-05-02,9089,8965.4,99861,Low,West,NY,Standard
ST-03689,Dollar Tree #3689,2017-08-06,7050,6260.0,46800,Medium,Northeast,WI,Standard
ST-03690,Dollar Tree #3690,2000-02-18,6935,5466.9,86465,Medium,Mid-Atlantic,CA,Plus
ST-03691,Dollar Tree #3691,2010-11-15,10307,7431.3,78241,High,Midwest,AR,Plus
ST-03692,Dollar Tree #3692,2015-05-19,11032,5495.8,88678,Low,Midwest,OH,Standard
ST-03693,Dollar Tree #3693,2003-08-04,6904,3494.1,63637,Medium,Southwest,NJ,Plus
ST-03694,Dollar Tree #3694,2023-02-18,11077,6507.5,23370,Low,Southwest,FL,Plus
ST-03695,Dollar Tree #3695,2006-11-26,11609,10279.0,51075,Medium,Southeast,NY,Plus
ST-03696,Dollar Tree #3696,2006-02-06,10885,5639.8,58040,Medium,Southwest,AR,Standard
ST-03697,Dollar Tree #3697,2023-07-04,9428,7240.9,89796,Medium,Southeast,MO,Plus
ST-03698,Dollar Tree #3698,2016-02-03,10701,10102.3,37690,Medium,Mid-Atlantic,OR,Plus
ST-03699,Dollar Tree #3699,2020-10-19,6438,4825.2,31848,High,Northeast,NY,Standard
ST-03700,Dollar Tree #3700,2020-01-16,6629,5227.0,74717,Medium,Southeast,MS,Combo
ST-03701,Dollar Tree #3701,2022-03-04,9186,2817.3,35489,Medium,Northeast,MS,Standard
ST-03702,Dollar Tree #3702,2002-08-20,13053,6417.2,45095,Medium,Northeast,IA,Standard
ST-03703,Dollar Tree #3703,2009-12-20,12838,864.1,72419,High,Southeast,CO,Standard
ST-03704,Dollar Tree #3704,2023-05-12,10226,9363.0,75997,Low,Midwest,OR,Plus
ST-03705,Dollar Tree #3705,2007-11-20,13512,7114.8,26208,Low,Southwest,KS,Standard
ST-03706,Dollar Tree #3706,2023-04-20,11178,2018.7,52225,Medium,Northeast,IN,Standard
ST-03707,Dollar Tree #3707,2002-10-23,12060,2374.2,83092,Low,Mid-Atlantic,CT,Standard
ST-03708,Dollar Tree #3708,2015-07-06,13410,11233.7,33880,High,Southeast,AZ,Standard
ST-03709,Dollar Tree #3709,2003-12-18,9237,2952.6,88411,Medium,Midwest,NC,Standard
ST-03710,Dollar Tree #3710,2006-12-25,10545,3169.9,40638,Low,Midwest,AZ,Standard
ST-03711,Dollar Tree #3711,2024-01-20,7985,302.4,71642,Medium,Southwest,WI,Combo
ST-03712,Dollar Tree #3712,2023-06-25,13847,7536.8,95277,Medium,Southwest,OR,Combo
ST-03713,Dollar Tree #3713,2009-06-26,10745,6552.9,27774,High,Midwest,NM,Combo
ST-03714,Dollar Tree #3714,2001-09-24,11007,7343.1,33047,High,Northeast,IN,Plus
ST-03715,Dollar Tree #3715,2020-04-11,11331,11359.4,22182,Medium,Southwest,WI,Standard
ST-03716,Dollar Tree #3716,2002-04-07,13888,7536.1,35180,Medium,Southwest,TX,Plus
ST-03717,Dollar Tree #3717,2022-03-04,9922,7951.0,48500,Low,Mid-Atlantic,NM,Standard
ST-03718,Dollar Tree #3718,2009-03-21,7406,7826.8,45438,Low,Mid-Atlantic,CO,Plus
ST-03719,Dollar Tree #3719,2023-04-26,12630,923.7,98304,Low,Southeast,CT,Standard
ST-03720,Dollar Tree #3720,2013-06-10,13387,370.1,81339,Low,Mid-Atlantic,MS,Standard
ST-03721,Dollar Tree #3721,2009-05-06,8429,9177.2,82449,Medium,Southeast,OK,Combo
ST-03722,Dollar Tree #3722,2000-03-23,8289,3086.9,58215,Low,Mid-Atlantic,CO,Standard
ST-03723,Dollar Tree #3723,2014-07-12,11747,10754.5,21909,Low,Mid-Atlantic,CT,Plus
ST-03724,Dollar Tree #3724,2013-11-03,8755,5115.0,45909,Low,West,MS,Plus
ST-03725,Dollar Tree #3725,2009-02-10,10054,4348.3,91395,Medium,West,OR,Standard
ST-03726,Dollar Tree #3726,2006-08-02,8620,3870.3,93399,Low,Midwest,AR,Standard
ST-03727,Dollar Tree #3727,2002-11-21,11108,858.5,33472,Medium,Northeast,OK,Standard
ST-03728,Dollar Tree #3728,2000-11-07,8607,4723.3,90806,Medium,Southeast,CT,Plus
ST-03729,Dollar Tree #3729,2018-03-02,11195,11490.4,41701,Medium,Southwest,OR,Plus
ST-03730,Dollar Tree #3730,2013-10-22,13672,11987.9,88636,Low,Southeast,AL,Standard
ST-03731,Dollar Tree #3731,2007-04-18,9143,1300.6,42774,Low,Northeast,KY,Plus
ST-03732,Dollar Tree #3732,2024-04-20,11544,391.7,91410,Low,Midwest,PA,Standard
ST-03733,Dollar Tree #3733,2020-11-28,7218,3669.9,59616,Medium,Mid-Atlantic,OH,Plus
ST-03734,Dollar Tree #3734,2023-04-09,9359,2457.5,49309,High,West,SC,Plus
ST-03735,Dollar Tree #3735,2007-04-09,7709,5777.1,23438,High,West,AZ,Plus
ST-03736,Dollar Tree #3736,2019-05-24,6305,6191.2,57444,Medium,Southeast,MI,Standard
ST-03737,Dollar Tree #3737,2023-09-06,9143,11336.6,27504,Medium,Midwest,VA,Standard
ST-03738,Dollar Tree #3738,2014-05-07,8785,9890.1,12845,Medium,Midwest,OH,Plus
ST-03739,Dollar Tree #3739,2020-09-26,11091,11866.6,89793,Medium,Southwest,AR,Combo
ST-03740,Dollar Tree #3740,2000-04-19,9497,9718.7,89305,Medium,Midwest,VA,Standard
ST-03741,Dollar Tree #3741,2010-10-04,12877,10370.3,63065,Medium,Northeast,NC,Plus
ST-03742,Dollar Tree #3742,2003-09-17,7649,253.5,87583,Medium,Midwest,NC,Standard
ST-03743,Dollar Tree #3743,2017-09-15,7738,11227.8,47329,High,Mid-Atlantic,CO,Combo
ST-03744,Dollar Tree #3744,2012-11-13,10229,11561.9,66321,Medium,West,SC,Plus
ST-03745,Dollar Tree #3745,2018-05-15,6134,5021.3,23958,Medium,Mid-Atlantic,KS,Combo
ST-03746,Dollar Tree #3746,2000-07-19,6421,1203.0,44191,Medium,Southwest,NM,Standard
ST-03747,Dollar Tree #3747,2002-01-25,7760,9621.4,44171,High,Southwest,NY,Standard
ST-03748,Dollar Tree #3748,2012-08-27,8936,5142.2,52702,Low,Mid-Atlantic,VA,Standard
ST-03749,Dollar Tree #3749,2017-12-17,9460,11335.5,99944,Low,Southwest,MO,Combo
ST-03750,Dollar Tree #3750,2009-05-19,13264,8733.8,33684,Low,Midwest,OR,Standard
ST-03751,Dollar Tree #3751,2011-10-21,9563,6990.7,52947,Low,Midwest,VA,Standard
ST-03752,Dollar Tree #3752,2020-06-26,9350,5020.6,85577,Low,Southwest,VA,Standard
ST-03753,Dollar Tree #3753,2001-03-27,11832,9042.8,44641,Low,West,TN,Standard
ST-03754,Dollar Tree #3754,2015-12-18,10815,2180.3,53402,Medium,Northeast,MI,Standard
ST-03755,Dollar Tree #3755,2004-06-02,13063,8253.4,41551,Medium,Midwest,KS,Combo
ST-03756,Dollar Tree #3756,2015-07-24,7412,9115.7,49433,Medium,Northeast,KY,Plus
ST-03757,Dollar Tree #3757,2024-04-17,11298,3592.8,42046,High,Southwest,KS,Plus
ST-03758,Dollar Tree #3758,2001-11-13,7604,4012.3,55979,Low,Northeast,CT,Standard
ST-03759,Dollar Tree #3759,2000-02-28,12259,1867.4,81994,Medium,Southwest,CO,Standard
ST-03760,Dollar Tree #3760,2002-10-21,7707,218.1,48528,High,West,KS,Standard
ST-03761,Dollar Tree #3761,2004-12-16,9765,4333.3,59289,Medium,Northeast,NV,Standard
ST-03762,Dollar Tree #3762,2012-06-14,7201,808.9,35467,High,Southwest,IL,Standard
ST-03763,Dollar Tree #3763,2009-11-10,7730,7620.6,43838,Medium,West,IA,Plus
ST-03764,Dollar Tree #3764,2012-12-24,11887,3086.3,23756,Medium,Northeast,OK,Standard
ST-03765,Dollar Tree #3765,2006-04-12,9602,8219.6,21636,Medium,Mid-Atlantic,AR,Combo
ST-03766,Dollar Tree #3766,2001-08-08,12866,1663.6,68523,Medium,Midwest,KS,Standard
ST-03767,Dollar Tree #3767,2014-08-14,7417,8167.4,27813,Medium,Southeast,AZ,Plus
ST-03768,Dollar Tree #3768,2017-06-23,6337,6211.4,82649,Medium,Southwest,AR,Plus
ST-03769,Dollar Tree #3769,2008-08-25,13034,4617.1,45732,High,Midwest,KY,Standard
ST-03770,Dollar Tree #3770,2009-09-23,8738,1832.4,56418,Low,Southwest,CT,Plus
ST-03771,Dollar Tree #3771,2008-01-25,12422,3032.3,61025,Medium,Southwest,SC,Plus
ST-03772,Dollar Tree #3772,2009-01-09,13144,1973.5,72916,Medium,Southwest,NJ,Standard
ST-03773,Dollar Tree #3773,2009-10-15,8873,2556.7,21569,Low,Midwest,IA,Plus
ST-03774,Dollar Tree #3774,2024-04-21,12364,2653.9,91525,Medium,Northeast,MS,Standard
ST-03775,Dollar Tree #3775,2020-12-02,10677,10243.0,14390,Medium,Midwest,AZ,Standard
ST-03776,Dollar Tree #3776,2023-09-05,7983,8989.4,44523,Medium,Southeast,WI,Standard
ST-03777,Dollar Tree #3777,2020-11-14,8993,3102.8,33631,Low,Mid-Atlantic,PA,Plus
ST-03778,Dollar Tree #3778,2013-01-21,11599,11002.0,97963,Low,Northeast,NC,Plus
ST-03779,Dollar Tree #3779,2000-10-24,6644,1027.6,42180,Medium,West,IA,Combo
ST-03780,Dollar Tree #3780,2011-07-03,6644,7280.1,88361,Medium,West,AL,Combo
ST-03781,Dollar Tree #3781,2012-06-03,6710,6661.9,99502,Medium,West,IL,Combo
ST-03782,Dollar Tree #3782,2014-05-13,9492,1102.7,50162,Medium,Southwest,TN,Standard
ST-03783,Dollar Tree #3783,2016-11-25,11307,5018.7,73813,High,Northeast,NC,Combo
ST-03784,Dollar Tree #3784,2014-12-19,9371,4918.8,95314,Medium,West,NV,Standard
ST-03785,Dollar Tree #3785,2022-10-01,12065,4599.8,27454,Medium,Southwest,VA,Plus
ST-03786,Dollar Tree #3786,2018-06-01,10315,7774.5,18886,Medium,Mid-Atlantic,OH,Combo
ST-03787,Dollar Tree #3787,2007-12-08,6029,8813.9,85268,High,Southeast,MO,Plus
ST-03788,Dollar Tree #3788,2009-01-11,8279,10090.5,99182,Low,West,SC,Plus
ST-03789,Dollar Tree #3789,2005-03-03,8075,846.6,18812,Low,Northeast,SC,Plus
ST-03790,Dollar Tree #3790,2012-01-10,9969,3828.8,41933,Low,West,AL,Standard
ST-03791,Dollar Tree #3791,2008-08-24,12067,6104.0,31975,Medium,Southwest,MI,Standard
ST-03792,Dollar Tree #3792,2004-01-07,8681,7347.4,46965,Low,Northeast,NM,Combo
ST-03793,Dollar Tree #3793,2021-03-24,7850,9440.5,73026,High,Southeast,AR,Standard
ST-03794,Dollar Tree #3794,2002-09-24,11586,8456.2,63252,Medium,Midwest,NM,Plus
ST-03795,Dollar Tree #3795,2015-05-04,7669,1264.0,36680,Medium,Northeast,WI,Combo
ST-03796,Dollar Tree #3796,2006-01-05,8910,6266.6,35637,Medium,Southwest,IA,Standard
ST-03797,Dollar Tree #3797,2017-02-12,7720,11420.2,79104,Medium,Midwest,KY,Standard
ST-03798,Dollar Tree #3798,2022-02-16,10508,7307.3,55053,Medium,West,CA,Plus
ST-03799,Dollar Tree #3799,2016-05-23,13259,8193.5,19958,Low,West,AZ,Standard
ST-03800,Dollar Tree #3800,2011-09-27,13267,11681.4,24496,Medium,Southwest,NJ,Plus
ST-03801,Dollar Tree #3801,2005-04-18,7683,11321.1,22727,Medium,Southeast,MI,Plus
ST-03802,Dollar Tree #3802,2024-10-03,10487,10720.0,15380,High,Northeast,IL,Plus
ST-03803,Dollar Tree #3803,2002-05-28,9155,2431.1,26663,High,West,AR,Standard
ST-03804,Dollar Tree #3804,2009-03-04,11645,7377.5,58493,Medium,Southwest,CT,Standard
ST-03805,Dollar Tree #3805,2024-01-27,10813,8879.0,23317,Low,Northeast,WI,Standard
ST-03806,Dollar Tree #3806,2004-08-07,8418,1270.0,21423,Medium,Mid-Atlantic,AZ,Standard
ST-03807,Dollar Tree #3807,2006-04-03,8722,10615.3,56708,Medium,Southeast,KS,Standard
ST-03808,Dollar Tree #3808,2002-06-08,6319,2439.7,50279,Medium,Northeast,IN,Plus
ST-03809,Dollar Tree #3809,2017-02-22,11834,1377.7,16219,Medium,Mid-Atlantic,TN,Standard
ST-03810,Dollar Tree #3810,2019-09-10,11436,9263.0,51912,Medium,Southwest,CT,Combo
ST-03811,Dollar Tree #3811,2013-04-24,12555,3804.0,49790,Low,West,CT,Standard
ST-03812,Dollar Tree #3812,2019-10-04,7158,4998.0,90461,Medium,Midwest,VA,Standard
ST-03813,Dollar Tree #3813,2001-07-10,11606,1168.0,91018,High,Northeast,TX,Plus
ST-03814,Dollar Tree #3814,2003-12-24,9132,11790.0,59877,High,West,FL,Standard
ST-03815,Dollar Tree #3815,2001-12-24,10312,7710.1,30976,High,Midwest,PA,Combo
ST-03816,Dollar Tree #3816,2003-07-18,7158,5125.4,75989,Low,Southeast,OK,Standard
ST-03817,Dollar Tree #3817,2020-08-12,13601,7728.8,32347,High,Southwest,AR,Plus
ST-03818,Dollar Tree #3818,2018-07-05,6249,6443.1,92762,Medium,Southwest,AL,Combo
ST-03819,Dollar Tree #3819,2002-12-01,6091,4274.1,40198,Low,Mid-Atlantic,MS,Combo
ST-03820,Dollar Tree #3820,2020-11-12,10032,1728.2,27389,Medium,Mid-Atlantic,IN,Standard
ST-03821,Dollar Tree #3821,2022-04-06,7194,560.0,94592,High,Southwest,NM,Standard
ST-03822,Dollar Tree #3822,2017-06-20,10041,8873.2,43303,Low,West,IN,Standard
ST-03823,Dollar Tree #3823,2004-10-12,6723,3683.9,34414,High,Northeast,VA,Combo
ST-03824,Dollar Tree #3824,2016-11-01,11787,11171.0,92805,Medium,Southwest,TX,Plus
ST-03825,Dollar Tree #3825,2001-05-18,6234,2247.3,33845,Medium,Northeast,TN,Standard
ST-03826,Dollar Tree #3826,2009-08-09,9695,11464.5,62315,High,West,VA,Standard
ST-03827,Dollar Tree #3827,2022-10-01,8106,10473.4,93173,Medium,Mid-Atlantic,AL,Plus
ST-03828,Dollar Tree #3828,2010-07-13,13888,8316.2,36769,Low,Northeast,NV,Plus
ST-03829,Dollar Tree #3829,2010-11-27,8903,5290.7,27634,Low,West,SC,Plus
ST-03830,Dollar Tree #3830,2016-09-17,9627,8790.5,59927,Medium,Southwest,OR,Plus
ST-03831,Dollar Tree #3831,2019-04-03,7687,4794.4,16876,Medium,Mid-Atlantic,PA,Standard
ST-03832,Dollar Tree #3832,2018-01-03,6800,9632.5,35366,Medium,Southwest,TX,Standard
ST-03833,Dollar Tree #3833,2015-10-09,11451,9088.2,20438,Medium,West,TX,Standard
ST-03834,Dollar Tree #3834,2016-01-07,8697,1630.8,43600,Medium,West,MS,Standard
ST-03835,Dollar Tree #3835,2023-04-18,7380,11418.7,84650,Medium,Midwest,FL,Plus
ST-03836,Dollar Tree #3836,2022-02-09,9765,9744.8,16262,Medium,Southeast,MI,Plus
ST-03837,Dollar Tree #3837,2004-09-08,10821,4429.2,22186,High,Southwest,MO,Standard
ST-03838,Dollar Tree #3838,2020-01-27,10623,4110.3,38975,Low,Mid-Atlantic,CT,Plus
ST-03839,Dollar Tree #3839,2015-01-26,10559,3219.0,76916,Medium,Southwest,AR,Combo
ST-03840,Dollar Tree #3840,2016-12-25,9390,10049.6,53480,Medium,Mid-Atlantic,OK,Standard
ST-03841,Dollar Tree #3841,2018-03-12,12343,8029.7,96825,Medium,Mid-Atlantic,OH,Standard
ST-03842,Dollar Tree #3842,2016-03-23,10395,10832.6,24520,Medium,Southeast,PA,Standard
ST-03843,Dollar Tree #3843,2011-04-02,9578,10799.7,77402,Medium,Southwest,SC,Combo
ST-03844,Dollar Tree #3844,2009-11-27,9460,5922.5,63674,High,Southwest,WI,Standard
ST-03845,Dollar Tree #3845,2019-07-09,8653,9660.2,38679,Medium,Midwest,CT,Standard
ST-03846,Dollar Tree #3846,2018-06-27,10709,5804.3,29209,Low,Southeast,NJ,Combo
ST-03847,Dollar Tree #3847,2006-02-16,8640,10787.2,99611,High,Midwest,CO,Combo
ST-03848,Dollar Tree #3848,2005-09-23,11100,5964.8,80444,High,Southwest,NC,Standard
ST-03849,Dollar Tree #3849,2021-02-23,11211,3635.4,79017,Medium,Mid-Atlantic,NV,Standard
ST-03850,Dollar Tree #3850,2013-08-11,12230,1619.5,95447,Low,West,CO,Plus
ST-03851,Dollar Tree #3851,2013-05-11,7835,3365.0,63249,Medium,Midwest,FL,Standard
ST-03852,Dollar Tree #3852,2024-11-14,8545,10663.3,90134,Medium,Southwest,WI,Plus
ST-03853,Dollar Tree #3853,2013-04-24,6065,10979.5,16530,Medium,Southeast,NJ,Combo
ST-03854,Dollar Tree #3854,2016-03-02,12840,1501.0,35122,Low,Northeast,IA,Combo
ST-03855,Dollar Tree #3855,2010-10-16,11342,7743.8,32616,Medium,Southeast,PA,Plus
ST-03856,Dollar Tree #3856,2008-09-26,12103,2736.6,96876,Medium,Southeast,MO,Plus
ST-03857,Dollar Tree #3857,2013-09-02,10650,7615.5,43297,Medium,Mid-Atlantic,OR,Standard
ST-03858,Dollar Tree #3858,2002-11-28,10146,11655.8,45991,Low,Southeast,IL,Standard
ST-03859,Dollar Tree #3859,2017-01-03,12869,10281.1,38727,Medium,Mid-Atlantic,GA,Standard
ST-03860,Dollar Tree #3860,2016-07-13,12118,5934.5,55340,Medium,Midwest,NC,Plus
ST-03861,Dollar Tree #3861,2000-06-08,10798,2020.0,61504,Low,West,NV,Plus
ST-03862,Dollar Tree #3862,2015-05-24,12755,11888.6,92967,High,Southeast,MO,Standard
ST-03863,Dollar Tree #3863,2001-11-11,12138,2633.3,49179,Medium,West,FL,Standard
ST-03864,Dollar Tree #3864,2019-12-05,11821,6462.4,55747,Medium,Southwest,CT,Combo
ST-03865,Dollar Tree #3865,2021-03-26,10106,4500.3,15580,Low,Northeast,NV,Standard
ST-03866,Dollar Tree #3866,2010-12-28,12427,7858.3,96030,Low,West,GA,Standard
ST-03867,Dollar Tree #3867,2021-08-15,8786,10522.1,81961,Low,Northeast,NM,Standard
ST-03868,Dollar Tree #3868,2012-03-14,8128,2767.0,89605,Medium,Southwest,MO,Combo
ST-03869,Dollar Tree #3869,2016-05-10,12130,4866.0,68433,Medium,West,IA,Standard
ST-03870,Dollar Tree #3870,2015-06-03,11458,9419.1,83738,High,West,NY,Plus
ST-03871,Dollar Tree #3871,2016-02-15,9958,4620.8,18981,Low,West,OK,Combo
ST-03872,Dollar Tree #3872,2008-05-04,12500,3820.5,31654,Medium,Southeast,OK,Standard
ST-03873,Dollar Tree #3873,2013-05-20,10435,2298.5,98206,Low,West,IA,Combo
ST-03874,Dollar Tree #3874,2010-11-19,9898,3410.9,68319,Medium,Midwest,AZ,Standard
ST-03875,Dollar Tree #3875,2018-01-16,6153,4467.4,49713,High,West,NC,Combo
ST-03876,Dollar Tree #3876,2022-04-21,12843,3809.8,66611,Medium,Southwest,OK,Plus
ST-03877,Dollar Tree #3877,2003-06-28,9363,9648.3,32901,Low,Mid-Atlantic,TX,Plus
ST-03878,Dollar Tree #3878,2008-10-28,13353,834.5,63073,High,Southeast,MI,Standard
ST-03879,Dollar Tree #3879,2011-04-12,10863,5673.0,26382,Low,Mid-Atlantic,CA,Standard
ST-03880,Dollar Tree #3880,2003-06-21,8066,5655.7,39978,Medium,West,NC,Standard
ST-03881,Dollar Tree #3881,2021-02-27,13327,7979.3,80327,Medium,Southeast,OH,Standard
ST-03882,Dollar Tree #3882,2011-08-17,8758,4935.2,23613,Low,Midwest,NC,Combo
ST-03883,Dollar Tree #3883,2023-11-16,8531,1323.7,79988,Medium,Mid-Atlantic,NJ,Plus
ST-03884,Dollar Tree #3884,2006-10-22,8572,1989.5,28948,Medium,Midwest,NJ,Standard
ST-03885,Dollar Tree #3885,2017-01-27,12350,8155.0,86293,Medium,Southwest,CT,Plus
ST-03886,Dollar Tree #3886,2009-08-12,13601,6118.7,95671,Medium,Southwest,CA,Standard
ST-03887,Dollar Tree #3887,2016-05-21,11245,1587.2,35351,Medium,Southeast,GA,Standard
ST-03888,Dollar Tree #3888,2023-12-21,12447,11555.5,49577,Medium,Northeast,MI,Standard
ST-03889,Dollar Tree #3889,2014-02-09,9280,9721.0,68273,High,Mid-Atlantic,NY,Standard
ST-03890,Dollar Tree #3890,2023-08-22,10832,5971.8,42185,Medium,Northeast,SC,Standard
ST-03891,Dollar Tree #3891,2022-06-19,8785,11937.4,77921,High,Southeast,MO,Standard
ST-03892,Dollar Tree #3892,2011-12-25,9296,637.5,70487,Low,Southeast,CO,Plus
ST-03893,Dollar Tree #3893,2003-01-03,9769,4305.6,98841,Low,Mid-Atlantic,KS,Standard
ST-03894,Dollar Tree #3894,2024-02-15,12141,616.1,60229,Medium,West,MS,Combo
ST-03895,Dollar Tree #3895,2008-10-02,10004,6607.4,88300,Low,West,VA,Standard
ST-03896,Dollar Tree #3896,2021-02-13,13404,8502.9,24397,High,Midwest,AL,Standard
ST-03897,Dollar Tree #3897,2021-09-25,12483,11095.5,65603,Medium,Southwest,OK,Standard
ST-03898,Dollar Tree #3898,2011-04-26,9509,5944.3,41477,Medium,Mid-Atlantic,MS,Standard
ST-03899,Dollar Tree #3899,2022-09-20,9338,736.6,17575,Medium,Southeast,PA,Plus
ST-03900,Dollar Tree #3900,2017-04-09,12382,1207.4,38001,Low,Midwest,AR,Standard
ST-03901,Dollar Tree #3901,2024-04-20,6059,1078.0,34846,Low,West,IN,Standard
ST-03902,Dollar Tree #3902,2005-08-21,8537,11711.9,39715,Medium,Southwest,KS,Combo
ST-03903,Dollar Tree #3903,2007-06-16,11834,9308.3,84419,Medium,Southwest,IA,Standard
ST-03904,Dollar Tree #3904,2022-05-17,13891,463.7,97498,Low,Mid-Atlantic,CA,Plus
ST-03905,Dollar Tree #3905,2021-12-08,12591,4497.6,92429,Medium,Midwest,SC,Standard
ST-03906,Dollar Tree #3906,2012-01-17,7426,11696.9,54919,Low,Mid-Atlantic,TN,Standard
ST-03907,Dollar Tree #3907,2023-08-26,10843,11362.5,18953,Low,West,KS,Plus
ST-03908,Dollar Tree #3908,2012-07-19,6849,1243.8,26548,High,Southeast,IL,Standard
ST-03909,Dollar Tree #3909,2002-05-21,11387,2163.4,30849,Medium,Northeast,NM,Standard
ST-03910,Dollar Tree #3910,2018-08-26,11258,6649.3,29234,Medium,West,KS,Standard
ST-03911,Dollar Tree #3911,2012-06-15,13895,3316.5,92459,Medium,Southwest,NM,Standard
ST-03912,Dollar Tree #3912,2022-04-06,9070,8300.0,51553,Medium,Midwest,NM,Standard
ST-03913,Dollar Tree #3913,2003-09-04,12531,9315.1,79772,High,Mid-Atlantic,VA,Standard
ST-03914,Dollar Tree #3914,2006-07-15,7536,6232.3,12397,High,Midwest,PA,Standard
ST-03915,Dollar Tree #3915,2006-09-27,11308,7792.9,23142,High,West,IL,Plus
ST-03916,Dollar Tree #3916,2023-07-17,8465,9407.8,80393,Medium,Southwest,FL,Standard
ST-03917,Dollar Tree #3917,2012-11-05,7358,529.2,19764,Medium,Mid-Atlantic,WI,Standard
ST-03918,Dollar Tree #3918,2006-04-11,8186,11702.4,22772,Low,Southeast,IN,Standard
ST-03919,Dollar Tree #3919,2017-04-13,6093,2508.0,76605,Medium,Southwest,NM,Standard
ST-03920,Dollar Tree #3920,2014-08-02,11999,6961.5,65284,High,Mid-Atlantic,MO,Plus
ST-03921,Dollar Tree #3921,2003-09-08,12352,5687.4,28924,High,West,NJ,Standard
ST-03922,Dollar Tree #3922,2015-07-21,9954,8330.7,18608,High,Southwest,OH,Standard
ST-03923,Dollar Tree #3923,2015-03-02,8309,6638.1,77652,Medium,West,CA,Combo
ST-03924,Dollar Tree #3924,2009-02-17,9194,9804.3,39146,Low,Southeast,NV,Combo
ST-03925,Dollar Tree #3925,2005-07-28,8436,7921.2,62508,Medium,West,TN,Plus
ST-03926,Dollar Tree #3926,2009-02-19,11020,1183.1,14850,Medium,Mid-Atlantic,NV,Combo
ST-03927,Dollar Tree #3927,2024-04-20,11584,441.1,42790,Medium,Northeast,AL,Combo
ST-03928,Dollar Tree #3928,2022-08-21,6126,2907.7,27129,Medium,Mid-Atlantic,NY,Combo
ST-03929,Dollar Tree #3929,2019-08-22,6434,1655.9,19063,High,Midwest,SC,Plus
ST-03930,Dollar Tree #3930,2003-04-13,10463,1878.0,61283,Medium,Northeast,IN,Standard
ST-03931,Dollar Tree #3931,2005-02-11,13555,3109.9,88428,Low,Mid-Atlantic,NV,Plus
ST-03932,Dollar Tree #3932,2023-03-25,13164,4223.0,32527,Medium,Northeast,PA,Standard
ST-03933,Dollar Tree #3933,2003-07-19,12020,11164.8,13287,Medium,Mid-Atlantic,WI,Plus
ST-03934,Dollar Tree #3934,2011-05-17,6085,1870.5,89099,Low,Southeast,IA,Standard
ST-03935,Dollar Tree #3935,2017-04-25,10124,9965.2,35182,High,West,KY,Standard
ST-03936,Dollar Tree #3936,2000-07-12,9675,3023.9,52765,Low,Southwest,MI,Standard
ST-03937,Dollar Tree #3937,2008-07-19,7783,9303.6,55240,Low,Northeast,NV,Standard
ST-03938,Dollar Tree #3938,2023-02-10,6385,10906.7,21590,Low,West,GA,Standard
ST-03939,Dollar Tree #3939,2002-10-11,9011,6256.1,93202,Medium,Mid-Atlantic,MO,Plus
ST-03940,Dollar Tree #3940,2018-01-08,8776,9734.7,89023,Medium,Northeast,MO,Plus
ST-03941,Dollar Tree #3941,2002-08-23,6219,2468.5,55272,Medium,West,IN,Standard
ST-03942,Dollar Tree #3942,2018-05-03,7061,3193.1,60067,Low,Midwest,FL,Plus
ST-03943,Dollar Tree #3943,2008-09-26,7899,9177.0,92732,Medium,West,VA,Standard
ST-03944,Dollar Tree #3944,2007-08-13,10576,3254.6,83053,Medium,Southwest,IN,Plus
ST-03945,Dollar Tree #3945,2021-07-28,6496,310.8,46675,Low,Midwest,VA,Combo
ST-03946,Dollar Tree #3946,2022-10-26,11865,5569.5,93233,High,Southeast,AR,Standard
ST-03947,Dollar Tree #3947,2020-08-25,7936,726.4,39595,Low,Midwest,AL,Plus
ST-03948,Dollar Tree #3948,2023-12-24,9696,4133.3,75519,Medium,Midwest,NY,Standard
ST-03949,Dollar Tree #3949,2009-09-09,13347,6493.3,15660,Medium,Midwest,OR,Plus
ST-03950,Dollar Tree #3950,2023-04-27,6959,6588.5,55146,Medium,Northeast,KS,Standard
ST-03951,Dollar Tree #3951,2009-03-16,6421,5569.2,86503,Medium,West,OR,Standard
ST-03952,Dollar Tree #3952,2015-07-27,6961,1441.2,16714,Medium,West,MO,Plus
ST-03953,Dollar Tree #3953,2009-08-12,8375,8148.6,56018,Medium,Midwest,IN,Standard
ST-03954,Dollar Tree #3954,2016-10-26,9734,1990.1,60777,High,West,IL,Standard
ST-03955,Dollar Tree #3955,2016-06-09,13727,11870.0,13241,Low,West,TX,Plus
ST-03956,Dollar Tree #3956,2016-05-22,9114,6435.4,55727,High,Southwest,TX,Plus
ST-03957,Dollar Tree #3957,2012-12-19,11971,7250.0,95190,High,Southwest,FL,Standard
ST-03958,Dollar Tree #3958,2016-03-14,12404,6664.8,14426,Medium,Southwest,NV,Plus
ST-03959,Dollar Tree #3959,2014-08-20,9068,5727.0,95754,Low,West,AL,Plus
ST-03960,Dollar Tree #3960,2004-07-08,10071,5727.5,34082,High,Southwest,FL,Combo
ST-03961,Dollar Tree #3961,2002-01-15,12220,3012.7,56870,Low,Southeast,SC,Plus
ST-03962,Dollar Tree #3962,2013-03-06,11412,9557.1,63328,Medium,Mid-Atlantic,NM,Standard
ST-03963,Dollar Tree #3963,2009-04-06,7899,2472.6,41700,Low,Southeast,IL,Plus
ST-03964,Dollar Tree #3964,2018-04-09,8293,4673.2,62577,High,Northeast,AR,Plus
ST-03965,Dollar Tree #3965,2018-05-23,7856,8224.6,10302,Medium,West,NJ,Combo
ST-03966,Dollar Tree #3966,2004-04-11,9585,6544.7,61352,Medium,Southeast,CO,Standard
ST-03967,Dollar Tree #3967,2002-03-17,8815,3060.8,16364,Low,Southwest,KS,Standard
ST-03968,Dollar Tree #3968,2008-09-27,10552,4168.7,79692,Medium,Midwest,GA,Standard
ST-03969,Dollar Tree #3969,2003-10-21,12172,9223.1,78194,Low,Midwest,OH,Standard
ST-03970,Dollar Tree #3970,2011-05-05,10336,9665.5,52465,Low,Southwest,TN,Standard
ST-03971,Dollar Tree #3971,2004-06-11,12559,552.4,83024,Medium,West,WI,Combo
ST-03972,Dollar Tree #3972,2014-09-13,6224,8209.1,15510,Low,Mid-Atlantic,AL,Standard
ST-03973,Dollar Tree #3973,2005-02-08,13272,1086.9,72984,Low,Northeast,CO,Combo
ST-03974,Dollar Tree #3974,2010-09-13,13900,5093.5,37374,Medium,West,OK,Standard
ST-03975,Dollar Tree #3975,2017-08-19,10296,9365.5,30903,Medium,Southwest,IL,Combo
ST-03976,Dollar Tree #3976,2002-05-26,7290,9705.7,84368,Medium,Southwest,OH,Plus
ST-03977,Dollar Tree #3977,2003-08-22,10730,4829.2,49376,Low,Southwest,TX,Standard
ST-03978,Dollar Tree #3978,2006-03-18,10560,6177.4,71735,Low,Northeast,VA,Standard
ST-03979,Dollar Tree #3979,2022-01-06,10317,5954.5,54364,High,Northeast,PA,Standard
ST-03980,Dollar Tree #3980,2004-11-06,11985,8499.0,10475,Low,Mid-Atlantic,NV,Plus
ST-03981,Dollar Tree #3981,2011-05-12,13758,3404.8,62212,Medium,West,MO,Plus
ST-03982,Dollar Tree #3982,2004-11-28,11703,1004.2,45266,Medium,Southwest,PA,Plus
ST-03983,Dollar Tree #3983,2010-11-24,6146,9403.0,56597,Low,Southwest,OK,Combo
ST-03984,Dollar Tree #3984,2018-08-09,8259,2215.6,16658,Low,Mid-Atlantic,AZ,Standard
ST-03985,Dollar Tree #3985,2015-09-25,8798,3649.8,81152,Low,Southeast,TX,Plus
ST-03986,Dollar Tree #3986,2011-09-16,7161,10844.6,82796,Low,Southwest,SC,Combo
ST-03987,Dollar Tree #3987,2020-01-14,6401,9588.3,44028,Medium,Southwest,CO,Standard
ST-03988,Dollar Tree #3988,2007-03-13,9976,1090.6,96987,Medium,Midwest,WI,Combo
ST-03989,Dollar Tree #3989,2003-10-21,9770,282.2,57838,Low,Mid-Atlantic,NY,Plus
ST-03990,Dollar Tree #3990,2013-08-20,12938,11710.1,97727,Low,Northeast,CO,Standard
ST-03991,Dollar Tree #3991,2011-02-19,7070,745.4,83708,Low,West,CT,Combo
ST-03992,Dollar Tree #3992,2011-03-08,7858,8519.4,84069,Medium,Northeast,AR,Standard
ST-03993,Dollar Tree #3993,2018-11-28,7619,9096.6,86741,Medium,West,OH,Plus
ST-03994,Dollar Tree #3994,2003-06-18,13902,11267.3,58752,Medium,Northeast,FL,Plus
ST-03995,Dollar Tree #3995,2006-10-21,9634,1182.7,88845,Low,Northeast,NV,Plus
ST-03996,Dollar Tree #3996,2010-08-10,11701,10338.7,50602,Low,Midwest,SC,Plus
ST-03997,Dollar Tree #3997,2007-10-14,7298,4748.7,55328,Medium,Northeast,WI,Plus
ST-03998,Dollar Tree #3998,2007-12-03,7456,3744.5,85380,Medium,Mid-Atlantic,IN,Standard
ST-03999,Dollar Tree #3999,2024-11-14,11802,9515.0,72916,Low,Midwest,MI,Standard
ST-04000,Dollar Tree #4000,2020-05-07,11158,10623.4,49885,Medium,Southwest,WI,Plus
ST-04001,Dollar Tree #4001,2005-10-28,9083,4470.5,24459,Medium,Southwest,IA,Combo
ST-04002,Dollar Tree #4002,2009-04-17,13098,8180.9,15637,Low,West,NM,Plus
ST-04003,Dollar Tree #4003,2001-04-09,13602,6500.5,12459,High,Midwest,PA,Standard
ST-04004,Dollar Tree #4004,2015-10-28,9430,11539.9,92114,Low,Mid-Atlantic,CA,Plus
ST-04005,Dollar Tree #4005,2009-01-20,6539,5143.6,56443,Medium,Southeast,MO,Plus
ST-04006,Dollar Tree #4006,2004-05-06,9321,4706.9,28143,Low,Midwest,NC,Plus
ST-04007,Dollar Tree #4007,2004-01-08,9379,9426.3,40268,Low,West,IA,Standard
ST-04008,Dollar Tree #4008,2022-05-27,11157,11699.6,23140,High,Midwest,PA,Plus
ST-04009,Dollar Tree #4009,2007-02-23,6931,9075.3,34162,Low,Southwest,MI,Standard
ST-04010,Dollar Tree #4010,2008-08-28,8689,5169.0,11670,Low,Mid-Atlantic,FL,Plus
ST-04011,Dollar Tree #4011,2008-03-20,12530,2828.7,53248,Medium,West,CT,Standard
ST-04012,Dollar Tree #4012,2014-05-06,7293,6987.5,93541,Low,Mid-Atlantic,IA,Standard
ST-04013,Dollar Tree #4013,2019-07-22,9403,10956.8,73084,Medium,Northeast,NJ,Standard
ST-04014,Dollar Tree #4014,2019-01-26,7382,2160.7,31433,High,Midwest,IN,Combo
ST-04015,Dollar Tree #4015,2024-04-13,8657,325.1,36580,Low,West,AL,Standard
ST-04016,Dollar Tree #4016,2018-01-23,13957,7706.6,66665,Medium,Southwest,TN,Standard
ST-04017,Dollar Tree #4017,2020-05-10,7193,5529.0,74079,Low,Mid-Atlantic,OR,Standard
ST-04018,Dollar Tree #4018,2010-05-22,13686,819.5,47242,Low,Mid-Atlantic,GA,Standard
ST-04019,Dollar Tree #4019,2012-10-16,10904,1894.6,18017,High,Southwest,IN,Standard
ST-04020,Dollar Tree #4020,2008-10-08,11095,2518.1,40303,High,West,AZ,Plus
ST-04021,Dollar Tree #4021,2000-05-11,12993,2701.7,98063,Medium,Southeast,MS,Combo
ST-04022,Dollar Tree #4022,2011-03-17,9840,6783.6,39154,Medium,Southwest,IL,Standard
ST-04023,Dollar Tree #4023,2016-02-08,8017,432.4,73098,Low,Midwest,VA,Standard
ST-04024,Dollar Tree #4024,2020-11-07,6413,2333.3,40146,Medium,Midwest,NY,Standard
ST-04025,Dollar Tree #4025,2004-05-25,9896,11214.2,12836,High,West,SC,Standard
ST-04026,Dollar Tree #4026,2006-12-27,9757,2055.9,41683,Low,Midwest,CA,Standard
ST-04027,Dollar Tree #4027,2002-07-02,7028,3132.7,27310,Medium,Northeast,AR,Standard
ST-04028,Dollar Tree #4028,2015-12-03,8995,11377.1,52502,Medium,Southwest,CA,Plus
ST-04029,Dollar Tree #4029,2008-11-23,6428,3425.9,29963,High,Mid-Atlantic,OK,Standard
ST-04030,Dollar Tree #4030,2010-07-10,6583,1128.6,91349,Low,Midwest,AR,Standard
ST-04031,Dollar Tree #4031,2002-03-11,7905,6226.2,14665,Medium,West,FL,Plus
ST-04032,Dollar Tree #4032,2002-04-27,12002,11689.9,55253,Low,Midwest,OR,Combo
ST-04033,Dollar Tree #4033,2007-12-23,8540,7412.6,43282,Low,West,OR,Plus
ST-04034,Dollar Tree #4034,2003-06-23,10073,10328.2,51164,Medium,Southwest,NY,Plus
ST-04035,Dollar Tree #4035,2013-04-06,13854,6276.2,95143,Low,Midwest,TN,Standard
ST-04036,Dollar Tree #4036,2000-07-04,12102,5044.1,19756,High,Mid-Atlantic,KS,Plus
ST-04037,Dollar Tree #4037,2021-06-23,9543,3001.9,27225,Low,Northeast,IN,Plus
ST-04038,Dollar Tree #4038,2002-06-02,8368,2015.3,51208,Medium,West,OK,Plus
ST-04039,Dollar Tree #4039,2016-06-22,11342,5156.3,68378,Medium,Northeast,MI,Standard
ST-04040,Dollar Tree #4040,2021-04-23,13899,5185.0,76215,Low,Mid-Atlantic,IA,Plus
ST-04041,Dollar Tree #4041,2001-02-02,6644,11014.2,64735,High,Northeast,KS,Standard
ST-04042,Dollar Tree #4042,2023-04-20,7218,5930.0,77298,Medium,West,SC,Standard
ST-04043,Dollar Tree #4043,2017-10-07,6313,3516.4,61214,High,Northeast,AZ,Standard
ST-04044,Dollar Tree #4044,2017-09-04,9339,11609.2,72014,High,West,CT,Standard
ST-04045,Dollar Tree #4045,2002-09-27,11611,4368.0,65111,Medium,Northeast,NJ,Combo
ST-04046,Dollar Tree #4046,2001-11-19,9127,4142.0,62462,Medium,West,IA,Standard
ST-04047,Dollar Tree #4047,2012-08-06,10292,604.4,72805,Low,Mid-Atlantic,MO,Standard
ST-04048,Dollar Tree #4048,2000-12-21,10538,1524.7,97656,Medium,Southwest,PA,Combo
ST-04049,Dollar Tree #4049,2006-08-07,8881,5155.7,12325,Medium,West,GA,Combo
ST-04050,Dollar Tree #4050,2023-12-25,6235,11521.2,39090,Low,Southwest,CO,Plus
ST-04051,Dollar Tree #4051,2016-10-19,11151,11866.0,58657,Low,Mid-Atlantic,NC,Standard
ST-04052,Dollar Tree #4052,2009-10-18,7674,5057.5,20411,Medium,Southwest,MO,Standard
ST-04053,Dollar Tree #4053,2018-01-14,9104,6416.9,64769,Medium,Midwest,FL,Plus
ST-04054,Dollar Tree #4054,2010-08-04,6688,5214.8,56441,Medium,Northeast,NJ,Combo
ST-04055,Dollar Tree #4055,2019-06-27,9294,2645.3,49802,Low,Northeast,WI,Standard
ST-04056,Dollar Tree #4056,2020-11-15,7716,7145.1,29208,Low,Mid-Atlantic,CA,Standard
ST-04057,Dollar Tree #4057,2011-09-27,13875,4284.0,53421,Low,Southeast,IA,Plus
ST-04058,Dollar Tree #4058,2022-08-16,12509,3055.1,98736,Low,Northeast,AZ,Plus
ST-04059,Dollar Tree #4059,2022-09-16,6886,7184.5,31087,Medium,Northeast,NJ,Standard
ST-04060,Dollar Tree #4060,2017-08-22,7259,348.9,23565,Low,Midwest,OK,Standard
ST-04061,Dollar Tree #4061,2004-06-27,8376,4176.8,13116,High,Northeast,VA,Standard
ST-04062,Dollar Tree #4062,2018-01-17,12097,8695.1,97268,Medium,West,NM,Plus
ST-04063,Dollar Tree #4063,2006-10-28,10063,4937.2,70063,Low,West,WI,Plus
ST-04064,Dollar Tree #4064,2004-05-13,6797,4822.4,11728,Low,Midwest,GA,Plus
ST-04065,Dollar Tree #4065,2007-11-02,6225,552.9,20416,Medium,Southeast,VA,Standard
ST-04066,Dollar Tree #4066,2019-05-20,13674,2867.1,12327,Medium,Mid-Atlantic,OR,Standard
ST-04067,Dollar Tree #4067,2003-08-19,10639,11548.9,64103,Medium,Midwest,TN,Plus
ST-04068,Dollar Tree #4068,2004-09-20,10067,8379.6,57084,Low,West,CO,Plus
ST-04069,Dollar Tree #4069,2005-03-11,7271,5537.6,52900,High,Southwest,CA,Standard
ST-04070,Dollar Tree #4070,2005-03-08,6306,1729.7,47613,Low,Midwest,AZ,Combo
ST-04071,Dollar Tree #4071,2014-08-28,12946,11712.0,23380,Low,Midwest,FL,Combo
ST-04072,Dollar Tree #4072,2011-09-19,12034,713.1,44392,Low,West,KS,Combo
ST-04073,Dollar Tree #4073,2005-09-01,8759,1019.5,62762,Medium,Northeast,OR,Plus
ST-04074,Dollar Tree #4074,2003-03-07,10744,1699.7,79101,Medium,Midwest,IA,Standard
ST-04075,Dollar Tree #4075,2015-11-20,6275,7087.7,60019,Low,Southwest,FL,Standard
ST-04076,Dollar Tree #4076,2004-08-13,11009,4010.9,82306,Medium,Midwest,MI,Standard
ST-04077,Dollar Tree #4077,2000-03-06,12547,11729.6,82787,Low,Midwest,SC,Plus
ST-04078,Dollar Tree #4078,2012-04-24,6577,3082.9,70488,Low,Southwest,FL,Standard
ST-04079,Dollar Tree #4079,2011-01-08,13725,1069.3,24401,Medium,Northeast,OR,Standard
ST-04080,Dollar Tree #4080,2012-11-13,11171,7128.5,25962,Medium,Northeast,CO,Standard
ST-04081,Dollar Tree #4081,2021-10-14,6052,4722.2,13212,Medium,Southwest,NM,Standard
ST-04082,Dollar Tree #4082,2016-10-27,12097,1664.9,23360,Medium,West,PA,Combo
ST-04083,Dollar Tree #4083,2010-07-22,11542,7271.1,49816,High,Southwest,TN,Plus
ST-04084,Dollar Tree #4084,2017-11-25,7731,3615.7,15933,Low,Midwest,FL,Standard
ST-04085,Dollar Tree #4085,2002-04-25,6571,6284.9,24531,Medium,Mid-Atlantic,NY,Standard
ST-04086,Dollar Tree #4086,2000-06-03,11713,8505.7,30522,Medium,Mid-Atlantic,NY,Plus
ST-04087,Dollar Tree #4087,2018-11-01,8537,3879.5,15053,Medium,Midwest,TN,Standard
ST-04088,Dollar Tree #4088,2018-12-09,12491,763.6,60645,Medium,Northeast,MI,Combo
ST-04089,Dollar Tree #4089,2016-08-17,7742,1016.7,35943,Low,Midwest,MS,Standard
ST-04090,Dollar Tree #4090,2024-07-09,8578,5790.9,29984,Medium,Midwest,OK,Plus
ST-04091,Dollar Tree #4091,2019-05-26,6447,5568.9,45091,Low,Southeast,IL,Plus
ST-04092,Dollar Tree #4092,2008-05-20,11139,7051.4,78847,Medium,Northeast,CO,Standard
ST-04093,Dollar Tree #4093,2007-10-04,11800,2899.4,90592,Medium,Northeast,OH,Combo
ST-04094,Dollar Tree #4094,2012-05-03,6035,10034.8,12217,Low,Southeast,TN,Plus
ST-04095,Dollar Tree #4095,2011-04-03,11757,7821.7,15960,Medium,Southwest,NM,Plus
ST-04096,Dollar Tree #4096,2007-02-22,12852,627.2,13507,Medium,West,AZ,Combo
ST-04097,Dollar Tree #4097,2010-05-14,12445,1316.5,52220,Low,Southwest,CA,Plus
ST-04098,Dollar Tree #4098,2009-01-02,8301,5401.6,78295,Medium,Southwest,CO,Standard
ST-04099,Dollar Tree #4099,2017-07-25,11206,7706.6,78003,Medium,Midwest,WI,Standard
ST-04100,Dollar Tree #4100,2016-02-15,6099,10798.6,42303,Medium,Northeast,TX,Standard
ST-04101,Dollar Tree #4101,2014-08-01,12172,1047.4,73738,Low,Mid-Atlantic,MO,Standard
ST-04102,Dollar Tree #4102,2018-05-20,7616,9745.5,14846,Medium,West,NY,Standard
ST-04103,Dollar Tree #4103,2002-08-04,10700,8501.1,65459,Low,Northeast,NC,Plus
ST-04104,Dollar Tree #4104,2000-03-03,8195,3582.0,21289,Medium,Midwest,KS,Plus
ST-04105,Dollar Tree #4105,2013-08-09,7863,2941.9,97239,High,West,MI,Combo
ST-04106,Dollar Tree #4106,2018-12-14,11745,11122.3,59024,Low,Southeast,AL,Standard
ST-04107,Dollar Tree #4107,2015-11-01,12705,2691.2,40688,Medium,Southeast,NM,Standard
ST-04108,Dollar Tree #4108,2024-01-10,11056,8397.8,86764,Medium,Southeast,AZ,Combo
ST-04109,Dollar Tree #4109,2012-06-07,11892,4753.8,24636,High,West,MO,Combo
ST-04110,Dollar Tree #4110,2014-04-04,9722,2754.2,84439,Medium,Southwest,OR,Standard
ST-04111,Dollar Tree #4111,2008-09-16,11879,8728.7,35700,High,West,AR,Standard
ST-04112,Dollar Tree #4112,2016-07-28,8699,11643.0,41929,Medium,Southeast,KS,Plus
ST-04113,Dollar Tree #4113,2021-07-18,9712,8032.6,44180,High,Northeast,NM,Standard
ST-04114,Dollar Tree #4114,2008-10-07,12480,1667.5,73124,Medium,Southwest,IN,Standard
ST-04115,Dollar Tree #4115,2013-01-12,8980,6798.7,23273,Medium,Southeast,AR,Standard
ST-04116,Dollar Tree #4116,2014-10-05,6970,10593.9,25916,Medium,Southeast,VA,Standard
ST-04117,Dollar Tree #4117,2012-12-26,10812,6776.0,34638,Medium,Midwest,AZ,Standard
ST-04118,Dollar Tree #4118,2012-04-27,10854,6514.4,88114,Medium,Northeast,NY,Standard
ST-04119,Dollar Tree #4119,2021-11-21,8684,4455.3,10642,Low,West,OR,Standard
ST-04120,Dollar Tree #4120,2008-11-05,9894,8408.2,22983,High,West,AZ,Plus
ST-04121,Dollar Tree #4121,2023-10-05,8966,4001.4,89211,High,Northeast,VA,Standard
ST-04122,Dollar Tree #4122,2019-03-13,6439,283.6,97400,Low,Northeast,OK,Combo
ST-04123,Dollar Tree #4123,2001-02-27,8676,5204.8,64431,Low,West,IN,Standard
ST-04124,Dollar Tree #4124,2017-05-26,8067,11621.7,91721,High,West,FL,Standard
ST-04125,Dollar Tree #4125,2002-04-01,6384,8136.5,82881,Medium,Southeast,KY,Standard
ST-04126,Dollar Tree #4126,2016-05-22,13958,4630.5,85099,Medium,Northeast,IA,Combo
ST-04127,Dollar Tree #4127,2021-12-27,10593,10261.8,72661,Low,Southeast,OK,Standard
ST-04128,Dollar Tree #4128,2002-01-09,11450,3296.3,26366,Medium,Mid-Atlantic,NV,Plus
ST-04129,Dollar Tree #4129,2020-04-21,9380,10301.7,57553,Medium,Mid-Atlantic,TN,Standard
ST-04130,Dollar Tree #4130,2019-03-05,6588,9310.8,79508,Medium,Southeast,NV,Standard
ST-04131,Dollar Tree #4131,2000-07-07,12149,1163.0,62118,Medium,Northeast,MO,Plus
ST-04132,Dollar Tree #4132,2002-11-21,11139,11702.0,39274,Low,Southeast,IL,Plus
ST-04133,Dollar Tree #4133,2008-02-23,11142,5349.1,41291,Medium,West,IL,Standard
ST-04134,Dollar Tree #4134,2020-10-19,6541,5083.2,70613,Medium,Midwest,TX,Standard
ST-04135,Dollar Tree #4135,2004-04-26,10730,8063.8,84916,High,Southeast,OK,Standard
ST-04136,Dollar Tree #4136,2010-03-26,13370,6497.2,93239,Medium,Southwest,NM,Standard
ST-04137,Dollar Tree #4137,2005-07-20,7969,5640.9,44083,Medium,West,AL,Standard
ST-04138,Dollar Tree #4138,2005-03-11,7515,10902.6,64325,Medium,Midwest,MI,Combo
ST-04139,Dollar Tree #4139,2016-05-25,13876,3130.1,92548,Medium,Mid-Atlantic,CT,Plus
ST-04140,Dollar Tree #4140,2013-09-04,13144,11669.5,25223,Low,Midwest,MS,Standard
ST-04141,Dollar Tree #4141,2007-01-14,8109,486.8,78123,Low,Midwest,SC,Plus
ST-04142,Dollar Tree #4142,2015-02-27,8735,3943.7,55576,Medium,Mid-Atlantic,OK,Combo
ST-04143,Dollar Tree #4143,2001-11-13,11722,10687.6,73108,Medium,Southwest,NM,Plus
ST-04144,Dollar Tree #4144,2001-03-12,10727,1356.0,29915,Low,Mid-Atlantic,CT,Standard
ST-04145,Dollar Tree #4145,2012-04-15,7378,1571.5,33406,High,Southwest,AZ,Combo
ST-04146,Dollar Tree #4146,2000-04-05,7558,4023.2,48922,Low,West,MS,Standard
ST-04147,Dollar Tree #4147,2005-10-11,8823,7963.1,87258,Medium,Southwest,IN,Standard
ST-04148,Dollar Tree #4148,2023-08-26,10679,2507.7,57055,Medium,West,VA,Standard
ST-04149,Dollar Tree #4149,2002-10-21,12685,1923.4,69171,Medium,Mid-Atlantic,FL,Standard
ST-04150,Dollar Tree #4150,2002-08-22,7774,11854.1,69775,Low,Southeast,OR,Plus
ST-04151,Dollar Tree #4151,2013-03-12,9219,11502.5,70688,Medium,Northeast,NY,Standard
ST-04152,Dollar Tree #4152,2011-09-10,11982,10231.9,36907,Low,Northeast,MS,Standard
ST-04153,Dollar Tree #4153,2017-01-12,9259,11483.6,14203,High,West,OR,Standard
ST-04154,Dollar Tree #4154,2018-03-21,8070,11931.9,83219,Low,West,IN,Standard
ST-04155,Dollar Tree #4155,2005-02-02,13274,5766.1,78380,Medium,Southeast,FL,Standard
ST-04156,Dollar Tree #4156,2020-08-08,11867,5235.8,56287,Medium,West,NJ,Standard
ST-04157,Dollar Tree #4157,2005-01-16,7095,277.7,90895,Medium,Northeast,SC,Standard
ST-04158,Dollar Tree #4158,2004-09-16,8075,9989.3,19090,Medium,Mid-Atlantic,OR,Standard
ST-04159,Dollar Tree #4159,2015-10-23,9521,9192.0,37438,High,Southwest,VA,Standard
ST-04160,Dollar Tree #4160,2005-10-24,11985,4061.4,53518,Low,Mid-Atlantic,OR,Standard
ST-04161,Dollar Tree #4161,2000-06-03,6265,6256.6,91060,Medium,Mid-Atlantic,SC,Standard
ST-04162,Dollar Tree #4162,2022-03-05,9516,10549.9,37261,High,Northeast,TX,Standard
ST-04163,Dollar Tree #4163,2013-01-15,7102,1722.2,52236,Low,Southeast,CT,Combo
ST-04164,Dollar Tree #4164,2016-04-01,11778,10872.1,97774,Medium,Mid-Atlantic,PA,Combo
ST-04165,Dollar Tree #4165,2008-04-15,8710,9721.2,85276,Low,Southwest,IA,Plus
ST-04166,Dollar Tree #4166,2004-09-01,13081,7352.5,64466,High,Southwest,GA,Standard
ST-04167,Dollar Tree #4167,2013-07-20,9158,10066.6,71767,High,Mid-Atlantic,MI,Standard
ST-04168,Dollar Tree #4168,2007-04-28,6011,3200.0,46496,Medium,Northeast,TX,Plus
ST-04169,Dollar Tree #4169,2003-07-13,8161,7047.4,10561,Low,Mid-Atlantic,SC,Standard
ST-04170,Dollar Tree #4170,2009-12-11,10524,524.1,53148,High,Mid-Atlantic,NY,Plus
ST-04171,Dollar Tree #4171,2013-05-05,10752,11355.4,32276,Medium,Northeast,AL,Standard
ST-04172,Dollar Tree #4172,2009-02-04,8938,271.6,12380,High,West,MS,Plus
ST-04173,Dollar Tree #4173,2019-10-23,9405,1364.8,35577,Low,Midwest,AR,Standard
ST-04174,Dollar Tree #4174,2022-06-12,7309,8437.9,31318,Low,Mid-Atlantic,MS,Plus
ST-04175,Dollar Tree #4175,2001-06-17,12860,6669.3,69772,High,Southwest,KY,Standard
ST-04176,Dollar Tree #4176,2007-06-09,12063,875.7,50116,Medium,Southwest,OH,Standard
ST-04177,Dollar Tree #4177,2023-11-07,10880,4496.8,23960,Low,Northeast,NM,Standard
ST-04178,Dollar Tree #4178,2024-03-27,8659,3968.2,99892,Medium,Southeast,IN,Plus
ST-04179,Dollar Tree #4179,2022-09-18,10409,2290.6,15292,Low,Northeast,IN,Standard
ST-04180,Dollar Tree #4180,2017-10-01,13941,3007.9,43387,Medium,West,NV,Plus
ST-04181,Dollar Tree #4181,2000-12-25,10857,5756.5,81246,Medium,Northeast,MS,Standard
ST-04182,Dollar Tree #4182,2004-03-20,13314,2798.2,53054,High,Midwest,OK,Combo
ST-04183,Dollar Tree #4183,2011-10-06,6370,4046.6,56219,Medium,Southwest,IN,Standard
ST-04184,Dollar Tree #4184,2014-08-20,10974,11794.1,21568,Low,Mid-Atlantic,IL,Plus
ST-04185,Dollar Tree #4185,2018-09-08,6150,8562.0,53431,Medium,Southwest,PA,Plus
ST-04186,Dollar Tree #4186,2008-06-25,13110,8257.4,21503,Medium,Northeast,SC,Plus
ST-04187,Dollar Tree #4187,2011-09-19,9807,10956.5,15108,Low,Midwest,OK,Standard
ST-04188,Dollar Tree #4188,2005-02-25,7680,2576.7,78378,Medium,Southwest,CA,Standard
ST-04189,Dollar Tree #4189,2016-04-09,9756,5305.0,19220,Low,Mid-Atlantic,WI,Combo
ST-04190,Dollar Tree #4190,2018-09-19,11057,8713.9,10921,High,Southwest,NC,Plus
ST-04191,Dollar Tree #4191,2003-12-04,12125,3107.7,85005,Medium,Mid-Atlantic,MO,Plus
ST-04192,Dollar Tree #4192,2019-03-15,6861,7674.1,53038,High,Southwest,NM,Standard
ST-04193,Dollar Tree #4193,2007-04-17,11544,5931.9,80910,Medium,Mid-Atlantic,NJ,Standard
ST-04194,Dollar Tree #4194,2016-06-24,11265,11566.2,83507,Medium,West,AZ,Plus
ST-04195,Dollar Tree #4195,2020-02-18,12332,9250.5,40782,Medium,Southwest,AZ,Combo
ST-04196,Dollar Tree #4196,2007-01-23,13449,10779.2,11121,High,Northeast,MO,Standard
ST-04197,Dollar Tree #4197,2015-10-10,11041,7072.2,90179,High,Mid-Atlantic,AR,Standard
ST-04198,Dollar Tree #4198,2008-06-15,11603,10827.7,96435,Medium,Midwest,NC,Standard
ST-04199,Dollar Tree #4199,2001-08-13,10763,10886.4,32328,High,Southwest,PA,Plus
ST-04200,Dollar Tree #4200,2020-06-10,11359,2940.7,69234,Medium,West,NY,Combo
ST-04201,Dollar Tree #4201,2012-01-26,12009,3257.6,54680,Medium,Mid-Atlantic,NM,Plus
ST-04202,Dollar Tree #4202,2006-10-17,8698,11466.7,93470,High,West,CT,Standard
ST-04203,Dollar Tree #4203,2014-10-23,12412,6953.2,66255,Medium,West,KS,Standard
ST-04204,Dollar Tree #4204,2014-09-25,7826,11078.8,75126,Medium,Southwest,OK,Plus
ST-04205,Dollar Tree #4205,2002-07-16,10311,3851.3,38584,Medium,Mid-Atlantic,CA,Plus
ST-04206,Dollar Tree #4206,2022-04-02,9627,7895.4,22826,High,Southwest,IN,Plus
ST-04207,Dollar Tree #4207,2003-11-21,13044,2481.0,96191,Low,Mid-Atlantic,KY,Standard
ST-04208,Dollar Tree #4208,2015-09-18,7785,4777.3,30541,Low,Southeast,IL,Combo
ST-04209,Dollar Tree #4209,2022-09-11,8314,361.1,34784,Medium,West,AL,Plus
ST-04210,Dollar Tree #4210,2010-03-18,8728,8249.0,15664,High,Southeast,GA,Standard
ST-04211,Dollar Tree #4211,2024-03-27,11598,9653.7,51295,Low,Southeast,IN,Standard
ST-04212,Dollar Tree #4212,2010-12-22,11823,4106.0,25581,Medium,West,IN,Standard
ST-04213,Dollar Tree #4213,2008-10-23,6439,2422.8,26771,Low,Midwest,MO,Plus
ST-04214,Dollar Tree #4214,2002-05-14,12489,7426.0,14375,Medium,Southeast,OR,Standard
ST-04215,Dollar Tree #4215,2010-06-12,11692,5527.5,15492,Low,Northeast,CA,Plus
ST-04216,Dollar Tree #4216,2003-08-09,6603,2495.8,50523,Medium,Midwest,AL,Standard
ST-04217,Dollar Tree #4217,2015-07-04,12274,2089.4,82222,Medium,Southeast,NM,Combo
ST-04218,Dollar Tree #4218,2019-02-21,7208,5835.8,11870,Medium,Midwest,TX,Plus
ST-04219,Dollar Tree #4219,2023-07-04,13422,2015.1,29585,Medium,Mid-Atlantic,GA,Combo
ST-04220,Dollar Tree #4220,2022-11-01,8987,4757.2,47130,Medium,West,OR,Standard
ST-04221,Dollar Tree #4221,2007-11-01,13674,3228.7,58459,Medium,Midwest,AL,Standard
ST-04222,Dollar Tree #4222,2001-03-14,7738,8527.2,66191,Low,Southwest,MO,Plus
ST-04223,Dollar Tree #4223,2024-09-20,12570,8131.5,38362,Low,Mid-Atlantic,PA,Plus
ST-04224,Dollar Tree #4224,2013-04-19,11924,7287.2,44452,High,Southwest,CA,Standard
ST-04225,Dollar Tree #4225,2016-03-23,12077,9932.8,62469,Medium,Southwest,CT,Combo
ST-04226,Dollar Tree #4226,2004-07-19,6142,2368.2,99869,Low,Southeast,CA,Plus
ST-04227,Dollar Tree #4227,2014-06-11,11542,475.7,23655,Medium,West,CA,Plus
ST-04228,Dollar Tree #4228,2020-08-01,13517,8711.4,54664,High,Northeast,OH,Standard
ST-04229,Dollar Tree #4229,2001-04-19,12949,2663.7,50545,Medium,Northeast,IN,Plus
ST-04230,Dollar Tree #4230,2019-08-06,13474,1551.2,33897,High,Northeast,SC,Combo
ST-04231,Dollar Tree #4231,2006-11-08,12184,8297.8,40305,Medium,Mid-Atlantic,KY,Standard
ST-04232,Dollar Tree #4232,2023-10-06,10734,11054.4,95039,Medium,Southeast,NY,Standard
ST-04233,Dollar Tree #4233,2010-04-01,9935,1203.5,32719,Medium,Northeast,KS,Standard
ST-04234,Dollar Tree #4234,2017-03-05,10185,2951.4,70725,Medium,Mid-Atlantic,NC,Standard
ST-04235,Dollar Tree #4235,2014-01-11,8343,7521.2,52487,Medium,Mid-Atlantic,SC,Plus
ST-04236,Dollar Tree #4236,2014-03-18,13647,1914.5,62458,Low,Southeast,OH,Combo
ST-04237,Dollar Tree #4237,2021-09-27,11682,9018.0,13380,Low,Southeast,TN,Plus
ST-04238,Dollar Tree #4238,2017-01-10,8119,5108.3,64930,Medium,West,AL,Standard
ST-04239,Dollar Tree #4239,2004-12-09,10022,5018.6,84431,Medium,Mid-Atlantic,AR,Standard
ST-04240,Dollar Tree #4240,2020-07-27,13789,3330.2,30398,High,Mid-Atlantic,NC,Standard
ST-04241,Dollar Tree #4241,2005-06-15,7781,5546.0,71050,High,Midwest,MO,Plus
ST-04242,Dollar Tree #4242,2017-09-09,6115,5409.9,89429,Medium,Southwest,VA,Plus
ST-04243,Dollar Tree #4243,2014-08-25,13106,823.7,66882,Low,Southeast,NV,Plus
ST-04244,Dollar Tree #4244,2016-09-20,9717,11451.3,30074,Medium,Midwest,PA,Plus
ST-04245,Dollar Tree #4245,2016-01-26,10904,1808.7,29218,Medium,Mid-Atlantic,CT,Standard
ST-04246,Dollar Tree #4246,2022-11-25,9093,3234.5,67350,Low,Northeast,VA,Standard
ST-04247,Dollar Tree #4247,2015-02-21,10226,11309.8,14361,Medium,Southwest,CT,Combo
ST-04248,Dollar Tree #4248,2012-09-17,6086,9579.8,19734,High,Mid-Atlantic,AZ,Plus
ST-04249,Dollar Tree #4249,2009-08-28,10728,10089.7,93358,Low,Southeast,IN,Plus
ST-04250,Dollar Tree #4250,2016-04-04,13209,2255.6,44407,Low,West,OK,Standard
ST-04251,Dollar Tree #4251,2007-06-22,11617,3386.7,62285,Low,Northeast,AL,Plus
ST-04252,Dollar Tree #4252,2002-10-18,11578,3288.0,12584,Medium,Southwest,TX,Combo
ST-04253,Dollar Tree #4253,2003-08-01,11670,6270.3,99804,Medium,Southwest,KS,Standard
ST-04254,Dollar Tree #4254,2011-03-02,9928,5714.6,23560,High,Northeast,MO,Standard
ST-04255,Dollar Tree #4255,2001-05-08,7842,5210.9,81823,Medium,Midwest,CT,Plus
ST-04256,Dollar Tree #4256,2019-07-15,11729,1989.7,48492,Medium,Northeast,OK,Standard
ST-04257,Dollar Tree #4257,2010-02-03,6286,11131.2,84796,Low,Northeast,OK,Plus
ST-04258,Dollar Tree #4258,2001-02-16,10548,8895.5,13680,High,Southeast,TX,Standard
ST-04259,Dollar Tree #4259,2001-03-12,11448,3610.9,72069,Low,Mid-Atlantic,IA,Combo
ST-04260,Dollar Tree #4260,2007-12-22,11060,2272.4,20735,Low,Mid-Atlantic,OH,Plus
ST-04261,Dollar Tree #4261,2015-06-20,12476,7315.9,45262,High,Southwest,OK,Combo
ST-04262,Dollar Tree #4262,2020-11-28,13676,4138.4,40155,Medium,Southwest,VA,Plus
ST-04263,Dollar Tree #4263,2023-08-24,8533,3202.0,31888,Medium,Southeast,AZ,Combo
ST-04264,Dollar Tree #4264,2021-11-20,12255,8955.6,97680,High,Southeast,CA,Standard
ST-04265,Dollar Tree #4265,2002-07-10,6925,4320.8,37680,Medium,Midwest,CA,Combo
ST-04266,Dollar Tree #4266,2011-02-07,7952,5611.3,90295,Low,Southwest,MS,Plus
ST-04267,Dollar Tree #4267,2024-07-24,10697,9303.1,89681,Medium,Southwest,SC,Standard
ST-04268,Dollar Tree #4268,2023-11-13,12284,11023.4,79493,Medium,Midwest,MO,Standard
ST-04269,Dollar Tree #4269,2014-05-20,11384,747.8,57601,Medium,Midwest,CO,Combo
ST-04270,Dollar Tree #4270,2012-09-17,6645,3445.4,87100,Medium,Northeast,WI,Standard
ST-04271,Dollar Tree #4271,2006-06-17,9283,2216.8,15915,High,Midwest,IN,Standard
ST-04272,Dollar Tree #4272,2008-06-01,10627,7483.0,83117,Medium,Southeast,OH,Standard
ST-04273,Dollar Tree #4273,2011-04-11,7190,11693.4,87484,Low,Northeast,NV,Standard
ST-04274,Dollar Tree #4274,2002-12-02,13463,8473.4,58751,High,Northeast,SC,Standard
ST-04275,Dollar Tree #4275,2013-11-14,13348,6237.8,82601,High,Mid-Atlantic,VA,Plus
ST-04276,Dollar Tree #4276,2007-03-03,7988,4412.2,85612,Medium,Northeast,WI,Combo
ST-04277,Dollar Tree #4277,2006-01-27,11399,5556.7,36025,High,Midwest,OR,Plus
ST-04278,Dollar Tree #4278,2000-01-05,7210,7948.4,64865,Medium,Southeast,NJ,Plus
ST-04279,Dollar Tree #4279,2015-11-05,6070,4152.4,53500,Medium,West,AR,Standard
ST-04280,Dollar Tree #4280,2018-09-28,13244,11141.3,81835,Low,Mid-Atlantic,CO,Standard
ST-04281,Dollar Tree #4281,2002-05-16,13960,8260.4,89803,High,West,NC,Plus
ST-04282,Dollar Tree #4282,2009-07-01,8414,2259.2,42493,Medium,Northeast,MO,Combo
ST-04283,Dollar Tree #4283,2017-05-22,9886,11842.7,33624,Low,Midwest,TN,Standard
ST-04284,Dollar Tree #4284,2014-03-16,8752,6517.0,45576,Medium,Southeast,CO,Standard
ST-04285,Dollar Tree #4285,2013-08-28,13722,10099.3,91221,Medium,West,KY,Plus
ST-04286,Dollar Tree #4286,2014-10-18,10298,5640.1,71687,Medium,Midwest,NC,Standard
ST-04287,Dollar Tree #4287,2016-05-15,12213,3679.9,19079,Low,Midwest,TX,Standard
ST-04288,Dollar Tree #4288,2019-03-24,13664,7058.7,37922,Medium,Northeast,OR,Standard
ST-04289,Dollar Tree #4289,2019-07-06,11696,5553.4,96964,Low,Mid-Atlantic,AL,Standard
ST-04290,Dollar Tree #4290,2008-07-08,10226,7313.2,24533,Low,Midwest,AR,Plus
ST-04291,Dollar Tree #4291,2009-05-16,10948,3060.3,97697,Medium,Southwest,NY,Standard
ST-04292,Dollar Tree #4292,2011-07-18,12580,4944.3,27342,High,Southeast,KS,Standard
ST-04293,Dollar Tree #4293,2014-01-22,9431,4156.4,43072,Medium,Northeast,KS,Standard
ST-04294,Dollar Tree #4294,2007-02-13,6287,1749.6,27109,Medium,Mid-Atlantic,NM,Standard
ST-04295,Dollar Tree #4295,2007-04-02,7746,10076.6,98498,Low,Mid-Atlantic,OR,Plus
ST-04296,Dollar Tree #4296,2002-09-14,11207,7854.7,47259,Medium,Southwest,KS,Standard
ST-04297,Dollar Tree #4297,2013-04-28,6513,9637.6,23780,Low,Mid-Atlantic,FL,Standard
ST-04298,Dollar Tree #4298,2017-12-01,10026,6625.5,34380,Medium,Southwest,SC,Standard
ST-04299,Dollar Tree #4299,2012-07-03,8612,8424.1,49165,Medium,West,KS,Plus
ST-04300,Dollar Tree #4300,2010-09-13,9085,2933.4,66755,Medium,Mid-Atlantic,AR,Standard
ST-04301,Dollar Tree #4301,2002-09-01,7353,7616.0,82217,High,West,OH,Standard
ST-04302,Dollar Tree #4302,2004-02-06,13494,8020.7,80817,Medium,Southwest,AL,Standard
ST-04303,Dollar Tree #4303,2010-10-09,9195,7154.1,89393,Medium,Midwest,OH,Plus
ST-04304,Dollar Tree #4304,2016-03-23,12887,6484.9,47559,Medium,Northeast,VA,Standard
ST-04305,Dollar Tree #4305,2001-04-03,11487,2798.6,98409,Low,West,SC,Plus
ST-04306,Dollar Tree #4306,2014-02-26,12009,9104.7,31965,Low,Mid-Atlantic,OH,Standard
ST-04307,Dollar Tree #4307,2006-07-13,10284,5350.4,48401,Low,Southwest,NM,Combo
ST-04308,Dollar Tree #4308,2015-09-13,7115,5244.2,80985,High,Mid-Atlantic,IA,Standard
ST-04309,Dollar Tree #4309,2005-08-05,10335,5660.7,59639,Low,Mid-Atlantic,GA,Standard
ST-04310,Dollar Tree #4310,2000-09-16,9676,6820.2,45210,Medium,Northeast,CT,Standard
ST-04311,Dollar Tree #4311,2013-03-22,10398,2885.2,39080,Medium,Mid-Atlantic,KY,Standard
ST-04312,Dollar Tree #4312,2024-11-23,9016,5868.0,54842,Medium,Southeast,IL,Combo
ST-04313,Dollar Tree #4313,2004-08-16,11278,8623.3,14790,Low,Midwest,VA,Standard
ST-04314,Dollar Tree #4314,2010-09-12,11781,7091.3,38616,Low,Southeast,IA,Plus
ST-04315,Dollar Tree #4315,2007-12-21,11482,9934.0,32310,Medium,Midwest,AR,Plus
ST-04316,Dollar Tree #4316,2000-05-23,7337,9506.2,15473,High,Southeast,VA,Standard
ST-04317,Dollar Tree #4317,2010-05-14,10269,7322.8,99644,Low,West,MS,Plus
ST-04318,Dollar Tree #4318,2014-11-02,8401,1430.3,64469,Medium,West,SC,Standard
ST-04319,Dollar Tree #4319,2011-10-14,11223,9455.2,47419,Medium,Mid-Atlantic,IN,Standard
ST-04320,Dollar Tree #4320,2016-07-27,12445,11840.6,54993,Medium,West,TX,Standard
ST-04321,Dollar Tree #4321,2008-09-22,13597,10793.8,97966,Medium,Southwest,CT,Standard
ST-04322,Dollar Tree #4322,2006-03-23,7460,7558.5,19247,High,Southeast,MI,Plus
ST-04323,Dollar Tree #4323,2019-06-12,10379,5689.9,67370,Low,Northeast,OK,Plus
ST-04324,Dollar Tree #4324,2005-04-22,11037,3288.9,50997,Medium,West,OK,Standard
ST-04325,Dollar Tree #4325,2005-07-09,6260,5960.6,13149,High,West,CO,Standard
ST-04326,Dollar Tree #4326,2006-01-03,7054,11339.8,16186,Low,Southeast,AL,Plus
ST-04327,Dollar Tree #4327,2000-12-04,7976,8711.8,76132,Medium,Northeast,KS,Plus
ST-04328,Dollar Tree #4328,2004-09-08,8029,4399.1,82053,Medium,Northeast,VA,Plus
ST-04329,Dollar Tree #4329,2024-02-02,10430,8149.2,25331,Medium,Southeast,IL,Plus
ST-04330,Dollar Tree #4330,2008-04-11,9307,5608.9,26947,High,Mid-Atlantic,IN,Plus
ST-04331,Dollar Tree #4331,2005-09-25,9774,1036.4,51781,Medium,Midwest,CO,Plus
ST-04332,Dollar Tree #4332,2021-10-12,9790,8422.7,86200,High,Midwest,NJ,Plus
ST-04333,Dollar Tree #4333,2010-10-11,11010,6926.5,58214,Low,Midwest,VA,Combo
ST-04334,Dollar Tree #4334,2007-12-21,9168,1781.2,92777,Low,Southwest,NY,Standard
ST-04335,Dollar Tree #4335,2016-06-27,8344,10791.3,83289,Low,West,NJ,Standard
ST-04336,Dollar Tree #4336,2022-06-05,12054,10268.2,58099,Low,Northeast,IN,Combo
ST-04337,Dollar Tree #4337,2024-09-21,13999,6107.4,19739,Medium,Mid-Atlantic,VA,Standard
ST-04338,Dollar Tree #4338,2002-10-21,11814,2382.7,49238,Medium,Southwest,MI,Combo
ST-04339,Dollar Tree #4339,2009-06-05,6491,9685.2,15290,High,Southeast,MO,Combo
ST-04340,Dollar Tree #4340,2012-10-09,9794,2589.3,77225,High,West,PA,Standard
ST-04341,Dollar Tree #4341,2001-04-27,11970,4476.0,41715,Low,Mid-Atlantic,NM,Standard
ST-04342,Dollar Tree #4342,2005-12-10,13193,11897.2,11259,High,Mid-Atlantic,OH,Plus
ST-04343,Dollar Tree #4343,2006-07-08,8372,7799.0,12890,Medium,Midwest,FL,Standard
ST-04344,Dollar Tree #4344,2022-02-27,10519,10833.9,57408,High,Mid-Atlantic,OH,Standard
ST-04345,Dollar Tree #4345,2015-10-11,10775,6904.6,13527,Medium,Southwest,CO,Standard
ST-04346,Dollar Tree #4346,2002-03-26,13462,7933.8,30167,Medium,Midwest,TN,Standard
ST-04347,Dollar Tree #4347,2002-09-20,6712,11466.8,24922,Low,Midwest,CT,Combo
ST-04348,Dollar Tree #4348,2007-05-26,10115,8578.6,71995,Low,Southeast,IL,Plus
ST-04349,Dollar Tree #4349,2024-11-20,9542,8364.5,70513,Medium,West,TN,Standard
ST-04350,Dollar Tree #4350,2005-08-08,8378,9868.8,25201,Low,Southeast,TX,Standard
ST-04351,Dollar Tree #4351,2019-02-23,11797,2605.0,20955,Low,Northeast,FL,Standard
ST-04352,Dollar Tree #4352,2018-05-18,6281,2120.6,78897,Medium,Northeast,SC,Plus
ST-04353,Dollar Tree #4353,2020-09-23,6575,7025.1,98791,Medium,Midwest,MS,Standard
ST-04354,Dollar Tree #4354,2005-04-04,12754,6952.9,98617,Medium,West,CA,Plus
ST-04355,Dollar Tree #4355,2004-02-22,7777,2467.9,61452,Medium,Mid-Atlantic,AR,Combo
ST-04356,Dollar Tree #4356,2006-02-15,13856,1988.9,66497,High,Southwest,MO,Standard
ST-04357,Dollar Tree #4357,2009-12-23,6566,10953.1,21151,Low,Mid-Atlantic,IL,Combo
ST-04358,Dollar Tree #4358,2017-10-03,11065,1558.8,76345,Medium,Midwest,CA,Standard
ST-04359,Dollar Tree #4359,2000-02-08,11916,2630.1,30825,Low,Southeast,NC,Standard
ST-04360,Dollar Tree #4360,2018-06-14,6227,11506.2,20041,Medium,West,MO,Plus
ST-04361,Dollar Tree #4361,2011-01-27,11861,6052.0,55449,High,Southeast,NJ,Combo
ST-04362,Dollar Tree #4362,2020-08-05,7852,1087.9,59456,High,Southeast,NY,Plus
ST-04363,Dollar Tree #4363,2000-04-22,10075,11524.2,76037,High,Northeast,FL,Combo
ST-04364,Dollar Tree #4364,2021-12-25,6449,3922.4,67605,Low,Southeast,IA,Plus
ST-04365,Dollar Tree #4365,2019-07-28,12320,2628.1,65643,Medium,Southwest,TX,Standard
ST-04366,Dollar Tree #4366,2011-10-20,8301,4950.6,88275,Medium,Southwest,OK,Plus
ST-04367,Dollar Tree #4367,2007-12-05,12273,3124.3,70452,Low,Northeast,MO,Standard
ST-04368,Dollar Tree #4368,2023-11-11,10283,9861.7,13463,Medium,Southwest,KS,Standard
ST-04369,Dollar Tree #4369,2008-11-02,10582,5166.1,42721,Low,Southeast,MI,Standard
ST-04370,Dollar Tree #4370,2000-07-11,13287,6507.3,74345,Medium,Midwest,NV,Combo
ST-04371,Dollar Tree #4371,2017-12-17,10522,2473.8,95339,Low,Southeast,IN,Standard
ST-04372,Dollar Tree #4372,2019-12-01,12887,7017.7,34445,Low,West,KS,Standard
ST-04373,Dollar Tree #4373,2017-12-05,11618,4611.2,54258,High,Midwest,NJ,Standard
ST-04374,Dollar Tree #4374,2003-04-20,12302,1549.1,85511,Medium,Northeast,IL,Standard
ST-04375,Dollar Tree #4375,2016-03-25,12152,2975.5,74960,Medium,West,NM,Standard
ST-04376,Dollar Tree #4376,2017-12-16,7601,4877.3,83740,High,Southeast,PA,Standard
ST-04377,Dollar Tree #4377,2017-01-02,8114,8399.3,63896,Medium,Southwest,NJ,Plus
ST-04378,Dollar Tree #4378,2009-07-14,13361,9634.8,77798,Medium,Mid-Atlantic,MO,Combo
ST-04379,Dollar Tree #4379,2008-02-13,7891,5994.9,21578,Low,Northeast,AZ,Standard
ST-04380,Dollar Tree #4380,2003-08-11,8827,10705.1,85377,Medium,Southwest,AZ,Standard
ST-04381,Dollar Tree #4381,2003-05-12,10205,3762.5,77223,Low,Northeast,CT,Standard
ST-04382,Dollar Tree #4382,2008-02-12,9599,2303.5,24777,High,Midwest,OR,Standard
ST-04383,Dollar Tree #4383,2022-07-03,6595,5086.0,59965,Low,Northeast,MI,Plus
ST-04384,Dollar Tree #4384,2000-04-13,6623,1254.0,89635,Low,Southwest,CT,Combo
ST-04385,Dollar Tree #4385,2000-06-11,8783,8569.5,45338,Medium,Midwest,NM,Standard
ST-04386,Dollar Tree #4386,2005-12-13,10102,11643.4,59777,Medium,Midwest,NM,Standard
ST-04387,Dollar Tree #4387,2015-08-03,8186,9722.1,36005,Medium,Mid-Atlantic,NC,Combo
ST-04388,Dollar Tree #4388,2021-06-09,8768,10201.7,56422,High,Southwest,MS,Plus
ST-04389,Dollar Tree #4389,2000-01-08,6056,10244.5,22152,Medium,Southwest,KY,Standard
ST-04390,Dollar Tree #4390,2004-08-25,7227,11486.2,78506,Medium,West,MO,Standard
ST-04391,Dollar Tree #4391,2021-03-23,6810,7889.3,68329,High,Southeast,AZ,Plus
ST-04392,Dollar Tree #4392,2007-09-12,11391,9476.0,17255,Medium,Midwest,AR,Combo
ST-04393,Dollar Tree #4393,2020-08-01,12471,7108.6,43900,Low,Mid-Atlantic,CO,Plus
ST-04394,Dollar Tree #4394,2002-07-22,13526,10901.2,14344,Medium,Northeast,FL,Standard
ST-04395,Dollar Tree #4395,2013-12-26,8126,10302.4,12524,Low,Midwest,AR,Plus
ST-04396,Dollar Tree #4396,2020-05-18,8228,2428.1,72109,Medium,Northeast,TX,Combo
ST-04397,Dollar Tree #4397,2013-03-26,9989,11149.8,53348,High,Mid-Atlantic,AL,Standard
ST-04398,Dollar Tree #4398,2022-02-10,12646,2338.7,56582,Medium,Midwest,CO,Combo
ST-04399,Dollar Tree #4399,2012-07-19,8697,3665.5,21081,High,Mid-Atlantic,MO,Combo
ST-04400,Dollar Tree #4400,2022-06-28,9564,1739.1,54930,Low,West,TX,Standard
ST-04401,Dollar Tree #4401,2003-07-24,13282,11953.4,18760,High,Southwest,IL,Standard
ST-04402,Dollar Tree #4402,2009-08-19,11425,9441.2,51802,Medium,Southeast,GA,Standard
ST-04403,Dollar Tree #4403,2021-02-27,9352,8596.9,82194,Low,Southeast,TN,Standard
ST-04404,Dollar Tree #4404,2023-09-20,9984,8677.5,99589,Low,Northeast,FL,Plus
ST-04405,Dollar Tree #4405,2000-08-18,13913,11362.1,26442,High,Mid-Atlantic,CO,Standard
ST-04406,Dollar Tree #4406,2020-11-11,9673,4979.4,19816,High,Mid-Atlantic,GA,Standard
ST-04407,Dollar Tree #4407,2008-10-10,10582,3525.7,47803,Low,Mid-Atlantic,OR,Combo
ST-04408,Dollar Tree #4408,2007-06-23,8872,9331.6,81017,Low,Mid-Atlantic,IL,Plus
ST-04409,Dollar Tree #4409,2005-11-18,12632,5768.1,57081,Medium,Mid-Atlantic,MO,Plus
ST-04410,Dollar Tree #4410,2017-02-22,7704,769.7,28156,Medium,Midwest,AZ,Standard
ST-04411,Dollar Tree #4411,2020-08-23,9869,1331.1,20851,Medium,West,SC,Standard
ST-04412,Dollar Tree #4412,2023-12-03,12846,6391.3,71439,Low,Mid-Atlantic,NV,Plus
ST-04413,Dollar Tree #4413,2019-05-03,13637,8714.1,10265,Medium,Mid-Atlantic,AL,Standard
ST-04414,Dollar Tree #4414,2003-07-04,6623,3748.2,62602,Medium,Midwest,AZ,Combo
ST-04415,Dollar Tree #4415,2020-02-04,10772,10303.9,41603,Low,West,IN,Standard
ST-04416,Dollar Tree #4416,2009-03-24,12286,3763.3,74156,Low,Mid-Atlantic,AR,Combo
ST-04417,Dollar Tree #4417,2016-09-28,11337,9231.7,34212,Low,Southwest,CT,Combo
ST-04418,Dollar Tree #4418,2015-05-18,11527,10097.6,74956,Medium,Northeast,CA,Plus
ST-04419,Dollar Tree #4419,2017-09-04,11181,1935.0,41752,Low,Midwest,NM,Standard
ST-04420,Dollar Tree #4420,2005-02-25,11323,8779.5,82735,Low,West,OH,Standard
ST-04421,Dollar Tree #4421,2012-08-19,13959,7109.6,90544,Medium,Mid-Atlantic,AZ,Plus
ST-04422,Dollar Tree #4422,2023-01-05,10433,5278.5,36642,Medium,Southeast,AR,Plus
ST-04423,Dollar Tree #4423,2020-06-15,6517,5036.4,62757,High,West,PA,Standard
ST-04424,Dollar Tree #4424,2024-12-01,12792,363.7,99504,High,Southwest,TX,Combo
ST-04425,Dollar Tree #4425,2018-01-15,6382,9766.8,73886,Medium,Northeast,WI,Combo
ST-04426,Dollar Tree #4426,2016-12-14,13528,8620.4,66969,Medium,Southeast,OH,Standard
ST-04427,Dollar Tree #4427,2015-12-02,10674,11574.0,77482,Low,Midwest,WI,Standard
ST-04428,Dollar Tree #4428,2019-03-22,11695,8360.5,74449,High,Midwest,SC,Plus
ST-04429,Dollar Tree #4429,2013-11-06,11043,5036.2,17768,Medium,Midwest,OK,Standard
ST-04430,Dollar Tree #4430,2010-07-11,9617,1772.1,71720,Medium,Midwest,OK,Standard
ST-04431,Dollar Tree #4431,2002-10-17,7312,6125.3,68556,Medium,Midwest,MO,Plus
ST-04432,Dollar Tree #4432,2018-06-01,13037,11049.4,15289,Low,Midwest,VA,Standard
ST-04433,Dollar Tree #4433,2024-03-02,7522,5362.1,33534,Medium,West,GA,Standard
ST-04434,Dollar Tree #4434,2006-03-28,12088,4789.5,43513,Medium,Southeast,NM,Standard
ST-04435,Dollar Tree #4435,2014-04-08,6082,7419.1,14326,Medium,Midwest,IA,Standard
ST-04436,Dollar Tree #4436,2023-07-08,8744,1221.2,77494,Medium,Southeast,KY,Standard
ST-04437,Dollar Tree #4437,2008-08-13,12100,5847.9,26013,Low,Midwest,OR,Plus
ST-04438,Dollar Tree #4438,2006-08-25,11184,6982.1,13240,Low,Mid-Atlantic,MS,Standard
ST-04439,Dollar Tree #4439,2006-07-24,13570,9251.4,88706,Low,Southeast,PA,Plus
ST-04440,Dollar Tree #4440,2013-04-07,8112,1728.3,79833,Medium,Mid-Atlantic,AZ,Standard
ST-04441,Dollar Tree #4441,2024-09-08,9812,1849.8,38719,Medium,Mid-Atlantic,OH,Standard
ST-04442,Dollar Tree #4442,2010-10-07,6835,617.1,40071,High,Southwest,AR,Combo
ST-04443,Dollar Tree #4443,2022-12-02,6056,6610.0,86554,Medium,Southeast,KY,Standard
ST-04444,Dollar Tree #4444,2008-01-07,12087,5460.1,45009,Low,Southeast,GA,Standard
ST-04445,Dollar Tree #4445,2021-02-21,11134,6541.4,77454,Low,West,NC,Standard
ST-04446,Dollar Tree #4446,2012-11-25,13932,1173.4,57192,High,Southwest,NV,Plus
ST-04447,Dollar Tree #4447,2020-01-09,9807,2785.6,23241,Medium,West,MS,Combo
ST-04448,Dollar Tree #4448,2020-11-12,12166,11235.9,98805,Low,Southwest,TN,Plus
ST-04449,Dollar Tree #4449,2021-07-18,6135,10745.0,95530,High,Southwest,MI,Standard
ST-04450,Dollar Tree #4450,2022-06-10,8477,8789.3,28884,Low,Midwest,MO,Combo
ST-04451,Dollar Tree #4451,2022-09-26,7822,5670.1,97650,Low,Southwest,MI,Standard
ST-04452,Dollar Tree #4452,2010-04-23,7191,7625.0,69022,Low,Mid-Atlantic,CO,Plus
ST-04453,Dollar Tree #4453,2016-09-12,11052,2609.3,27404,Medium,West,IL,Combo
ST-04454,Dollar Tree #4454,2018-01-08,10941,5590.4,89585,Medium,Mid-Atlantic,OK,Plus
ST-04455,Dollar Tree #4455,2006-11-07,6657,8382.0,12995,Low,Southeast,NY,Plus
ST-04456,Dollar Tree #4456,2016-06-25,10764,9926.4,65129,Medium,Midwest,IA,Standard
ST-04457,Dollar Tree #4457,2021-11-24,6244,1707.6,11531,Medium,Southwest,TN,Combo
ST-04458,Dollar Tree #4458,2020-09-13,11225,8118.9,14826,Medium,Mid-Atlantic,IN,Standard
ST-04459,Dollar Tree #4459,2009-08-14,9858,1304.7,49038,Medium,West,OK,Plus
ST-04460,Dollar Tree #4460,2013-04-05,10583,7086.2,90692,Low,Mid-Atlantic,TX,Standard
ST-04461,Dollar Tree #4461,2016-06-06,8542,1930.3,71564,Medium,Southeast,PA,Standard
ST-04462,Dollar Tree #4462,2010-06-19,12220,4925.2,98736,Medium,Midwest,IL,Plus
ST-04463,Dollar Tree #4463,2021-07-08,10887,7323.9,90620,Medium,West,MI,Standard
ST-04464,Dollar Tree #4464,2006-09-19,8849,3980.5,47486,Medium,Midwest,TN,Combo
ST-04465,Dollar Tree #4465,2020-06-07,6610,5745.2,77311,Medium,Southeast,CA,Standard
ST-04466,Dollar Tree #4466,2004-12-28,6745,385.3,29198,High,Southwest,IL,Plus
ST-04467,Dollar Tree #4467,2021-07-08,11594,8966.3,31986,Medium,Mid-Atlantic,AZ,Combo
ST-04468,Dollar Tree #4468,2014-04-24,11771,9956.6,32283,High,Southeast,MI,Plus
ST-04469,Dollar Tree #4469,2014-05-19,7751,7261.0,18560,Medium,Mid-Atlantic,AZ,Standard
ST-04470,Dollar Tree #4470,2003-10-04,6273,7317.9,49631,Medium,West,TN,Plus
ST-04471,Dollar Tree #4471,2023-12-01,12125,5419.9,30218,Medium,Midwest,MI,Plus
ST-04472,Dollar Tree #4472,2024-09-19,11144,8352.0,97093,Medium,West,NJ,Plus
ST-04473,Dollar Tree #4473,2011-11-09,6748,5915.3,66458,Low,West,OK,Standard
ST-04474,Dollar Tree #4474,2019-04-16,6792,11037.8,48356,High,Mid-Atlantic,OK,Standard
ST-04475,Dollar Tree #4475,2020-09-04,6118,3569.7,74335,Low,Mid-Atlantic,NC,Plus
ST-04476,Dollar Tree #4476,2013-10-27,8458,3208.3,74717,Low,Mid-Atlantic,GA,Plus
ST-04477,Dollar Tree #4477,2014-09-02,12096,9297.7,52674,Low,West,AL,Standard
ST-04478,Dollar Tree #4478,2021-06-13,9577,4268.3,21518,Medium,Southeast,IN,Plus
ST-04479,Dollar Tree #4479,2009-12-15,9625,1268.7,79293,Medium,West,GA,Plus
ST-04480,Dollar Tree #4480,2008-04-27,8162,4386.2,89459,Medium,West,VA,Plus
ST-04481,Dollar Tree #4481,2006-09-02,9236,2061.4,52384,Low,Southeast,GA,Standard
ST-04482,Dollar Tree #4482,2016-10-21,10847,9978.6,61109,Medium,Southwest,MS,Plus
ST-04483,Dollar Tree #4483,2020-03-09,13621,2823.0,40434,Medium,Midwest,WI,Plus
ST-04484,Dollar Tree #4484,2019-06-06,6918,2402.6,23385,High,Midwest,AZ,Standard
ST-04485,Dollar Tree #4485,2007-09-15,6520,260.3,81552,Low,Southeast,VA,Standard
ST-04486,Dollar Tree #4486,2013-10-10,9127,5240.6,49276,Medium,Northeast,IL,Plus
ST-04487,Dollar Tree #4487,2012-05-15,8262,5622.8,86393,Low,Mid-Atlantic,CT,Standard
ST-04488,Dollar Tree #4488,2013-02-06,7453,1566.3,54306,Low,Southeast,CT,Plus
ST-04489,Dollar Tree #4489,2021-07-23,8564,11752.6,82253,Medium,Mid-Atlantic,WI,Combo
ST-04490,Dollar Tree #4490,2022-02-21,10612,10854.7,15821,Low,Midwest,NY,Standard
ST-04491,Dollar Tree #4491,2016-10-08,7760,2756.8,27173,Medium,Southwest,OR,Combo
ST-04492,Dollar Tree #4492,2021-07-01,6822,9816.1,77583,Medium,Midwest,CT,Standard
ST-04493,Dollar Tree #4493,2024-01-06,10801,4197.1,73166,Low,West,TX,Standard
ST-04494,Dollar Tree #4494,2000-02-06,13008,3672.8,56375,Medium,Northeast,SC,Standard
ST-04495,Dollar Tree #4495,2011-09-02,9152,9022.5,95730,Low,West,MI,Plus
ST-04496,Dollar Tree #4496,2018-10-04,7553,10977.5,91981,High,Midwest,CA,Standard
ST-04497,Dollar Tree #4497,2010-02-19,6777,8127.7,87740,Low,West,TN,Plus
ST-04498,Dollar Tree #4498,2014-02-17,9547,9580.4,74547,Low,Southwest,TX,Plus
ST-04499,Dollar Tree #4499,2000-11-10,10999,11385.5,88308,Low,Mid-Atlantic,OH,Plus
ST-04500,Dollar Tree #4500,2022-06-01,10017,11037.2,23292,Medium,Southwest,FL,Standard
ST-04501,Dollar Tree #4501,2018-04-07,12658,1857.9,35521,Medium,West,NJ,Standard
ST-04502,Dollar Tree #4502,2004-01-19,13139,11315.7,44758,Low,Mid-Atlantic,CA,Standard
ST-04503,Dollar Tree #4503,2015-11-03,13664,11161.2,75015,Medium,West,SC,Standard
ST-04504,Dollar Tree #4504,2012-03-23,9677,3207.7,10905,Medium,Southwest,NY,Standard
ST-04505,Dollar Tree #4505,2022-03-14,12463,11720.8,27210,High,Northeast,KY,Standard
ST-04506,Dollar Tree #4506,2001-07-19,12800,4573.1,19624,Medium,Midwest,MO,Combo
ST-04507,Dollar Tree #4507,2002-03-04,6965,6741.5,16300,High,Northeast,SC,Standard
ST-04508,Dollar Tree #4508,2003-11-24,7079,10389.1,94550,Low,Mid-Atlantic,CO,Plus
ST-04509,Dollar Tree #4509,2007-04-02,7491,4029.6,86508,High,West,IA,Plus
ST-04510,Dollar Tree #4510,2018-12-05,6487,5264.5,29745,Low,Northeast,MS,Standard
ST-04511,Dollar Tree #4511,2021-06-20,9526,6748.7,76177,High,West,KS,Standard
ST-04512,Dollar Tree #4512,2000-10-23,9169,7672.5,84805,Medium,West,CA,Standard
ST-04513,Dollar Tree #4513,2011-01-12,7337,1250.8,28478,Low,Southeast,MS,Plus
ST-04514,Dollar Tree #4514,2000-09-04,9317,9475.1,23529,High,West,IA,Standard
ST-04515,Dollar Tree #4515,2008-05-24,12522,9725.8,15570,Medium,Mid-Atlantic,FL,Combo
ST-04516,Dollar Tree #4516,2019-08-04,8102,650.1,82326,Low,Midwest,TN,Plus
ST-04517,Dollar Tree #4517,2010-05-09,10636,10528.3,13910,Medium,Northeast,AL,Combo
ST-04518,Dollar Tree #4518,2023-06-27,13443,10958.3,14552,Medium,Southeast,OR,Plus
ST-04519,Dollar Tree #4519,2008-06-13,9540,7210.6,38893,High,West,KY,Plus
ST-04520,Dollar Tree #4520,2011-10-21,6332,5947.9,28567,Medium,Midwest,FL,Standard
ST-04521,Dollar Tree #4521,2004-11-20,11389,389.7,91303,Medium,Southwest,NM,Combo
ST-04522,Dollar Tree #4522,2014-07-06,8590,10206.1,98405,High,West,MI,Plus
ST-04523,Dollar Tree #4523,2012-07-20,6701,10562.0,55271,Low,Northeast,NY,Plus
ST-04524,Dollar Tree #4524,2009-08-05,10296,11768.8,62540,Low,Southwest,MI,Combo
ST-04525,Dollar Tree #4525,2022-07-17,8622,7072.9,11877,Low,Mid-Atlantic,AZ,Standard
ST-04526,Dollar Tree #4526,2019-08-13,6694,1627.3,61148,Medium,Southeast,IA,Combo
ST-04527,Dollar Tree #4527,2017-07-14,6064,9262.3,50428,Medium,West,PA,Standard
ST-04528,Dollar Tree #4528,2012-09-20,13516,7649.7,98489,Medium,Southwest,KY,Standard
ST-04529,Dollar Tree #4529,2003-07-12,9100,2057.3,75226,High,Southwest,AR,Combo
ST-04530,Dollar Tree #4530,2009-01-06,6515,10782.8,75174,Low,Southeast,FL,Combo
ST-04531,Dollar Tree #4531,2004-06-05,8240,2315.9,36617,Medium,Southeast,VA,Combo
ST-04532,Dollar Tree #4532,2012-01-01,10268,3988.1,78482,Medium,Midwest,CO,Plus
ST-04533,Dollar Tree #4533,2002-08-06,6884,4471.2,17414,Medium,Southeast,TX,Combo
ST-04534,Dollar Tree #4534,2011-12-08,8707,2550.8,21489,Low,Mid-Atlantic,NY,Plus
ST-04535,Dollar Tree #4535,2008-06-14,6136,4086.8,91746,Low,Midwest,OK,Standard
ST-04536,Dollar Tree #4536,2007-03-05,11944,8670.4,26197,Low,West,FL,Standard
ST-04537,Dollar Tree #4537,2018-05-09,13283,8981.2,24287,Medium,Mid-Atlantic,KY,Standard
ST-04538,Dollar Tree #4538,2008-01-26,13400,6551.3,73632,Medium,Southeast,NC,Combo
ST-04539,Dollar Tree #4539,2006-11-27,11203,5693.8,73139,Medium,West,PA,Combo
ST-04540,Dollar Tree #4540,2009-01-25,7217,1340.7,25041,Medium,West,PA,Standard
ST-04541,Dollar Tree #4541,2002-04-16,11101,11295.8,99319,High,West,FL,Plus
ST-04542,Dollar Tree #4542,2003-11-01,13865,703.1,99268,Medium,Southwest,PA,Standard
ST-04543,Dollar Tree #4543,2005-07-12,9794,6328.0,90812,Medium,Southeast,OK,Standard
ST-04544,Dollar Tree #4544,2011-09-16,9699,11674.4,55459,Low,Southwest,IL,Combo
ST-04545,Dollar Tree #4545,2009-09-17,13785,6491.6,35614,High,Southwest,AR,Combo
ST-04546,Dollar Tree #4546,2004-06-10,8420,9024.7,26811,High,Midwest,IL,Standard
ST-04547,Dollar Tree #4547,2003-02-15,13946,6411.4,83020,Low,West,TX,Standard
ST-04548,Dollar Tree #4548,2001-04-09,8755,4513.2,82616,High,West,OH,Plus
ST-04549,Dollar Tree #4549,2015-03-01,8146,5408.3,71972,Medium,Southwest,NM,Plus
ST-04550,Dollar Tree #4550,2022-01-18,7052,6576.0,74899,Medium,Midwest,OR,Combo
ST-04551,Dollar Tree #4551,2016-08-03,11922,8048.5,17289,High,Southwest,VA,Standard
ST-04552,Dollar Tree #4552,2002-11-27,12730,2738.7,61121,Medium,Midwest,CO,Standard
ST-04553,Dollar Tree #4553,2003-06-25,12144,8570.3,61921,Low,Northeast,OK,Combo
ST-04554,Dollar Tree #4554,2001-08-27,8421,8600.1,20774,Medium,Midwest,GA,Standard
ST-04555,Dollar Tree #4555,2020-02-01,12596,4774.7,46354,Medium,Midwest,PA,Plus
ST-04556,Dollar Tree #4556,2019-07-10,8887,8552.4,50879,Medium,Southeast,IL,Standard
ST-04557,Dollar Tree #4557,2019-10-28,9922,1340.9,26053,High,Midwest,GA,Standard
ST-04558,Dollar Tree #4558,2007-05-26,10756,11207.5,31578,Medium,Southwest,AR,Plus
ST-04559,Dollar Tree #4559,2014-01-03,6206,9050.1,37003,High,Midwest,GA,Standard
ST-04560,Dollar Tree #4560,2009-10-20,10065,4498.7,81137,High,Midwest,AR,Plus
ST-04561,Dollar Tree #4561,2022-07-21,6563,8857.2,78615,Medium,Northeast,AR,Plus
ST-04562,Dollar Tree #4562,2016-07-02,13766,8584.5,27148,Low,Midwest,AL,Plus
ST-04563,Dollar Tree #4563,2004-08-20,8090,2764.7,67292,Low,West,PA,Plus
ST-04564,Dollar Tree #4564,2009-10-28,6368,11440.4,37611,Low,Northeast,OH,Standard
ST-04565,Dollar Tree #4565,2005-04-28,10932,3993.6,82974,Low,Southwest,TX,Standard
ST-04566,Dollar Tree #4566,2014-04-22,6963,11770.6,78860,Low,Southwest,SC,Plus
ST-04567,Dollar Tree #4567,2009-08-16,11923,10330.3,43533,Low,Southwest,TX,Standard
ST-04568,Dollar Tree #4568,2012-07-14,13042,11976.6,56301,Medium,Northeast,TX,Combo
ST-04569,Dollar Tree #4569,2014-07-23,7140,2112.2,82040,Low,Northeast,KS,Standard
ST-04570,Dollar Tree #4570,2021-11-18,7040,1626.9,37856,Medium,Southwest,KS,Plus
ST-04571,Dollar Tree #4571,2005-08-18,12472,3286.8,67719,Low,Southwest,NC,Combo
ST-04572,Dollar Tree #4572,2006-10-07,7618,10235.8,49238,High,Midwest,KY,Plus
ST-04573,Dollar Tree #4573,2013-10-06,11425,9173.8,62729,Medium,Mid-Atlantic,AZ,Standard
ST-04574,Dollar Tree #4574,2008-09-12,7897,1315.1,36526,Medium,Mid-Atlantic,NM,Standard
ST-04575,Dollar Tree #4575,2006-06-17,12646,8778.6,85796,Medium,Northeast,NY,Plus
ST-04576,Dollar Tree #4576,2021-05-28,12539,5309.4,22855,Low,Midwest,OH,Standard
ST-04577,Dollar Tree #4577,2000-07-24,7925,5718.7,99418,Low,Southwest,IA,Combo
ST-04578,Dollar Tree #4578,2000-05-18,11818,8764.9,39559,Medium,Midwest,KY,Plus
ST-04579,Dollar Tree #4579,2003-02-23,9365,8774.0,85941,Medium,Midwest,CT,Plus
ST-04580,Dollar Tree #4580,2020-12-12,10691,11198.2,31878,Low,West,GA,Plus
ST-04581,Dollar Tree #4581,2018-04-04,7708,9204.1,63754,Low,Mid-Atlantic,AZ,Standard
ST-04582,Dollar Tree #4582,2018-08-06,10004,4917.0,66055,Medium,Southwest,MO,Plus
ST-04583,Dollar Tree #4583,2011-10-07,8956,9502.1,65724,Low,Southeast,AR,Standard
ST-04584,Dollar Tree #4584,2002-08-09,10879,1061.1,55356,Low,West,TX,Plus
ST-04585,Dollar Tree #4585,2020-09-26,8439,2314.0,74407,Low,Southeast,IL,Plus
ST-04586,Dollar Tree #4586,2019-01-22,12647,5982.1,63220,Low,Midwest,KS,Standard
ST-04587,Dollar Tree #4587,2001-02-03,6671,2842.5,23928,Medium,Midwest,WI,Standard
ST-04588,Dollar Tree #4588,2009-05-06,12138,2546.0,42914,Medium,West,OH,Standard
ST-04589,Dollar Tree #4589,2008-10-20,6104,1227.0,78757,Medium,Northeast,MS,Plus
ST-04590,Dollar Tree #4590,2024-05-27,9770,8507.6,12431,Medium,Mid-Atlantic,MS,Combo
ST-04591,Dollar Tree #4591,2019-10-03,8806,11778.6,73072,Low,West,OK,Standard
ST-04592,Dollar Tree #4592,2012-08-20,13689,6953.1,70527,High,Southeast,AZ,Plus
ST-04593,Dollar Tree #4593,2005-01-19,11534,4854.0,15905,Low,Southeast,IN,Standard
ST-04594,Dollar Tree #4594,2013-05-08,11526,2246.7,57688,Medium,Southwest,AL,Plus
ST-04595,Dollar Tree #4595,2014-03-09,13464,4484.3,71469,Low,Mid-Atlantic,KS,Combo
ST-04596,Dollar Tree #4596,2011-06-22,9636,7493.1,30572,Medium,Southwest,TX,Standard
ST-04597,Dollar Tree #4597,2003-11-11,8525,8198.4,22566,Medium,Mid-Atlantic,MO,Standard
ST-04598,Dollar Tree #4598,2020-03-24,12854,10230.6,10603,Medium,Southwest,WI,Standard
ST-04599,Dollar Tree #4599,2013-09-18,11634,6525.3,93997,High,West,TN,Standard
ST-04600,Dollar Tree #4600,2001-09-11,11517,7338.4,36275,Medium,West,AZ,Plus
ST-04601,Dollar Tree #4601,2018-05-27,7741,11396.9,35499,Medium,Midwest,NC,Plus
ST-04602,Dollar Tree #4602,2001-03-13,7644,1974.5,61853,Medium,Mid-Atlantic,TN,Standard
ST-04603,Dollar Tree #4603,2019-07-26,13142,9622.3,53880,Medium,Southwest,KY,Combo
ST-04604,Dollar Tree #4604,2012-07-20,8124,9867.3,92970,Medium,Southwest,CT,Standard
ST-04605,Dollar Tree #4605,2011-06-27,11147,9748.0,41275,Medium,Southwest,NM,Standard
ST-04606,Dollar Tree #4606,2010-11-02,11872,7734.6,43185,Low,Midwest,GA,Plus
ST-04607,Dollar Tree #4607,2015-03-20,11303,265.6,45768,High,Mid-Atlantic,WI,Plus
ST-04608,Dollar Tree #4608,2012-06-08,11256,7560.2,53616,Low,Southeast,IN,Standard
ST-04609,Dollar Tree #4609,2008-09-28,13715,584.0,73181,Medium,Northeast,NJ,Standard
ST-04610,Dollar Tree #4610,2017-04-07,11975,6497.4,62810,Medium,Southeast,OH,Combo
ST-04611,Dollar Tree #4611,2019-02-08,9334,7289.9,49707,High,West,CA,Combo
ST-04612,Dollar Tree #4612,2008-01-16,7813,5611.5,17256,Medium,Northeast,NJ,Standard
ST-04613,Dollar Tree #4613,2023-07-07,7447,9767.4,43759,Low,Midwest,NY,Standard
ST-04614,Dollar Tree #4614,2023-03-14,8957,6295.0,79856,Medium,Mid-Atlantic,AL,Plus
ST-04615,Dollar Tree #4615,2006-04-10,13573,4855.9,46848,High,Southwest,NC,Combo
ST-04616,Dollar Tree #4616,2012-07-24,6305,3122.2,27890,Medium,Southeast,AR,Plus
ST-04617,Dollar Tree #4617,2019-08-09,6913,4161.0,29219,Low,Mid-Atlantic,IA,Plus
ST-04618,Dollar Tree #4618,2009-02-02,13185,1247.7,33467,High,Southwest,TN,Standard
ST-04619,Dollar Tree #4619,2015-09-04,11587,10511.5,52978,Low,Southwest,MI,Plus
ST-04620,Dollar Tree #4620,2008-10-15,9897,6876.2,71516,Low,West,IL,Standard
ST-04621,Dollar Tree #4621,2000-07-03,8159,3169.0,52130,Medium,Mid-Atlantic,NJ,Standard
ST-04622,Dollar Tree #4622,2022-08-17,10833,2682.4,54747,Low,Midwest,OK,Combo
ST-04623,Dollar Tree #4623,2021-03-14,6259,2391.6,71255,Low,Mid-Atlantic,AZ,Plus
ST-04624,Dollar Tree #4624,2015-06-14,12194,5751.3,73030,Low,Mid-Atlantic,KS,Combo
ST-04625,Dollar Tree #4625,2017-11-04,13712,2087.1,33898,Low,Mid-Atlantic,AZ,Standard
ST-04626,Dollar Tree #4626,2006-10-04,7043,2413.7,70518,Medium,Midwest,CO,Combo
ST-04627,Dollar Tree #4627,2018-09-10,13863,8131.6,37145,Low,Southwest,TN,Plus
ST-04628,Dollar Tree #4628,2014-01-11,13509,8382.4,11534,Medium,West,FL,Standard
ST-04629,Dollar Tree #4629,2020-07-28,11252,4487.7,13927,Medium,Midwest,CA,Plus
ST-04630,Dollar Tree #4630,2001-08-17,7679,9184.0,99224,High,Midwest,IN,Plus
ST-04631,Dollar Tree #4631,2023-05-17,13937,2516.1,11393,Low,Midwest,WI,Standard
ST-04632,Dollar Tree #4632,2014-04-14,13616,10419.6,96498,Medium,Mid-Atlantic,OK,Standard
ST-04633,Dollar Tree #4633,2009-05-20,7059,5854.7,77380,Low,West,TX,Standard
ST-04634,Dollar Tree #4634,2003-08-18,13119,9866.2,42094,High,Southwest,MS,Standard
ST-04635,Dollar Tree #4635,2007-12-03,9506,6010.9,78060,Medium,Mid-Atlantic,CO,Plus
ST-04636,Dollar Tree #4636,2008-05-09,13280,691.4,83658,High,West,NV,Standard
ST-04637,Dollar Tree #4637,2023-10-07,6196,2558.9,34404,High,Northeast,IN,Combo
ST-04638,Dollar Tree #4638,2011-07-01,12920,8616.3,54863,Low,Southwest,CO,Plus
ST-04639,Dollar Tree #4639,2024-01-04,12088,4466.9,37095,High,Northeast,NV,Standard
ST-04640,Dollar Tree #4640,2019-10-22,11099,4946.0,35668,Low,Northeast,CO,Standard
ST-04641,Dollar Tree #4641,2007-06-28,13899,4914.7,44699,Low,Southeast,TX,Plus
ST-04642,Dollar Tree #4642,2019-11-19,6961,9678.3,46068,Low,Southeast,OK,Plus
ST-04643,Dollar Tree #4643,2006-03-01,6962,1922.4,92307,Medium,Midwest,IL,Standard
ST-04644,Dollar Tree #4644,2017-06-01,6180,3648.0,36277,Low,Mid-Atlantic,SC,Standard
ST-04645,Dollar Tree #4645,2022-01-25,11675,10281.0,77787,Low,Northeast,MI,Plus
ST-04646,Dollar Tree #4646,2003-12-02,10641,3002.7,17328,Medium,Midwest,WI,Standard
ST-04647,Dollar Tree #4647,2022-08-07,13497,6291.2,68125,Medium,West,IN,Standard
ST-04648,Dollar Tree #4648,2018-09-24,7231,3396.6,53189,High,Mid-Atlantic,VA,Standard
ST-04649,Dollar Tree #4649,2016-02-12,13028,1198.8,30553,Medium,Southeast,KS,Combo
ST-04650,Dollar Tree #4650,2006-09-28,7131,5351.8,45977,Low,West,NJ,Standard
ST-04651,Dollar Tree #4651,2016-06-06,13133,4475.6,94740,Medium,Mid-Atlantic,TN,Plus
ST-04652,Dollar Tree #4652,2016-11-24,6649,4171.2,54361,Medium,Northeast,GA,Standard
ST-04653,Dollar Tree #4653,2016-02-19,9467,8789.6,91340,Medium,Midwest,NC,Combo
ST-04654,Dollar Tree #4654,2016-08-13,6846,8167.4,54378,Low,Mid-Atlantic,IA,Standard
ST-04655,Dollar Tree #4655,2016-09-10,10793,8925.5,52642,High,Northeast,WI,Plus
ST-04656,Dollar Tree #4656,2004-11-09,8360,5005.2,48073,Low,Southeast,NM,Standard
ST-04657,Dollar Tree #4657,2000-08-28,9383,7228.8,57331,Medium,Midwest,CO,Combo
ST-04658,Dollar Tree #4658,2024-04-12,13052,4125.2,76948,Low,Northeast,WI,Combo
ST-04659,Dollar Tree #4659,2004-11-05,9658,5375.9,53219,Medium,Southwest,IA,Plus
ST-04660,Dollar Tree #4660,2020-08-16,8224,4590.8,33582,Medium,Midwest,NV,Combo
ST-04661,Dollar Tree #4661,2003-03-07,10213,5479.1,47808,High,West,MS,Standard
ST-04662,Dollar Tree #4662,2015-10-16,11043,654.7,74678,Low,Mid-Atlantic,MI,Standard
ST-04663,Dollar Tree #4663,2011-10-10,10484,10019.1,84604,High,Mid-Atlantic,TN,Plus
ST-04664,Dollar Tree #4664,2008-12-28,13312,1445.2,65885,Low,Southeast,OK,Plus
ST-04665,Dollar Tree #4665,2010-07-22,12925,5965.2,30190,Medium,Midwest,AL,Standard
ST-04666,Dollar Tree #4666,2010-01-06,12361,5514.8,68556,Medium,West,CT,Standard
ST-04667,Dollar Tree #4667,2012-05-04,12408,2027.4,30059,Medium,Southeast,OK,Plus
ST-04668,Dollar Tree #4668,2012-06-07,12596,940.5,47096,Medium,Northeast,OR,Combo
ST-04669,Dollar Tree #4669,2006-05-04,10066,10895.5,93488,Low,Northeast,VA,Standard
ST-04670,Dollar Tree #4670,2011-06-18,7971,9525.6,56293,Medium,West,VA,Standard
ST-04671,Dollar Tree #4671,2013-03-04,9473,11906.8,96974,Low,Southeast,NJ,Combo
ST-04672,Dollar Tree #4672,2015-12-28,12261,5092.4,76712,Low,West,AR,Plus
ST-04673,Dollar Tree #4673,2011-01-10,12582,8977.1,22013,Low,West,TN,Combo
ST-04674,Dollar Tree #4674,2001-05-07,6650,5789.1,58569,Medium,Mid-Atlantic,MO,Plus
ST-04675,Dollar Tree #4675,2010-03-03,11126,8674.7,69872,Medium,Southeast,GA,Plus
ST-04676,Dollar Tree #4676,2017-07-02,12376,11269.9,99345,Low,Northeast,OK,Combo
ST-04677,Dollar Tree #4677,2013-01-17,10716,11476.8,77849,Medium,West,NJ,Combo
ST-04678,Dollar Tree #4678,2021-01-03,6273,4548.9,82334,Low,West,FL,Standard
ST-04679,Dollar Tree #4679,2003-06-27,7676,2243.9,31202,Medium,Midwest,CA,Standard
ST-04680,Dollar Tree #4680,2019-12-07,11619,8198.8,41111,High,Southeast,AL,Plus
ST-04681,Dollar Tree #4681,2007-08-19,6348,2382.3,10319,High,Mid-Atlantic,NV,Standard
ST-04682,Dollar Tree #4682,2017-09-21,9666,6321.4,95836,Low,West,SC,Plus
ST-04683,Dollar Tree #4683,2006-09-10,8321,11440.6,68955,Medium,Northeast,IA,Plus
ST-04684,Dollar Tree #4684,2024-08-14,9311,3131.9,45778,Low,Mid-Atlantic,TX,Plus
ST-04685,Dollar Tree #4685,2007-05-17,11729,1293.9,48528,Low,Mid-Atlantic,IA,Plus
ST-04686,Dollar Tree #4686,2013-05-16,8278,1957.0,64136,Medium,Midwest,KS,Standard
ST-04687,Dollar Tree #4687,2008-08-21,10577,2490.7,99682,Low,Southwest,CO,Plus
ST-04688,Dollar Tree #4688,2013-04-15,10865,9461.8,52894,Medium,Northeast,OK,Combo
ST-04689,Dollar Tree #4689,2017-08-15,12756,10285.9,45733,Medium,West,OH,Standard
ST-04690,Dollar Tree #4690,2012-09-15,11437,1242.1,43717,Medium,West,IL,Plus
ST-04691,Dollar Tree #4691,2019-12-11,8042,1283.8,52865,Medium,Southwest,AZ,Standard
ST-04692,Dollar Tree #4692,2020-03-07,11038,3494.0,30001,High,Southwest,MS,Plus
ST-04693,Dollar Tree #4693,2024-01-28,10550,11277.2,59156,Medium,West,AZ,Plus
ST-04694,Dollar Tree #4694,2013-11-26,10254,953.7,25956,High,West,OH,Standard
ST-04695,Dollar Tree #4695,2018-03-08,11447,9310.9,92594,High,Southeast,NC,Plus
ST-04696,Dollar Tree #4696,2017-08-05,7521,10859.1,39695,Medium,Southeast,GA,Plus
ST-04697,Dollar Tree #4697,2022-09-25,8210,828.2,60699,High,Mid-Atlantic,FL,Standard
ST-04698,Dollar Tree #4698,2016-07-16,13535,3749.5,78265,Medium,Southwest,WI,Standard
ST-04699,Dollar Tree #4699,2001-05-26,8700,4068.7,60468,High,Midwest,OK,Plus
ST-04700,Dollar Tree #4700,2021-07-21,12712,8059.8,58737,Medium,West,AZ,Plus
ST-04701,Dollar Tree #4701,2021-01-02,13263,4360.2,18795,High,Southeast,NM,Plus
ST-04702,Dollar Tree #4702,2020-12-16,11338,5207.3,93774,Medium,West,NC,Standard
ST-04703,Dollar Tree #4703,2013-04-06,9824,629.8,63881,Low,Midwest,TN,Standard
ST-04704,Dollar Tree #4704,2006-05-26,8074,2295.3,18054,Medium,Southeast,FL,Combo
ST-04705,Dollar Tree #4705,2016-07-15,8048,5579.8,23074,Medium,Southeast,CA,Standard
ST-04706,Dollar Tree #4706,2010-02-21,10705,1293.7,79164,Medium,Mid-Atlantic,OK,Standard
ST-04707,Dollar Tree #4707,2010-07-12,11139,1395.1,39333,Medium,West,VA,Standard
ST-04708,Dollar Tree #4708,2017-02-21,8155,11868.9,34330,Low,Mid-Atlantic,AL,Plus
ST-04709,Dollar Tree #4709,2015-07-14,11818,11942.2,34401,Medium,Mid-Atlantic,AL,Combo
ST-04710,Dollar Tree #4710,2022-01-25,8286,1720.5,36798,Medium,Northeast,TX,Plus
ST-04711,Dollar Tree #4711,2001-12-26,10140,7464.1,20147,High,Southwest,CA,Standard
ST-04712,Dollar Tree #4712,2011-03-05,10940,1162.0,45031,Medium,Southwest,NV,Combo
ST-04713,Dollar Tree #4713,2024-05-19,12814,9246.1,57428,Medium,West,TX,Standard
ST-04714,Dollar Tree #4714,2004-08-01,11761,2326.2,90795,Medium,Southwest,NY,Standard
ST-04715,Dollar Tree #4715,2009-04-11,13402,11765.3,35393,Low,Midwest,KS,Standard
ST-04716,Dollar Tree #4716,2020-08-16,11993,10782.8,58009,Low,Southeast,CA,Plus
ST-04717,Dollar Tree #4717,2002-01-20,12153,2007.1,28341,Low,Southwest,SC,Plus
ST-04718,Dollar Tree #4718,2014-05-11,12582,11243.2,70280,Low,Midwest,IN,Standard
ST-04719,Dollar Tree #4719,2004-01-10,8013,1175.7,26549,Medium,Midwest,GA,Standard
ST-04720,Dollar Tree #4720,2005-07-14,9368,4346.4,15666,Low,Southeast,IL,Plus
ST-04721,Dollar Tree #4721,2002-07-12,8783,6220.3,64856,Low,Midwest,IN,Standard
ST-04722,Dollar Tree #4722,2010-06-05,9448,5591.5,28198,Low,Mid-Atlantic,GA,Plus
ST-04723,Dollar Tree #4723,2020-08-24,6470,1898.9,51167,Low,Northeast,TX,Standard
ST-04724,Dollar Tree #4724,2023-11-14,10504,5951.7,65871,Medium,Northeast,VA,Plus
ST-04725,Dollar Tree #4725,2002-02-06,6681,8434.3,21968,Medium,Southwest,KS,Combo
ST-04726,Dollar Tree #4726,2019-04-26,7476,11667.7,57838,Low,West,MS,Standard
ST-04727,Dollar Tree #4727,2024-12-08,6136,7629.8,58572,Medium,West,MI,Combo
ST-04728,Dollar Tree #4728,2018-12-11,13932,1166.4,64867,Medium,Southwest,AR,Standard
ST-04729,Dollar Tree #4729,2014-10-10,7542,1914.3,24191,High,West,GA,Standard
ST-04730,Dollar Tree #4730,2004-05-06,9243,8264.2,64036,High,West,MS,Standard
ST-04731,Dollar Tree #4731,2020-11-11,12055,1502.4,13217,Low,Mid-Atlantic,CA,Standard
ST-04732,Dollar Tree #4732,2002-11-03,8645,8579.1,81352,Medium,Northeast,IA,Standard
ST-04733,Dollar Tree #4733,2003-01-20,7813,2446.3,61295,Medium,Mid-Atlantic,GA,Standard
ST-04734,Dollar Tree #4734,2013-04-25,7950,276.9,73175,High,Midwest,OR,Standard
ST-04735,Dollar Tree #4735,2006-08-23,13131,824.6,85712,Medium,Midwest,NY,Plus
ST-04736,Dollar Tree #4736,2024-05-08,9693,11163.1,14326,High,Mid-Atlantic,PA,Standard
ST-04737,Dollar Tree #4737,2014-01-27,13918,9011.0,67781,Low,Northeast,AR,Standard
ST-04738,Dollar Tree #4738,2010-12-23,13158,7544.3,82325,High,Southeast,KS,Standard
ST-04739,Dollar Tree #4739,2020-10-24,9855,1291.9,94140,Medium,Midwest,AZ,Plus
ST-04740,Dollar Tree #4740,2003-08-13,10957,5444.5,14824,Medium,West,NY,Plus
ST-04741,Dollar Tree #4741,2023-04-23,12342,6841.1,14001,High,Northeast,CA,Combo
ST-04742,Dollar Tree #4742,2011-12-12,13311,9938.6,21005,Medium,West,IA,Plus
ST-04743,Dollar Tree #4743,2006-04-23,11328,1068.9,87182,Low,Southwest,MI,Combo
ST-04744,Dollar Tree #4744,2015-01-17,10932,8618.0,43777,High,Midwest,CA,Plus
ST-04745,Dollar Tree #4745,2011-12-23,12565,7627.9,56523,Low,Mid-Atlantic,VA,Plus
ST-04746,Dollar Tree #4746,2006-06-15,6175,8034.6,60095,Medium,Northeast,AL,Standard
ST-04747,Dollar Tree #4747,2012-03-28,6101,5733.9,94938,Medium,Southwest,PA,Combo
ST-04748,Dollar Tree #4748,2023-03-15,6906,7055.4,30986,Medium,Northeast,IA,Standard
ST-04749,Dollar Tree #4749,2020-11-13,12452,8927.5,18500,Low,West,TN,Plus
ST-04750,Dollar Tree #4750,2000-12-04,6216,11880.3,38872,Medium,Northeast,AL,Combo
ST-04751,Dollar Tree #4751,2002-10-09,12916,6946.9,82842,Low,Mid-Atlantic,IN,Standard
ST-04752,Dollar Tree #4752,2001-04-05,10092,8345.5,97395,Low,West,TX,Standard
ST-04753,Dollar Tree #4753,2021-11-23,10291,5649.6,74349,Medium,Northeast,FL,Standard
ST-04754,Dollar Tree #4754,2021-10-15,7098,8432.4,76390,Low,Northeast,NY,Plus
ST-04755,Dollar Tree #4755,2010-07-21,11374,9320.3,88629,Medium,Midwest,TN,Standard
ST-04756,Dollar Tree #4756,2015-08-07,11207,3951.6,87938,Medium,Southwest,OR,Plus
ST-04757,Dollar Tree #4757,2021-02-19,12696,2173.4,14839,Medium,Northeast,IL,Standard
ST-04758,Dollar Tree #4758,2012-04-28,13597,8806.1,84571,High,Mid-Atlantic,IN,Standard
ST-04759,Dollar Tree #4759,2023-09-26,11490,7395.8,56098,Low,Northeast,MO,Standard
ST-04760,Dollar Tree #4760,2003-07-15,12119,3335.1,78805,Medium,Mid-Atlantic,MO,Standard
ST-04761,Dollar Tree #4761,2011-09-04,10513,1742.5,24811,Medium,Mid-Atlantic,MO,Standard
ST-04762,Dollar Tree #4762,2016-08-10,10088,5523.3,41294,Medium,West,NM,Plus
ST-04763,Dollar Tree #4763,2021-11-11,11362,6690.8,38332,Medium,Southeast,NJ,Plus
ST-04764,Dollar Tree #4764,2019-10-19,9847,9070.4,33257,Medium,Southeast,IA,Standard
ST-04765,Dollar Tree #4765,2002-10-07,6504,8424.9,43314,Medium,Mid-Atlantic,AL,Standard
ST-04766,Dollar Tree #4766,2004-07-26,10021,1520.8,21671,Medium,Southwest,AL,Plus
ST-04767,Dollar Tree #4767,2006-04-12,7957,8203.3,37903,High,Northeast,GA,Plus
ST-04768,Dollar Tree #4768,2015-09-07,6324,3987.1,61552,Medium,Southeast,WI,Combo
ST-04769,Dollar Tree #4769,2023-08-12,7901,2978.0,53448,Low,Southwest,OR,Standard
ST-04770,Dollar Tree #4770,2001-03-20,11533,3465.8,81940,Medium,Midwest,MO,Plus
ST-04771,Dollar Tree #4771,2003-02-06,10575,2060.2,87449,High,West,IL,Standard
ST-04772,Dollar Tree #4772,2023-06-04,9703,2922.9,31653,Low,Southeast,AL,Standard
ST-04773,Dollar Tree #4773,2002-08-21,9769,6226.1,53993,Low,Southeast,AL,Combo
ST-04774,Dollar Tree #4774,2008-11-24,12644,10159.1,58958,High,Mid-Atlantic,CA,Standard
ST-04775,Dollar Tree #4775,2010-08-23,11408,6040.4,73244,Medium,Northeast,IN,Standard
ST-04776,Dollar Tree #4776,2006-02-05,11483,3755.0,49558,High,Midwest,IL,Standard
ST-04777,Dollar Tree #4777,2007-09-23,6626,1010.8,53309,Medium,Midwest,CA,Plus
ST-04778,Dollar Tree #4778,2004-08-06,6410,7503.0,77576,Low,Mid-Atlantic,MS,Standard
ST-04779,Dollar Tree #4779,2012-10-23,13001,4603.3,94364,Medium,Southwest,OH,Plus
ST-04780,Dollar Tree #4780,2008-04-07,10723,1385.0,80233,Medium,Southwest,TX,Plus
ST-04781,Dollar Tree #4781,2017-06-11,6135,4916.9,45687,Low,West,KY,Standard
ST-04782,Dollar Tree #4782,2008-02-02,12437,8658.9,12050,Medium,Southeast,KS,Plus
ST-04783,Dollar Tree #4783,2024-12-19,9882,3273.2,35290,Medium,Midwest,AR,Plus
ST-04784,Dollar Tree #4784,2004-02-01,6874,10239.4,19306,Medium,West,NV,Combo
ST-04785,Dollar Tree #4785,2019-07-20,13320,11269.2,94082,Low,Southeast,PA,Combo
ST-04786,Dollar Tree #4786,2018-04-12,9672,11659.3,52068,Low,West,MI,Plus
ST-04787,Dollar Tree #4787,2020-02-04,6730,4034.4,75468,Low,Southeast,MI,Plus
ST-04788,Dollar Tree #4788,2011-07-02,11267,1291.6,64006,Medium,Mid-Atlantic,OH,Plus
ST-04789,Dollar Tree #4789,2005-05-27,13707,4145.0,52380,Medium,Southwest,OH,Standard
ST-04790,Dollar Tree #4790,2005-02-27,7888,4231.9,42854,Medium,West,OR,Combo
ST-04791,Dollar Tree #4791,2005-03-22,8047,6921.5,10519,Medium,Northeast,IA,Plus
ST-04792,Dollar Tree #4792,2007-11-10,7876,3459.1,60203,Low,West,NM,Standard
ST-04793,Dollar Tree #4793,2008-08-22,6406,8704.8,16637,Medium,Northeast,MS,Standard
ST-04794,Dollar Tree #4794,2018-09-28,6630,807.4,85771,Medium,Northeast,AZ,Standard
ST-04795,Dollar Tree #4795,2010-03-03,8127,7662.4,21194,High,Southeast,TX,Standard
ST-04796,Dollar Tree #4796,2005-05-21,6874,5953.7,62344,Low,Southwest,WI,Standard
ST-04797,Dollar Tree #4797,2019-06-14,8073,8040.6,21258,Medium,Mid-Atlantic,NM,Standard
ST-04798,Dollar Tree #4798,2008-02-07,7788,8154.5,66983,Medium,Midwest,CT,Standard
ST-04799,Dollar Tree #4799,2004-09-11,13703,7247.9,18826,Medium,Southwest,OR,Standard
ST-04800,Dollar Tree #4800,2017-02-15,11298,7429.0,97422,Medium,Mid-Atlantic,MO,Plus
ST-04801,Dollar Tree #4801,2005-10-02,11766,4084.5,49848,Medium,Southeast,OH,Standard
ST-04802,Dollar Tree #4802,2018-02-21,11616,1411.2,47111,Low,West,AL,Plus
ST-04803,Dollar Tree #4803,2008-09-04,8377,1499.9,10896,Low,Southeast,AR,Plus
ST-04804,Dollar Tree #4804,2011-12-23,9250,10835.1,86163,Low,West,NY,Standard
ST-04805,Dollar Tree #4805,2005-07-11,7260,267.5,25821,Low,Mid-Atlantic,TX,Standard
ST-04806,Dollar Tree #4806,2014-05-02,7246,809.4,76334,High,Midwest,OR,Standard
ST-04807,Dollar Tree #4807,2013-10-17,10206,11532.2,61249,Medium,Midwest,CO,Standard
ST-04808,Dollar Tree #4808,2017-02-23,10443,1933.1,34460,Medium,Northeast,GA,Combo
ST-04809,Dollar Tree #4809,2012-08-22,8678,11403.2,23340,Medium,Midwest,NC,Combo
ST-04810,Dollar Tree #4810,2020-10-04,13445,11606.6,35085,Low,Mid-Atlantic,NY,Plus
ST-04811,Dollar Tree #4811,2020-01-04,6805,2450.1,77814,Medium,Southeast,IL,Standard
ST-04812,Dollar Tree #4812,2011-07-27,13191,6496.7,32390,Low,Midwest,OH,Plus
ST-04813,Dollar Tree #4813,2008-12-01,11957,1679.5,43003,Medium,Southeast,AZ,Plus
ST-04814,Dollar Tree #4814,2002-11-08,12392,2065.6,28276,Medium,Southeast,NM,Standard
ST-04815,Dollar Tree #4815,2005-04-18,9472,5403.9,15158,Medium,Southwest,AZ,Standard
ST-04816,Dollar Tree #4816,2009-03-20,13526,8834.5,95434,High,Mid-Atlantic,OK,Plus
ST-04817,Dollar Tree #4817,2024-09-16,11241,8531.7,65916,High,Southwest,NM,Plus
ST-04818,Dollar Tree #4818,2009-01-18,11740,10542.9,75432,Medium,Southeast,FL,Standard
ST-04819,Dollar Tree #4819,2014-11-11,7462,9563.2,16784,Low,Southeast,AR,Standard
ST-04820,Dollar Tree #4820,2022-01-26,9034,10282.8,12447,High,Mid-Atlantic,AR,Plus
ST-04821,Dollar Tree #4821,2022-08-05,8323,9619.7,28031,Medium,Midwest,OH,Plus
ST-04822,Dollar Tree #4822,2011-05-03,9578,8990.3,97349,Medium,West,OK,Standard
ST-04823,Dollar Tree #4823,2018-03-16,12914,5325.9,40662,Medium,West,VA,Combo
ST-04824,Dollar Tree #4824,2005-04-18,11386,1420.1,82264,Low,West,AL,Standard
ST-04825,Dollar Tree #4825,2012-11-07,13948,8113.3,31811,Medium,West,KY,Plus
ST-04826,Dollar Tree #4826,2016-01-16,13246,11808.8,15207,Medium,Southeast,KY,Standard
ST-04827,Dollar Tree #4827,2011-08-25,11328,2925.6,78296,Medium,West,NJ,Plus
ST-04828,Dollar Tree #4828,2007-02-27,6660,8760.5,99350,Medium,West,OH,Combo
ST-04829,Dollar Tree #4829,2002-11-07,8611,3143.5,71286,High,Northeast,NJ,Standard
ST-04830,Dollar Tree #4830,2015-11-01,10060,5857.9,10803,High,West,SC,Standard
ST-04831,Dollar Tree #4831,2018-05-22,10733,7391.2,62363,Low,Midwest,IN,Plus
ST-04832,Dollar Tree #4832,2016-07-23,13849,5092.3,19265,Low,West,NM,Standard
ST-04833,Dollar Tree #4833,2010-10-12,6597,7408.5,43712,Medium,Midwest,CT,Standard
ST-04834,Dollar Tree #4834,2008-12-06,7334,10822.7,86375,Medium,Midwest,NY,Standard
ST-04835,Dollar Tree #4835,2006-12-02,12082,4063.4,18823,Medium,Midwest,NY,Plus
ST-04836,Dollar Tree #4836,2013-04-22,11642,4381.8,23041,Low,West,TN,Plus
ST-04837,Dollar Tree #4837,2009-06-04,11509,2918.6,66215,Low,Southwest,IA,Standard
ST-04838,Dollar Tree #4838,2023-10-01,13723,10271.3,13989,Medium,Northeast,MO,Standard
ST-04839,Dollar Tree #4839,2015-03-05,7943,3277.6,65025,High,Southwest,AR,Plus
ST-04840,Dollar Tree #4840,2014-01-23,7627,10625.5,98923,Low,Southeast,KY,Plus
ST-04841,Dollar Tree #4841,2003-03-17,6656,5407.9,78986,Medium,Mid-Atlantic,CT,Plus
ST-04842,Dollar Tree #4842,2024-04-12,13737,10356.5,98440,Medium,Mid-Atlantic,OK,Combo
ST-04843,Dollar Tree #4843,2010-03-27,6983,1033.2,31132,Medium,Mid-Atlantic,VA,Plus
ST-04844,Dollar Tree #4844,2013-04-25,13017,6076.9,38502,Low,Northeast,MI,Plus
ST-04845,Dollar Tree #4845,2006-04-04,13353,390.6,80128,Medium,Southwest,OH,Standard
ST-04846,Dollar Tree #4846,2001-07-24,12282,4145.1,86213,Medium,Mid-Atlantic,AR,Standard
ST-04847,Dollar Tree #4847,2000-04-27,13600,6484.1,76772,Low,Southeast,OR,Plus
ST-04848,Dollar Tree #4848,2009-09-12,11859,1293.6,14906,Low,Southeast,FL,Plus
ST-04849,Dollar Tree #4849,2004-05-03,11787,3183.4,81299,Low,Southwest,CA,Standard
ST-04850,Dollar Tree #4850,2016-05-14,6513,5210.4,82109,Medium,West,IN,Combo
ST-04851,Dollar Tree #4851,2020-04-06,12221,957.9,84432,Medium,West,MO,Standard
ST-04852,Dollar Tree #4852,2006-11-05,13885,443.1,34603,High,Midwest,OK,Plus
ST-04853,Dollar Tree #4853,2008-04-24,7678,3820.1,27001,Low,Northeast,TN,Standard
ST-04854,Dollar Tree #4854,2002-01-26,6170,3671.9,61786,Low,Northeast,TX,Combo
ST-04855,Dollar Tree #4855,2009-02-07,6999,2966.1,58023,Medium,Mid-Atlantic,IN,Plus
ST-04856,Dollar Tree #4856,2009-03-02,11904,5773.8,29233,High,Mid-Atlantic,PA,Combo
ST-04857,Dollar Tree #4857,2007-10-12,9467,9109.2,70850,Low,Mid-Atlantic,FL,Plus
ST-04858,Dollar Tree #4858,2012-02-23,10282,9648.7,88631,Medium,West,SC,Plus
ST-04859,Dollar Tree #4859,2022-09-28,12743,5556.7,65511,Medium,Mid-Atlantic,IN,Standard
ST-04860,Dollar Tree #4860,2002-04-17,9935,5683.7,20021,Low,Southeast,CO,Plus
ST-04861,Dollar Tree #4861,2002-09-19,7828,7453.7,94308,High,Southeast,CA,Standard
ST-04862,Dollar Tree #4862,2016-08-08,6318,3443.9,25323,Medium,Midwest,VA,Standard
ST-04863,Dollar Tree #4863,2023-09-14,13613,6215.7,21074,High,Mid-Atlantic,MS,Plus
ST-04864,Dollar Tree #4864,2023-04-09,6929,6554.9,99861,Low,Southwest,AL,Combo
ST-04865,Dollar Tree #4865,2012-05-24,11548,672.6,92100,High,Northeast,NJ,Plus
ST-04866,Dollar Tree #4866,2010-09-11,11077,2473.9,84544,Low,West,KY,Standard
ST-04867,Dollar Tree #4867,2007-11-13,11900,1854.5,57408,Medium,Midwest,CO,Standard
ST-04868,Dollar Tree #4868,2024-04-19,7496,5487.1,98378,Medium,Midwest,NC,Standard
ST-04869,Dollar Tree #4869,2013-04-17,8572,10199.8,69780,Low,Southeast,CA,Combo
ST-04870,Dollar Tree #4870,2014-11-03,12289,4390.4,70114,Medium,Mid-Atlantic,NC,Standard
ST-04871,Dollar Tree #4871,2001-11-12,8941,8252.8,55644,High,Midwest,IA,Standard
ST-04872,Dollar Tree #4872,2021-06-09,8313,11256.2,14720,Medium,West,OR,Plus
ST-04873,Dollar Tree #4873,2021-07-15,9833,8442.8,75973,Medium,West,MS,Plus
ST-04874,Dollar Tree #4874,2005-11-23,13352,8813.0,23874,Low,Mid-Atlantic,CA,Plus
ST-04875,Dollar Tree #4875,2024-03-22,11456,308.0,46337,Low,West,MI,Plus
ST-04876,Dollar Tree #4876,2024-02-04,12408,2250.7,62760,Low,Mid-Atlantic,IN,Standard
ST-04877,Dollar Tree #4877,2021-08-18,11675,384.4,46633,Low,Northeast,OR,Standard
ST-04878,Dollar Tree #4878,2017-07-14,9960,1165.5,64845,Medium,Midwest,PA,Plus
ST-04879,Dollar Tree #4879,2004-05-10,12747,11377.2,75216,Low,Mid-Atlantic,NC,Plus
ST-04880,Dollar Tree #4880,2017-07-16,6673,1556.8,12054,Low,West,IN,Plus
ST-04881,Dollar Tree #4881,2024-01-08,7984,2053.0,70718,Low,Mid-Atlantic,MI,Combo
ST-04882,Dollar Tree #4882,2009-04-26,12182,543.9,42017,Low,Midwest,AR,Plus
ST-04883,Dollar Tree #4883,2021-07-25,10342,6882.3,90421,Medium,Mid-Atlantic,NV,Standard
ST-04884,Dollar Tree #4884,2019-11-02,12183,2722.7,17477,Medium,Southeast,WI,Standard
ST-04885,Dollar Tree #4885,2014-08-20,10872,10564.5,75563,Medium,West,PA,Standard
ST-04886,Dollar Tree #4886,2012-10-06,8323,5712.0,47029,Medium,Northeast,NY,Combo
ST-04887,Dollar Tree #4887,2006-01-03,10191,5226.9,47802,Low,Southeast,GA,Standard
ST-04888,Dollar Tree #4888,2008-06-23,9104,9824.0,22700,Medium,Northeast,OH,Plus
ST-04889,Dollar Tree #4889,2011-10-03,13352,9839.2,17453,Low,Southeast,NC,Standard
ST-04890,Dollar Tree #4890,2024-08-09,7620,8800.3,30258,Medium,Southwest,MS,Combo
ST-04891,Dollar Tree #4891,2015-05-01,13966,9787.7,53332,Low,Southwest,PA,Standard
ST-04892,Dollar Tree #4892,2002-11-22,7268,2625.0,19573,Medium,Midwest,NY,Combo
ST-04893,Dollar Tree #4893,2002-02-19,12848,11057.9,13541,High,Southeast,TX,Plus
ST-04894,Dollar Tree #4894,2000-08-04,8030,8896.7,95146,Medium,Southeast,CA,Standard
ST-04895,Dollar Tree #4895,2011-03-06,6617,11737.7,50539,Medium,Southeast,KY,Plus
ST-04896,Dollar Tree #4896,2014-11-08,12129,9098.6,36236,Medium,Midwest,OK,Standard
ST-04897,Dollar Tree #4897,2010-07-04,7013,10023.7,24243,High,Midwest,OK,Plus
ST-04898,Dollar Tree #4898,2018-12-20,8548,3387.6,28568,Medium,Mid-Atlantic,FL,Plus
ST-04899,Dollar Tree #4899,2008-06-11,7717,5375.3,51514,Medium,Southeast,AZ,Plus
ST-04900,Dollar Tree #4900,2004-12-21,11118,4551.2,79973,Low,Midwest,KS,Plus
ST-04901,Dollar Tree #4901,2018-11-10,13925,570.5,35100,Low,Southeast,NJ,Plus
ST-04902,Dollar Tree #4902,2011-10-08,12762,4304.2,17335,High,Southeast,OK,Combo
ST-04903,Dollar Tree #4903,2020-06-21,7404,6194.2,13966,Medium,Northeast,NM,Plus
ST-04904,Dollar Tree #4904,2010-01-28,10072,8649.6,76647,Low,West,OK,Combo
ST-04905,Dollar Tree #4905,2014-04-12,8123,9502.7,48625,Low,Midwest,OH,Standard
ST-04906,Dollar Tree #4906,2022-12-16,10033,5966.2,43175,Medium,Midwest,AL,Plus
ST-04907,Dollar Tree #4907,2008-10-08,6277,3812.2,47003,Low,Northeast,TN,Standard
ST-04908,Dollar Tree #4908,2012-10-18,13158,6230.2,27788,Medium,Midwest,SC,Plus
ST-04909,Dollar Tree #4909,2004-12-22,9747,4497.0,57842,Low,Southwest,IN,Plus
ST-04910,Dollar Tree #4910,2007-09-12,13399,7888.7,48044,High,Southwest,TX,Plus
ST-04911,Dollar Tree #4911,2003-03-04,6181,10654.2,43313,Low,Southwest,OH,Standard
ST-04912,Dollar Tree #4912,2008-06-24,7622,7316.0,15704,Low,Southwest,CA,Plus
ST-04913,Dollar Tree #4913,2019-04-05,12901,7660.4,43144,Medium,Northeast,IN,Plus
ST-04914,Dollar Tree #4914,2004-07-05,8953,8087.5,23651,High,Southwest,MI,Standard
ST-04915,Dollar Tree #4915,2003-11-13,12339,869.9,27261,Medium,Northeast,KY,Standard
ST-04916,Dollar Tree #4916,2023-11-23,12365,7097.0,42312,High,Mid-Atlantic,CO,Plus
ST-04917,Dollar Tree #4917,2016-05-09,13682,2023.7,82982,Medium,Midwest,PA,Combo
ST-04918,Dollar Tree #4918,2007-07-03,12441,10243.7,87533,Medium,West,TN,Combo
ST-04919,Dollar Tree #4919,2008-06-26,8509,7333.1,56444,High,West,NJ,Plus
ST-04920,Dollar Tree #4920,2023-09-04,7419,5493.8,35302,High,Northeast,MO,Combo
ST-04921,Dollar Tree #4921,2009-11-24,13071,7973.2,28838,Medium,Mid-Atlantic,NY,Plus
ST-04922,Dollar Tree #4922,2007-03-28,7188,11194.9,46681,Low,Southeast,IL,Plus
ST-04923,Dollar Tree #4923,2006-07-28,11453,10987.9,72363,Medium,Northeast,IN,Plus
ST-04924,Dollar Tree #4924,2008-12-01,12278,8062.5,15299,Medium,Mid-Atlantic,NM,Plus
ST-04925,Dollar Tree #4925,2010-11-12,6813,1153.1,82408,Medium,Southeast,WI,Standard
ST-04926,Dollar Tree #4926,2003-01-12,6053,11265.1,27204,Medium,Mid-Atlantic,CO,Standard
ST-04927,Dollar Tree #4927,2001-08-25,11323,3645.1,93418,Medium,West,NJ,Standard
ST-04928,Dollar Tree #4928,2016-12-05,9623,9402.2,65050,Medium,Southwest,MS,Standard
ST-04929,Dollar Tree #4929,2005-04-20,7721,3956.5,44733,Low,Southeast,AR,Combo
ST-04930,Dollar Tree #4930,2014-04-24,12451,1771.7,67732,Medium,Southeast,CO,Plus
ST-04931,Dollar Tree #4931,2024-12-19,7532,1141.8,55182,Low,Northeast,TX,Standard
ST-04932,Dollar Tree #4932,2012-01-16,9612,9127.8,18875,Medium,Southeast,NV,Combo
ST-04933,Dollar Tree #4933,2020-05-23,10275,4747.3,84612,High,Southwest,MS,Standard
ST-04934,Dollar Tree #4934,2006-08-03,8958,10850.7,72443,Low,Northeast,TX,Standard
ST-04935,Dollar Tree #4935,2005-01-18,10651,6801.3,18584,Medium,Southwest,GA,Standard
ST-04936,Dollar Tree #4936,2021-10-12,6423,5820.5,37471,Low,Southwest,IN,Standard
ST-04937,Dollar Tree #4937,2003-03-20,9902,11869.1,46065,Low,Mid-Atlantic,MI,Plus
ST-04938,Dollar Tree #4938,2010-01-25,7309,8275.5,69489,High,Midwest,CO,Combo
ST-04939,Dollar Tree #4939,2022-01-17,7223,5061.3,12429,Low,West,CA,Plus
ST-04940,Dollar Tree #4940,2004-03-01,10593,7931.5,72598,Low,Southeast,IA,Standard
ST-04941,Dollar Tree #4941,2016-10-28,12165,11710.7,55504,Low,Southeast,CO,Combo
ST-04942,Dollar Tree #4942,2022-06-19,9387,9314.6,27223,Low,Southeast,FL,Standard
ST-04943,Dollar Tree #4943,2019-10-17,11911,5681.8,55977,Low,Southwest,NJ,Plus
ST-04944,Dollar Tree #4944,2019-01-07,7370,2520.0,82194,Medium,West,CA,Plus
ST-04945,Dollar Tree #4945,2000-10-10,13691,991.0,54069,Low,Southeast,MS,Combo
ST-04946,Dollar Tree #4946,2008-02-08,13641,483.4,68156,Medium,Mid-Atlantic,SC,Plus
ST-04947,Dollar Tree #4947,2015-11-12,10224,8467.9,73516,Medium,Midwest,OK,Plus
ST-04948,Dollar Tree #4948,2010-01-19,8775,6985.5,22709,Medium,Midwest,CA,Standard
ST-04949,Dollar Tree #4949,2019-08-06,13383,3127.7,64041,Medium,Midwest,OK,Plus
ST-04950,Dollar Tree #4950,2004-08-06,10109,5265.1,54448,Low,West,NM,Standard
ST-04951,Dollar Tree #4951,2009-12-05,6322,3839.9,39617,High,West,NC,Combo
ST-04952,Dollar Tree #4952,2010-01-22,13818,8327.5,62607,Low,Northeast,MO,Plus
ST-04953,Dollar Tree #4953,2008-11-07,13610,3691.6,36370,Medium,Midwest,NY,Plus
ST-04954,Dollar Tree #4954,2022-07-15,8100,11630.1,67883,Medium,Mid-Atlantic,SC,Combo
ST-04955,Dollar Tree #4955,2022-07-19,10184,8882.2,57173,Medium,Midwest,IN,Standard
ST-04956,Dollar Tree #4956,2019-02-25,6704,844.3,94623,Medium,Southwest,KY,Standard
ST-04957,Dollar Tree #4957,2013-05-03,10128,5481.7,40952,High,West,IN,Plus
ST-04958,Dollar Tree #4958,2019-06-07,9723,5778.0,19500,Low,Midwest,AL,Standard
ST-04959,Dollar Tree #4959,2003-07-24,8178,4405.2,97817,Medium,West,PA,Standard
ST-04960,Dollar Tree #4960,2007-08-18,6119,3390.8,10359,Medium,Northeast,MO,Combo
ST-04961,Dollar Tree #4961,2018-04-13,8822,1005.6,76710,Medium,Midwest,AZ,Plus
ST-04962,Dollar Tree #4962,2005-07-23,13395,7156.0,16576,Low,Mid-Atlantic,CT,Standard
ST-04963,Dollar Tree #4963,2015-04-11,12359,6056.5,28478,Medium,Southwest,NV,Plus
ST-04964,Dollar Tree #4964,2005-02-05,12984,3140.2,13521,Medium,Midwest,IN,Combo
ST-04965,Dollar Tree #4965,2016-10-12,12452,7126.3,58157,Low,Southeast,OR,Standard
ST-04966,Dollar Tree #4966,2005-06-25,9181,4691.8,10905,Medium,West,MS,Combo
ST-04967,Dollar Tree #4967,2000-06-16,12645,6544.8,63380,High,West,CA,Combo
ST-04968,Dollar Tree #4968,2006-01-07,13388,10938.5,19591,Low,Mid-Atlantic,AZ,Standard
ST-04969,Dollar Tree #4969,2020-04-05,10819,6283.9,66843,High,West,NC,Plus
ST-04970,Dollar Tree #4970,2021-10-28,9635,10415.8,67827,Low,Mid-Atlantic,MO,Standard
ST-04971,Dollar Tree #4971,2013-01-01,10085,3413.8,59457,Low,Midwest,MS,Standard
ST-04972,Dollar Tree #4972,2007-08-02,6416,9450.4,87496,Low,Mid-Atlantic,KS,Combo
ST-04973,Dollar Tree #4973,2015-05-10,7613,4772.7,67367,Low,Mid-Atlantic,CT,Combo
ST-04974,Dollar Tree #4974,2012-04-17,13458,8489.9,67234,Low,Northeast,NM,Standard
ST-04975,Dollar Tree #4975,2015-12-16,12553,3752.4,10814,High,Midwest,NC,Standard
ST-04976,Dollar Tree #4976,2016-07-14,6998,6377.6,48072,Medium,Mid-Atlantic,MO,Standard
ST-04977,Dollar Tree #4977,2002-05-06,10006,6169.7,40653,High,Northeast,NC,Standard
ST-04978,Dollar Tree #4978,2023-12-20,10121,6106.7,32691,Medium,Southeast,OR,Standard
ST-04979,Dollar Tree #4979,2021-10-06,6673,7669.3,27872,Low,Mid-Atlantic,GA,Plus
ST-04980,Dollar Tree #4980,2018-09-27,12694,11036.0,26078,Medium,West,MS,Standard
ST-04981,Dollar Tree #4981,2000-08-23,12735,1650.5,28168,High,Mid-Atlantic,TX,Standard
ST-04982,Dollar Tree #4982,2022-05-17,8118,11091.3,56020,Medium,Southwest,NM,Plus
ST-04983,Dollar Tree #4983,2002-06-27,12779,8067.7,24478,High,Southwest,KY,Combo
ST-04984,Dollar Tree #4984,2012-07-01,8430,3924.7,81834,Medium,Southeast,AL,Standard
ST-04985,Dollar Tree #4985,2003-07-22,12707,8915.3,58573,Medium,Mid-Atlantic,AZ,Plus
ST-04986,Dollar Tree #4986,2021-08-25,12673,4914.1,58816,Medium,Mid-Atlantic,TN,Plus
ST-04987,Dollar Tree #4987,2012-05-16,13968,4849.8,83680,Medium,Southeast,TX,Plus
ST-04988,Dollar Tree #4988,2021-12-11,12962,7761.0,86823,Medium,Midwest,VA,Standard
ST-04989,Dollar Tree #4989,2005-02-16,8979,931.9,85133,Medium,West,WI,Plus
ST-04990,Dollar Tree #4990,2016-03-19,10573,6115.1,28820,Medium,Midwest,MI,Combo
ST-04991,Dollar Tree #4991,2008-03-06,6040,5287.3,82615,Medium,Mid-Atlantic,CA,Plus
ST-04992,Dollar Tree #4992,2019-03-20,12773,6527.3,99055,Low,Mid-Atlantic,WI,Plus
ST-04993,Dollar Tree #4993,2021-05-02,6505,4682.9,72777,Low,Midwest,TN,Plus
ST-04994,Dollar Tree #4994,2006-10-02,8013,2114.3,21497,Medium,Southeast,CA,Standard
ST-04995,Dollar Tree #4995,2002-09-23,7555,11997.9,41334,Low,Northeast,NV,Standard
ST-04996,Dollar Tree #4996,2003-02-26,13117,6198.1,97632,Low,Southwest,NJ,Standard
ST-04997,Dollar Tree #4997,2016-09-11,8810,6372.2,51914,Medium,Southeast,OR,Standard
ST-04998,Dollar Tree #4998,2011-03-19,9216,1431.2,19806,Medium,Southeast,TN,Plus
ST-04999,Dollar Tree #4999,2014-05-12,9725,8548.6,78587,Low,Midwest,FL,Plus
ST-05000,Dollar Tree #5000,2018-09-07,11326,6119.7,21664,High,Southeast,VA,Standard
ST-05001,Dollar Tree #5001,2012-07-20,9539,11685.8,42432,High,Southeast,MS,Plus
ST-05002,Dollar Tree #5002,2022-10-12,11821,10645.7,80411,Medium,Mid-Atlantic,NC,Standard
ST-05003,Dollar Tree #5003,2014-11-18,13564,1862.2,99458,Medium,Northeast,OR,Standard
ST-05004,Dollar Tree #5004,2019-10-24,10777,11919.6,66644,Low,Midwest,KS,Plus
ST-05005,Dollar Tree #5005,2019-05-21,9854,5166.7,32035,Medium,Southeast,AZ,Combo
ST-05006,Dollar Tree #5006,2017-05-05,9535,6397.5,57433,Low,Southwest,AL,Plus
ST-05007,Dollar Tree #5007,2006-07-16,10625,8777.3,89456,Low,Northeast,AR,Standard
ST-05008,Dollar Tree #5008,2004-11-27,12956,6034.5,20102,Medium,Northeast,OK,Plus
ST-05009,Dollar Tree #5009,2010-12-24,11538,10393.7,11183,Low,West,OK,Plus
ST-05010,Dollar Tree #5010,2005-02-05,7017,9355.0,57884,High,Northeast,AL,Standard
ST-05011,Dollar Tree #5011,2020-05-12,11988,9598.8,32481,Medium,Mid-Atlantic,NC,Plus
ST-05012,Dollar Tree #5012,2022-03-05,6292,1307.4,54116,Medium,Southwest,IL,Combo
ST-05013,Dollar Tree #5013,2007-10-07,11555,4363.1,78409,Low,Midwest,IL,Combo
ST-05014,Dollar Tree #5014,2004-07-05,8646,3038.9,80577,Low,Midwest,TX,Standard
ST-05015,Dollar Tree #5015,2001-11-16,8571,3897.8,88027,Medium,Midwest,FL,Combo
ST-05016,Dollar Tree #5016,2008-03-02,7156,10632.9,79365,Medium,Southeast,IA,Standard
ST-05017,Dollar Tree #5017,2001-08-09,9023,370.9,88675,Low,Mid-Atlantic,KS,Standard
ST-05018,Dollar Tree #5018,2005-09-02,13003,7094.2,84056,Medium,Southwest,TX,Standard
ST-05019,Dollar Tree #5019,2008-05-01,8476,11148.9,36504,Low,Northeast,NM,Plus
ST-05020,Dollar Tree #5020,2000-08-16,6788,8097.4,32792,Low,Mid-Atlantic,VA,Combo
ST-05021,Dollar Tree #5021,2022-04-05,12197,10464.2,72221,High,Mid-Atlantic,GA,Plus
ST-05022,Dollar Tree #5022,2013-06-11,8107,5401.9,18502,Medium,Southeast,IN,Standard
ST-05023,Dollar Tree #5023,2015-04-11,8625,3857.8,23990,Medium,Southwest,NY,Standard
ST-05024,Dollar Tree #5024,2012-07-14,6866,4207.1,99566,Low,West,IL,Plus
ST-05025,Dollar Tree #5025,2023-03-20,8181,2314.9,16685,Low,Northeast,NJ,Standard
ST-05026,Dollar Tree #5026,2020-02-07,13247,3205.3,39174,High,Southeast,AL,Standard
ST-05027,Dollar Tree #5027,2013-03-16,11068,10285.2,80725,Medium,Mid-Atlantic,NV,Standard
ST-05028,Dollar Tree #5028,2016-03-10,12654,5468.3,34765,Low,Mid-Atlantic,NV,Plus
ST-05029,Dollar Tree #5029,2002-03-20,13085,7323.3,15688,Low,Southwest,NM,Standard
ST-05030,Dollar Tree #5030,2022-10-04,7212,11839.5,55434,Medium,Southeast,AL,Combo
ST-05031,Dollar Tree #5031,2011-06-15,11471,11057.0,47725,Low,Northeast,MS,Combo
ST-05032,Dollar Tree #5032,2002-07-22,7531,11799.7,14403,High,Southwest,KS,Combo
ST-05033,Dollar Tree #5033,2023-11-11,10899,1248.3,10505,High,Midwest,AR,Standard
ST-05034,Dollar Tree #5034,2006-07-09,13180,2744.0,45002,Medium,Midwest,IL,Standard
ST-05035,Dollar Tree #5035,2023-10-26,12507,5137.2,22177,Medium,Southeast,OH,Combo
ST-05036,Dollar Tree #5036,2024-12-01,11173,865.2,92477,Low,Southeast,NM,Plus
ST-05037,Dollar Tree #5037,2012-12-17,7957,3965.9,70531,Medium,Northeast,KS,Combo
ST-05038,Dollar Tree #5038,2016-08-18,8618,8090.1,23949,Low,West,NM,Standard
ST-05039,Dollar Tree #5039,2006-09-25,9048,2773.0,11869,Low,West,CA,Standard
ST-05040,Dollar Tree #5040,2021-07-07,11194,11710.5,54840,Medium,Mid-Atlantic,KS,Plus
ST-05041,Dollar Tree #5041,2020-08-15,13247,4102.3,62754,Medium,West,TN,Standard
ST-05042,Dollar Tree #5042,2015-03-18,11390,3847.0,70623,High,Northeast,GA,Standard
ST-05043,Dollar Tree #5043,2008-07-21,7774,2798.6,47623,Medium,Midwest,KY,Combo
ST-05044,Dollar Tree #5044,2013-09-10,13686,9903.3,18527,Medium,Midwest,CT,Plus
ST-05045,Dollar Tree #5045,2023-04-11,6991,5693.4,74891,Low,Midwest,IA,Standard
ST-05046,Dollar Tree #5046,2016-06-04,12452,8803.2,75496,Medium,West,OK,Plus
ST-05047,Dollar Tree #5047,2011-12-27,10639,4459.0,86010,Medium,Midwest,MS,Plus
ST-05048,Dollar Tree #5048,2000-01-26,13607,7758.7,39971,High,Southeast,IN,Combo
ST-05049,Dollar Tree #5049,2010-03-06,10664,10147.5,45657,Medium,Midwest,KY,Standard
ST-05050,Dollar Tree #5050,2002-01-19,7308,2371.3,26761,Medium,Northeast,CT,Standard
ST-05051,Dollar Tree #5051,2010-06-16,13518,7136.9,58269,High,Southeast,IN,Combo
ST-05052,Dollar Tree #5052,2004-04-16,9248,5075.9,45784,Low,Midwest,PA,Plus
ST-05053,Dollar Tree #5053,2009-04-02,7514,7502.2,71848,Low,West,FL,Standard
ST-05054,Dollar Tree #5054,2015-03-06,10836,6802.9,25972,Low,West,IA,Standard
ST-05055,Dollar Tree #5055,2011-11-25,7217,3874.5,97972,Low,West,PA,Standard
ST-05056,Dollar Tree #5056,2019-11-12,6269,1226.0,98304,High,Midwest,AL,Plus
ST-05057,Dollar Tree #5057,2004-09-09,6209,5638.2,66690,High,Mid-Atlantic,OK,Plus
ST-05058,Dollar Tree #5058,2010-04-20,6445,11069.5,71320,Medium,Southeast,OK,Combo
ST-05059,Dollar Tree #5059,2009-08-13,9751,8307.0,13151,Low,Southwest,WI,Standard
ST-05060,Dollar Tree #5060,2009-05-13,9530,11770.4,59451,Medium,Midwest,OR,Plus
ST-05061,Dollar Tree #5061,2007-07-22,12714,257.5,84064,High,Midwest,IL,Plus
ST-05062,Dollar Tree #5062,2013-09-06,13199,8250.9,56659,High,Northeast,WI,Standard
ST-05063,Dollar Tree #5063,2010-10-06,8737,9488.1,65990,Low,West,MO,Standard
ST-05064,Dollar Tree #5064,2012-07-19,12150,10233.3,37618,Low,Midwest,IN,Combo
ST-05065,Dollar Tree #5065,2005-08-08,11177,11356.7,64115,Medium,Mid-Atlantic,CO,Combo
ST-05066,Dollar Tree #5066,2005-08-02,11960,8247.9,71279,Low,Southeast,IA,Combo
ST-05067,Dollar Tree #5067,2021-04-09,11226,3166.6,66416,Medium,Southwest,NY,Standard
ST-05068,Dollar Tree #5068,2011-02-10,10911,8800.6,60637,Low,West,CA,Plus
ST-05069,Dollar Tree #5069,2016-07-06,10113,9802.3,60608,High,Mid-Atlantic,WI,Combo
ST-05070,Dollar Tree #5070,2016-08-20,13921,2199.0,42844,Medium,Midwest,NV,Standard
ST-05071,Dollar Tree #5071,2024-04-22,13660,9596.5,95198,High,West,NJ,Standard
ST-05072,Dollar Tree #5072,2016-07-20,11794,4023.3,21361,Low,Mid-Atlantic,MI,Standard
ST-05073,Dollar Tree #5073,2001-09-18,7866,8405.8,40845,Low,West,GA,Plus
ST-05074,Dollar Tree #5074,2000-02-13,10745,8946.2,45108,Medium,Southwest,AL,Standard
ST-05075,Dollar Tree #5075,2004-11-27,12471,11037.5,74744,Medium,West,MS,Standard
ST-05076,Dollar Tree #5076,2020-10-18,12611,227.8,98270,Low,Southeast,NM,Standard
ST-05077,Dollar Tree #5077,2002-07-07,6784,6113.9,58111,Low,Northeast,TX,Combo
ST-05078,Dollar Tree #5078,2004-04-19,6814,4493.0,38344,Low,Southeast,GA,Plus
ST-05079,Dollar Tree #5079,2020-11-07,11561,985.5,10638,Medium,West,OH,Standard
ST-05080,Dollar Tree #5080,2005-08-02,7503,3084.0,81993,Medium,Southwest,MO,Standard
ST-05081,Dollar Tree #5081,2001-02-06,11098,4302.7,12381,Low,Northeast,OK,Plus
ST-05082,Dollar Tree #5082,2015-11-11,9267,10867.8,11801,Low,Mid-Atlantic,TX,Combo
ST-05083,Dollar Tree #5083,2003-11-19,11233,11972.7,20378,Medium,Southwest,KS,Standard
ST-05084,Dollar Tree #5084,2006-03-10,12962,3845.1,41255,Medium,Southeast,MS,Plus
ST-05085,Dollar Tree #5085,2024-08-04,9053,10975.1,50975,Medium,Mid-Atlantic,MO,Standard
ST-05086,Dollar Tree #5086,2013-10-04,6930,5689.3,92097,Low,Mid-Atlantic,OR,Plus
ST-05087,Dollar Tree #5087,2014-01-05,9953,1859.5,34428,Low,Midwest,CA,Standard
ST-05088,Dollar Tree #5088,2019-04-22,12002,8684.1,11267,Medium,Mid-Atlantic,IL,Standard
ST-05089,Dollar Tree #5089,2020-12-19,11255,1545.6,36856,Low,Northeast,AZ,Combo
ST-05090,Dollar Tree #5090,2021-01-01,9069,10361.2,38140,Low,Midwest,OR,Standard
ST-05091,Dollar Tree #5091,2017-04-05,11597,8885.1,55914,Low,Mid-Atlantic,IN,Plus
ST-05092,Dollar Tree #5092,2005-06-05,11370,10453.6,31499,Low,Southeast,NY,Standard
ST-05093,Dollar Tree #5093,2013-08-19,8837,8761.5,31708,Medium,Mid-Atlantic,IL,Standard
ST-05094,Dollar Tree #5094,2012-08-22,6217,1397.9,20936,Medium,Southwest,WI,Standard
ST-05095,Dollar Tree #5095,2003-07-15,12509,9986.2,80387,Medium,Mid-Atlantic,PA,Plus
ST-05096,Dollar Tree #5096,2000-03-11,6785,4130.5,76479,Medium,Midwest,IA,Standard
ST-05097,Dollar Tree #5097,2013-08-08,12387,385.7,32428,Low,West,AL,Standard
ST-05098,Dollar Tree #5098,2002-08-22,12610,11186.6,54303,Low,Mid-Atlantic,KS,Standard
ST-05099,Dollar Tree #5099,2009-11-01,8957,9544.9,20171,Medium,West,NC,Standard
ST-05100,Dollar Tree #5100,2001-11-11,6225,5478.8,51907,Low,West,NC,Plus
ST-05101,Dollar Tree #5101,2010-03-18,8385,5071.8,74145,Medium,Northeast,GA,Plus
ST-05102,Dollar Tree #5102,2016-05-14,9703,7397.7,16489,High,Northeast,SC,Combo
ST-05103,Dollar Tree #5103,2023-04-01,11328,5504.2,45730,High,Midwest,AR,Standard
ST-05104,Dollar Tree #5104,2010-09-08,8637,4066.5,11019,Low,Southwest,NV,Standard
ST-05105,Dollar Tree #5105,2014-03-15,11253,7220.3,68024,Low,Mid-Atlantic,PA,Plus
ST-05106,Dollar Tree #5106,2005-10-01,6965,10191.7,81715,Low,Southeast,TX,Standard
ST-05107,Dollar Tree #5107,2003-02-25,7291,945.9,35333,Medium,Northeast,TN,Standard
ST-05108,Dollar Tree #5108,2012-09-01,6597,10652.4,88189,Low,Midwest,TX,Standard
ST-05109,Dollar Tree #5109,2009-01-13,8578,957.7,98396,Medium,Mid-Atlantic,OR,Standard
ST-05110,Dollar Tree #5110,2015-02-24,6726,5638.5,97594,Medium,Midwest,SC,Standard
ST-05111,Dollar Tree #5111,2014-10-14,13474,6220.5,63154,Low,Mid-Atlantic,OK,Standard
ST-05112,Dollar Tree #5112,2005-05-27,6458,5484.4,96539,Medium,Northeast,MI,Combo
ST-05113,Dollar Tree #5113,2009-09-22,6657,11292.4,81094,High,West,NY,Plus
ST-05114,Dollar Tree #5114,2001-02-04,12169,11396.2,45962,Medium,Mid-Atlantic,TN,Plus
ST-05115,Dollar Tree #5115,2022-07-15,9596,5109.9,19335,Medium,Midwest,PA,Standard
ST-05116,Dollar Tree #5116,2018-07-24,6237,1337.9,15113,Medium,Southeast,MS,Standard
ST-05117,Dollar Tree #5117,2014-07-10,8712,1086.2,73330,Medium,Northeast,PA,Standard
ST-05118,Dollar Tree #5118,2021-04-18,6034,3168.7,55876,Low,Midwest,IN,Plus
ST-05119,Dollar Tree #5119,2005-08-15,11383,1804.6,34850,High,Southeast,CA,Plus
ST-05120,Dollar Tree #5120,2011-11-19,11278,8338.7,79745,Medium,West,AL,Plus
ST-07169,Dollar Tree #7169,2024-11-13,9059,835.9,96868,Medium,Midwest,OR,Plus
ST-07170,Dollar Tree #7170,2019-10-14,11650,8992.0,81501,Medium,Midwest,MI,Plus
ST-07171,Dollar Tree #7171,2015-02-08,8522,1224.0,54494,High,Southeast,KY,Plus
ST-07172,Dollar Tree #7172,2022-11-08,8159,10394.3,21438,Low,Southwest,NJ,Plus
ST-07173,Dollar Tree #7173,2004-10-24,11938,11734.2,91365,Medium,Southwest,AR,Plus
ST-07174,Dollar Tree #7174,2011-07-25,7286,11401.1,15587,Medium,Southwest,KY,Standard
ST-07175,Dollar Tree #7175,2007-10-08,7753,11751.7,67750,High,Southwest,IN,Standard
ST-07176,Dollar Tree #7176,2009-02-02,13064,8877.3,99613,Medium,Midwest,IL,Plus
ST-07177,Dollar Tree #7177,2015-02-24,12324,9190.6,78127,Low,Mid-Atlantic,CA,Standard
ST-07178,Dollar Tree #7178,2006-11-09,6288,7542.8,42179,Medium,Mid-Atlantic,IA,Plus
ST-07179,Dollar Tree #7179,2005-08-24,11604,1537.6,73652,Low,Mid-Atlantic,CT,Standard
ST-07180,Dollar Tree #7180,2001-04-03,11442,327.0,62085,Medium,Midwest,NV,Plus
ST-07181,Dollar Tree #7181,2022-06-04,12902,11364.9,44967,Medium,West,MS,Plus
ST-07182,Dollar Tree #7182,2015-12-21,11096,5710.6,81972,Medium,Midwest,NJ,Plus
ST-07183,Dollar Tree #7183,2020-12-24,10027,7506.8,56598,Medium,Mid-Atlantic,AL,Plus
ST-07184,Dollar Tree #7184,2002-02-10,13158,7265.7,70044,Medium,Midwest,TN,Standard
ST-07185,Dollar Tree #7185,2020-10-02,13626,4631.8,33189,Low,Mid-Atlantic,OR,Plus
ST-07186,Dollar Tree #7186,2011-02-01,10414,10351.6,36767,Low,Southwest,OK,Plus
ST-07187,Dollar Tree #7187,2012-07-17,13017,5222.8,96544,Medium,West,WI,Standard
ST-07188,Dollar Tree #7188,2004-01-01,7875,2410.0,60497,Medium,Northeast,KY,Standard
ST-07189,Dollar Tree #7189,2001-06-05,8142,1306.6,45727,Low,Northeast,CT,Plus
ST-07190,Dollar Tree #7190,2013-06-28,6779,11981.7,39223,Low,Midwest,OH,Plus
ST-07191,Dollar Tree #7191,2009-10-12,9902,5359.5,42598,High,Mid-Atlantic,IA,Plus
ST-07192,Dollar Tree #7192,2013-12-03,6248,6571.3,92917,High,West,OH,Combo
ST-07193,Dollar Tree #7193,2018-08-02,8465,9318.7,37001,Medium,Southwest,SC,Plus
ST-07194,Dollar Tree #7194,2012-02-05,11691,9062.4,68804,Medium,Southwest,AZ,Standard
ST-07195,Dollar Tree #7195,2003-11-28,7606,4156.2,92709,Medium,Southwest,IA,Standard
ST-07196,Dollar Tree #7196,2008-12-08,12969,1621.8,35870,High,West,KY,Standard
ST-07197,Dollar Tree #7197,2021-05-18,12742,10052.3,85547,Medium,Mid-Atlantic,KS,Standard
ST-07198,Dollar Tree #7198,2007-02-06,13128,11820.4,16622,Low,West,IA,Standard
ST-07199,Dollar Tree #7199,2018-01-10,6391,11674.1,13871,Low,Midwest,NY,Combo
ST-07200,Dollar Tree #7200,2014-01-07,9313,8653.4,34028,Low,Southwest,CT,Standard
ST-07201,Dollar Tree #7201,2006-02-07,8448,9843.5,29543,Medium,Northeast,MI,Combo
ST-07202,Dollar Tree #7202,2014-02-26,10199,6953.7,73222,Medium,Southeast,KS,Standard
ST-07203,Dollar Tree #7203,2024-08-26,13228,5734.8,96418,High,Mid-Atlantic,MI,Combo
ST-07204,Dollar Tree #7204,2004-11-20,7455,1362.8,23581,Medium,Southeast,MO,Standard
ST-07205,Dollar Tree #7205,2017-03-03,11804,4219.7,21389,Medium,Midwest,TX,Combo
ST-07206,Dollar Tree #7206,2015-11-19,9455,2984.1,39479,Low,Midwest,OK,Standard
ST-07207,Dollar Tree #7207,2021-12-09,10806,4795.9,20524,Medium,Southwest,OR,Combo
ST-07208,Dollar Tree #7208,2020-06-03,10999,4877.5,32505,Medium,Northeast,NC,Standard
ST-07209,Dollar Tree #7209,2015-01-14,8592,11127.0,79637,High,Southwest,IA,Plus
ST-07210,Dollar Tree #7210,2013-03-27,12309,11092.3,38072,Medium,West,NJ,Combo
ST-07211,Dollar Tree #7211,2024-08-15,6790,8177.9,70700,Low,Southeast,FL,Plus
ST-07212,Dollar Tree #7212,2018-10-07,12998,8390.5,89305,Low,Southwest,AZ,Combo
ST-07213,Dollar Tree #7213,2023-08-01,11454,10379.5,74154,High,Northeast,TX,Standard
ST-07214,Dollar Tree #7214,2005-11-15,10730,10369.3,31079,High,Midwest,MI,Standard
ST-07215,Dollar Tree #7215,2005-08-17,12944,3624.6,35684,Low,Mid-Atlantic,TX,Standard
ST-07216,Dollar Tree #7216,2019-09-16,10101,7718.1,15241,Medium,Midwest,TN,Standard
ST-07217,Dollar Tree #7217,2018-05-24,10889,1234.6,80846,Medium,West,KY,Combo
ST-07218,Dollar Tree #7218,2009-10-21,10187,5941.5,45617,Medium,Mid-Atlantic,IL,Combo
ST-07219,Dollar Tree #7219,2005-01-07,11912,7059.4,31871,Medium,West,KS,Plus
ST-07220,Dollar Tree #7220,2016-08-01,11309,8283.6,71661,Medium,Midwest,CT,Plus
ST-07221,Dollar Tree #7221,2017-06-26,13033,3586.0,73453,High,Mid-Atlantic,NV,Plus
ST-07222,Dollar Tree #7222,2010-04-01,10751,1891.1,64860,Medium,Southeast,TX,Plus
ST-07223,Dollar Tree #7223,2003-04-05,7229,2245.0,70357,Medium,Northeast,NC,Standard
ST-07224,Dollar Tree #7224,2004-03-14,9221,3809.7,41264,High,Midwest,CT,Standard
ST-07225,Dollar Tree #7225,2018-05-27,13421,3919.4,94786,High,Southwest,GA,Standard
ST-07226,Dollar Tree #7226,2009-10-05,11402,11495.2,65297,Low,Southeast,MS,Combo
ST-07227,Dollar Tree #7227,2008-08-15,9510,228.8,82801,Low,Mid-Atlantic,WI,Standard
ST-07228,Dollar Tree #7228,2015-02-02,6401,1905.0,51435,Medium,Mid-Atlantic,WI,Combo
ST-07229,Dollar Tree #7229,2024-07-09,6927,7621.7,95883,Medium,Southeast,CO,Plus
ST-07230,Dollar Tree #7230,2012-10-16,10940,3086.4,93840,Low,West,IA,Standard
ST-07231,Dollar Tree #7231,2007-09-07,11934,2511.8,68472,Medium,West,WI,Standard
ST-07232,Dollar Tree #7232,2017-12-26,9264,6359.6,79379,Low,Midwest,WI,Standard
ST-07233,Dollar Tree #7233,2014-04-18,13131,8695.0,80585,Low,Southwest,NJ,Standard
ST-07234,Dollar Tree #7234,2023-03-08,8724,638.3,93228,Medium,Mid-Atlantic,KY,Plus
ST-07235,Dollar Tree #7235,2007-08-18,13986,5987.8,92811,Medium,Southeast,NY,Plus
ST-07236,Dollar Tree #7236,2019-09-01,9087,11315.5,43508,Medium,Southwest,TX,Combo
ST-07237,Dollar Tree #7237,2006-04-10,7445,7212.2,90845,High,Midwest,CA,Plus
ST-07238,Dollar Tree #7238,2012-08-05,11895,2020.3,96856,High,Southwest,OH,Plus
ST-07239,Dollar Tree #7239,2002-01-15,9310,5396.3,68232,Medium,Southwest,IN,Combo
ST-07240,Dollar Tree #7240,2022-04-23,10929,5889.4,79831,Low,West,CA,Standard
ST-07241,Dollar Tree #7241,2020-10-15,8168,10907.1,75716,Medium,West,GA,Standard
ST-07242,Dollar Tree #7242,2001-06-07,11670,5933.7,15623,High,Southwest,OH,Standard
ST-07243,Dollar Tree #7243,2004-07-04,6453,8568.4,41668,Low,Midwest,SC,Combo
ST-07244,Dollar Tree #7244,2015-08-07,9191,4332.2,79225,Medium,Midwest,IA,Plus
ST-07245,Dollar Tree #7245,2003-10-18,12748,5024.5,61570,Low,Southeast,PA,Plus
ST-07246,Dollar Tree #7246,2009-01-13,7951,11344.1,71938,Low,Midwest,IN,Plus
ST-07247,Dollar Tree #7247,2006-10-18,8852,5814.4,29323,Medium,Mid-Atlantic,OR,Plus
ST-07248,Dollar Tree #7248,2010-01-01,9809,1850.5,98722,High,Midwest,AR,Standard
ST-07249,Dollar Tree #7249,2016-11-23,11689,4387.9,11086,Low,West,CO,Plus
ST-07250,Dollar Tree #7250,2016-07-14,13367,8303.8,84507,Low,Mid-Atlantic,NC,Combo
ST-07251,Dollar Tree #7251,2010-12-01,13616,4055.5,45033,Medium,Northeast,MI,Plus
ST-07252,Dollar Tree #7252,2024-08-24,7830,4267.9,89607,Medium,Midwest,NC,Standard
ST-07253,Dollar Tree #7253,2009-06-08,9126,10122.3,91084,Medium,Southwest,NY,Combo
ST-07254,Dollar Tree #7254,2001-08-16,11911,11033.0,89324,High,Southwest,IN,Standard
ST-07255,Dollar Tree #7255,2004-03-05,11715,5265.5,59658,High,Mid-Atlantic,FL,Standard
ST-07256,Dollar Tree #7256,2007-04-02,6085,1943.6,11456,Low,Southwest,IA,Standard
ST-07257,Dollar Tree #7257,2023-01-28,12937,5819.8,64981,Medium,Southwest,IA,Combo
ST-07258,Dollar Tree #7258,2013-12-19,7992,10305.3,15072,Medium,Northeast,NC,Standard
ST-07259,Dollar Tree #7259,2007-09-13,11317,7213.2,11280,Low,Southwest,WI,Standard
ST-07260,Dollar Tree #7260,2004-01-16,8801,10493.8,17164,Low,Southwest,CO,Plus
ST-07261,Dollar Tree #7261,2021-02-12,8997,6451.0,55402,Medium,Southeast,KS,Plus
ST-07262,Dollar Tree #7262,2021-03-28,7176,10426.2,43572,Medium,Midwest,TN,Standard
ST-07263,Dollar Tree #7263,2005-04-06,7041,1331.8,80265,Medium,Midwest,NC,Standard
ST-07264,Dollar Tree #7264,2006-10-26,12337,6947.4,58971,High,Northeast,NM,Plus
ST-07265,Dollar Tree #7265,2012-10-20,7630,2661.6,16788,Low,West,FL,Standard
ST-07266,Dollar Tree #7266,2013-10-11,10810,10963.5,73127,Low,Midwest,CT,Combo
ST-07267,Dollar Tree #7267,2021-07-20,9025,8558.9,11706,Medium,Southeast,TN,Standard
ST-07268,Dollar Tree #7268,2020-02-26,7148,6323.0,73528,Medium,Northeast,OR,Plus
ST-07269,Dollar Tree #7269,2020-02-03,9714,9963.8,13259,High,Southwest,AL,Plus
ST-07270,Dollar Tree #7270,2007-09-05,6567,3449.7,27345,Medium,Southwest,NV,Plus
ST-07271,Dollar Tree #7271,2018-10-25,10754,10687.8,61973,Low,West,AL,Standard
ST-07272,Dollar Tree #7272,2000-11-06,10526,3585.4,57266,Low,Northeast,WI,Standard
ST-07273,Dollar Tree #7273,2001-06-13,13080,815.8,34875,High,Northeast,AL,Standard
ST-07274,Dollar Tree #7274,2004-11-14,6437,3299.6,81604,Medium,Mid-Atlantic,WI,Plus
ST-07275,Dollar Tree #7275,2013-06-09,11023,11241.8,18907,Medium,Midwest,NC,Standard
ST-07276,Dollar Tree #7276,2019-04-18,13731,11297.2,66081,Medium,Midwest,IN,Standard
ST-07277,Dollar Tree #7277,2019-03-16,11254,10164.5,16742,High,Midwest,NC,Plus
ST-07278,Dollar Tree #7278,2014-05-17,9866,635.8,62312,Medium,Southeast,GA,Standard
ST-07279,Dollar Tree #7279,2023-01-27,9043,4831.5,10888,Medium,Mid-Atlantic,MI,Standard
ST-07280,Dollar Tree #7280,2020-07-28,6885,4456.4,22764,Low,Mid-Atlantic,IA,Combo
ST-07281,Dollar Tree #7281,2007-06-02,9416,4857.8,59148,Medium,Southwest,AR,Standard
ST-07282,Dollar Tree #7282,2011-01-12,11059,445.7,77020,Medium,Mid-Atlantic,NJ,Combo
ST-07283,Dollar Tree #7283,2014-07-11,9970,6546.4,85299,Low,Southwest,AL,Combo
ST-07284,Dollar Tree #7284,2007-10-04,13591,7301.7,73899,Medium,Southeast,IN,Standard
ST-07285,Dollar Tree #7285,2018-10-02,11774,2450.2,29976,Low,Mid-Atlantic,MS,Plus
ST-07286,Dollar Tree #7286,2023-07-26,12937,415.7,26351,Low,Southeast,IN,Plus
ST-07287,Dollar Tree #7287,2008-08-03,13448,9217.7,50433,Low,Midwest,OK,Combo
ST-07288,Dollar Tree #7288,2007-03-03,6825,1076.4,92882,Medium,Northeast,PA,Plus
ST-07289,Dollar Tree #7289,2020-07-25,11519,1777.2,73564,Medium,Southeast,KY,Plus
ST-07290,Dollar Tree #7290,2003-04-28,12462,3142.1,90225,Medium,Southeast,NY,Standard
ST-07291,Dollar Tree #7291,2011-03-08,10020,6501.3,11712,Low,Midwest,AZ,Standard
ST-07292,Dollar Tree #7292,2006-12-06,10218,5427.1,92978,Low,Midwest,TN,Standard
ST-07293,Dollar Tree #7293,2012-09-13,9390,9172.9,14465,High,Mid-Atlantic,VA,Plus
ST-07294,Dollar Tree #7294,2001-01-02,11861,4451.6,82897,Medium,Mid-Atlantic,NJ,Combo
ST-07295,Dollar Tree #7295,2024-04-18,6948,4066.0,58820,Low,Northeast,KS,Standard
ST-07296,Dollar Tree #7296,2008-04-22,10452,11852.2,53649,Medium,West,NY,Plus
ST-07297,Dollar Tree #7297,2020-01-16,9719,7527.7,45879,Medium,Mid-Atlantic,NM,Standard
ST-07298,Dollar Tree #7298,2009-09-17,13137,9722.3,55554,High,Mid-Atlantic,MS,Standard
ST-07299,Dollar Tree #7299,2009-05-14,9328,1293.3,88200,High,West,VA,Standard
ST-07300,Dollar Tree #7300,2003-08-03,6291,244.0,63303,Medium,Southwest,AR,Standard
ST-07301,Dollar Tree #7301,2012-07-14,10393,6728.8,48075,Medium,Mid-Atlantic,VA,Standard
ST-07302,Dollar Tree #7302,2024-11-22,9268,2794.0,75048,Medium,Southwest,NJ,Plus
ST-07303,Dollar Tree #7303,2019-06-20,10911,737.5,96862,Low,Midwest,MI,Standard
ST-07304,Dollar Tree #7304,2007-09-04,12838,5249.0,34189,Medium,Southwest,NC,Plus
ST-07305,Dollar Tree #7305,2009-10-21,6882,6412.6,61390,Low,Midwest,AZ,Standard
ST-07306,Dollar Tree #7306,2017-09-08,9308,2771.5,53928,Medium,Northeast,OK,Standard
ST-07307,Dollar Tree #7307,2024-04-07,6710,7967.5,20756,High,Southeast,FL,Combo
ST-07308,Dollar Tree #7308,2006-06-14,6931,9819.7,68232,Low,Southeast,MO,Plus
ST-07309,Dollar Tree #7309,2009-08-07,8433,3819.3,85712,Low,Southwest,OH,Combo
ST-07310,Dollar Tree #7310,2005-04-25,11083,10688.9,24449,Medium,Southwest,FL,Plus
ST-07311,Dollar Tree #7311,2022-07-18,7314,10597.3,55382,Medium,West,VA,Combo
ST-07312,Dollar Tree #7312,2016-05-22,7614,1617.4,93176,High,Midwest,OR,Combo
ST-07313,Dollar Tree #7313,2021-08-10,6123,6427.1,50297,Medium,Midwest,TX,Plus
ST-07314,Dollar Tree #7314,2006-10-16,7240,6981.5,65033,Low,Mid-Atlantic,MO,Standard
ST-07315,Dollar Tree #7315,2013-06-15,9973,7159.3,17283,Medium,Northeast,WI,Standard
ST-07316,Dollar Tree #7316,2023-05-09,7223,4079.9,21315,Medium,Northeast,CO,Standard
ST-07317,Dollar Tree #7317,2008-06-11,6638,7103.3,96838,Low,Midwest,NY,Standard
ST-07318,Dollar Tree #7318,2004-09-14,7940,3873.1,42912,Low,Northeast,TN,Standard
ST-07319,Dollar Tree #7319,2021-08-02,13297,10017.5,97490,Medium,Midwest,CO,Standard
ST-07320,Dollar Tree #7320,2009-05-11,7739,11992.1,74520,High,Midwest,AR,Standard
ST-07321,Dollar Tree #7321,2000-02-27,8944,4697.8,22534,Medium,Southwest,OK,Standard
ST-07322,Dollar Tree #7322,2012-11-10,6627,4338.3,72132,Low,Southeast,MO,Plus
ST-07323,Dollar Tree #7323,2016-05-01,11929,7505.3,36425,Medium,Northeast,KY,Plus
ST-07324,Dollar Tree #7324,2016-02-01,11067,268.0,24585,Medium,Midwest,MO,Combo
ST-07325,Dollar Tree #7325,2003-11-10,13402,4268.8,50845,Medium,Midwest,NY,Standard
ST-07326,Dollar Tree #7326,2018-12-21,8942,4057.3,34828,Medium,Southwest,KS,Standard
ST-07327,Dollar Tree #7327,2012-09-02,13829,10490.3,32916,Medium,Southwest,TN,Combo
ST-07328,Dollar Tree #7328,2002-09-02,10383,3235.4,78217,Medium,Northeast,AZ,Plus
ST-07329,Dollar Tree #7329,2009-09-05,13025,5727.1,32269,Low,Mid-Atlantic,NV,Standard
ST-07330,Dollar Tree #7330,2019-10-02,9732,11151.0,50859,High,Southwest,NC,Standard
ST-07331,Dollar Tree #7331,2010-01-08,6179,8023.4,59500,High,Northeast,NC,Standard
ST-07332,Dollar Tree #7332,2022-12-04,11522,7400.4,16236,Medium,Northeast,AR,Plus
ST-07333,Dollar Tree #7333,2015-04-07,6432,536.6,74615,High,Southwest,GA,Combo
ST-07334,Dollar Tree #7334,2004-08-06,7362,2639.4,75043,Low,Southwest,CO,Standard
ST-07335,Dollar Tree #7335,2001-05-27,7700,1924.5,95064,Medium,Northeast,VA,Plus
ST-07336,Dollar Tree #7336,2001-05-15,7915,4408.3,52909,Low,Southeast,TN,Combo
ST-07337,Dollar Tree #7337,2011-05-19,7687,818.6,55085,Low,West,IN,Standard
ST-07338,Dollar Tree #7338,2024-05-27,9024,1339.3,98741,High,Midwest,MS,Plus
ST-07339,Dollar Tree #7339,2018-07-10,7188,5165.6,93028,Medium,Northeast,OR,Standard
ST-07340,Dollar Tree #7340,2019-09-20,11788,5609.0,71217,Medium,Northeast,OR,Standard
ST-07341,Dollar Tree #7341,2002-05-21,11727,3059.8,60692,Medium,Northeast,MS,Standard
ST-07342,Dollar Tree #7342,2019-10-28,6729,8474.2,66912,Medium,Southwest,MI,Combo
ST-07343,Dollar Tree #7343,2001-11-25,7281,8438.0,47818,Low,Southwest,CA,Standard
ST-07344,Dollar Tree #7344,2013-03-18,12164,7822.0,96361,Low,Southeast,IL,Plus
ST-07345,Dollar Tree #7345,2008-04-12,12970,5657.5,90742,Low,West,KY,Plus
ST-07346,Dollar Tree #7346,2010-10-10,9008,10536.9,83700,Medium,Southeast,PA,Standard
ST-07347,Dollar Tree #7347,2002-11-16,8283,10432.9,52215,Low,West,NC,Plus
ST-07348,Dollar Tree #7348,2014-08-12,9261,4521.4,23386,Low,West,KS,Plus
ST-07349,Dollar Tree #7349,2021-10-22,8728,11943.8,36456,Medium,Southeast,TN,Plus
ST-07350,Dollar Tree #7350,2013-07-12,12328,5558.0,37548,Low,Mid-Atlantic,TX,Standard
ST-07351,Dollar Tree #7351,2005-03-21,6584,3095.6,94411,High,West,MO,Standard
ST-07352,Dollar Tree #7352,2006-11-25,11572,9464.9,33403,Low,Midwest,MI,Combo
ST-07353,Dollar Tree #7353,2016-04-27,12494,4162.4,98591,Medium,Southwest,MI,Plus
ST-07354,Dollar Tree #7354,2016-09-23,11150,2926.6,65698,Medium,Southeast,SC,Combo
ST-07355,Dollar Tree #7355,2004-06-05,9044,10437.6,38197,Low,West,KS,Standard
ST-07356,Dollar Tree #7356,2010-12-08,13634,9115.4,32659,Low,Midwest,FL,Plus
ST-07357,Dollar Tree #7357,2006-11-10,12469,4681.4,12785,Medium,West,CT,Plus
ST-07358,Dollar Tree #7358,2020-10-26,11839,8871.4,29875,High,Midwest,MO,Standard
ST-07359,Dollar Tree #7359,2011-08-25,8628,5099.6,23814,Low,West,CA,Combo
ST-07360,Dollar Tree #7360,2002-01-26,7747,9867.2,31277,Low,Northeast,OR,Standard
ST-07361,Dollar Tree #7361,2006-10-11,13873,4488.0,33444,Low,Southwest,CO,Plus
ST-07362,Dollar Tree #7362,2007-03-07,7255,6754.7,43995,Low,Midwest,PA,Standard
ST-07363,Dollar Tree #7363,2013-04-21,7090,5067.0,26726,Low,Midwest,NC,Standard
ST-07364,Dollar Tree #7364,2006-08-04,8753,7822.8,44953,Medium,Northeast,AR,Plus
ST-07365,Dollar Tree #7365,2012-08-18,13060,5399.0,82148,Medium,Northeast,IA,Standard
ST-07366,Dollar Tree #7366,2021-02-21,8891,9186.4,23162,Low,Southeast,TN,Plus
ST-07367,Dollar Tree #7367,2009-03-07,13424,2263.7,99933,Medium,Southeast,VA,Standard
ST-07368,Dollar Tree #7368,2008-07-20,11574,679.4,35199,High,Southwest,AR,Combo
ST-07369,Dollar Tree #7369,2018-12-07,6709,614.2,54725,Medium,Northeast,AL,Plus
ST-07370,Dollar Tree #7370,2007-03-07,11760,6668.7,56400,Medium,Midwest,VA,Standard
ST-07371,Dollar Tree #7371,2014-09-24,9844,5357.1,31186,High,Southwest,TX,Standard
ST-07372,Dollar Tree #7372,2006-06-14,8328,458.4,98592,Medium,Southeast,TX,Plus
ST-07373,Dollar Tree #7373,2019-10-18,9551,6204.2,20262,Medium,Mid-Atlantic,NJ,Standard
ST-07374,Dollar Tree #7374,2015-12-18,9576,6046.2,84577,Medium,West,AL,Plus
ST-07375,Dollar Tree #7375,2018-04-22,10297,11418.3,84644,High,Northeast,NV,Combo
ST-07376,Dollar Tree #7376,2018-05-18,13946,9853.1,99389,Medium,Midwest,AZ,Standard
ST-07377,Dollar Tree #7377,2005-04-22,6683,7263.8,96788,Low,Northeast,PA,Standard
ST-07378,Dollar Tree #7378,2002-06-11,6926,6034.4,52843,Medium,Southwest,NV,Standard
ST-07379,Dollar Tree #7379,2014-04-11,7674,2591.9,72064,Low,Southeast,WI,Plus
ST-07380,Dollar Tree #7380,2019-07-14,13887,5326.9,66722,Medium,Midwest,AR,Plus
ST-07381,Dollar Tree #7381,2023-05-07,6570,1248.9,31176,Low,Northeast,OR,Combo
ST-07382,Dollar Tree #7382,2022-07-12,13071,10210.0,21040,Medium,Mid-Atlantic,CO,Standard
ST-07383,Dollar Tree #7383,2014-04-26,11026,11231.5,57665,High,Midwest,CT,Standard
ST-07384,Dollar Tree #7384,2002-01-11,8897,5379.6,18702,High,Northeast,NM,Standard
ST-07385,Dollar Tree #7385,2021-01-22,12328,1898.0,53324,Medium,Southwest,CA,Plus
ST-07386,Dollar Tree #7386,2020-09-19,12253,4101.9,60206,Medium,Southwest,CO,Standard
ST-07387,Dollar Tree #7387,2010-09-10,7669,3219.0,31116,Low,Northeast,NC,Plus
ST-07388,Dollar Tree #7388,2008-06-06,12076,1396.8,55300,High,West,TN,Standard
ST-07389,Dollar Tree #7389,2013-03-21,13937,9183.0,91863,Medium,Northeast,SC,Standard
ST-07390,Dollar Tree #7390,2021-05-02,11351,6976.1,91110,Medium,Northeast,VA,Standard
ST-07391,Dollar Tree #7391,2009-12-04,8390,225.2,17809,Medium,Midwest,TX,Combo
ST-07392,Dollar Tree #7392,2002-12-08,11525,3341.6,92476,Medium,Mid-Atlantic,OH,Plus
ST-07393,Dollar Tree #7393,2022-07-08,12419,5092.8,19458,Low,Southeast,MS,Plus
ST-07394,Dollar Tree #7394,2009-08-05,8623,8366.7,38732,High,West,CT,Standard
ST-07395,Dollar Tree #7395,2009-06-07,10912,11152.6,62145,Low,Midwest,PA,Standard
ST-07396,Dollar Tree #7396,2000-09-03,9715,3541.5,92457,Medium,Southeast,NJ,Combo
ST-07397,Dollar Tree #7397,2007-10-23,11749,9905.8,62450,Medium,Mid-Atlantic,VA,Combo
ST-07398,Dollar Tree #7398,2005-08-26,12660,11375.5,66689,Medium,Southeast,TX,Plus
ST-07399,Dollar Tree #7399,2003-09-21,10496,1404.9,29977,Medium,Southwest,AZ,Standard
ST-07400,Dollar Tree #7400,2008-03-25,12283,6535.4,89356,Medium,Northeast,OH,Standard
ST-07401,Dollar Tree #7401,2019-08-19,11783,380.6,67058,High,Southeast,NJ,Standard
ST-07402,Dollar Tree #7402,2021-06-20,6634,1082.7,54771,High,Southeast,GA,Standard
ST-07403,Dollar Tree #7403,2014-01-05,11494,10177.9,36712,Low,Southwest,CO,Plus
ST-07404,Dollar Tree #7404,2000-09-13,6421,3838.9,94825,Low,Southwest,IA,Plus
ST-07405,Dollar Tree #7405,2011-09-15,7475,9270.0,35993,Medium,Northeast,MO,Standard
ST-07406,Dollar Tree #7406,2001-11-04,8648,2918.9,39774,Low,Northeast,IL,Standard
ST-07407,Dollar Tree #7407,2010-07-19,13477,9732.8,45600,Medium,Midwest,NM,Standard
ST-07408,Dollar Tree #7408,2006-04-03,13560,1384.7,21985,Medium,Southwest,WI,Standard
ST-07409,Dollar Tree #7409,2019-05-18,12148,9517.3,49470,Low,Southeast,TN,Combo
ST-07410,Dollar Tree #7410,2013-04-03,9014,3771.1,37822,Low,West,NV,Plus
ST-07411,Dollar Tree #7411,2000-04-21,13890,7907.1,50787,High,West,NY,Standard
ST-07412,Dollar Tree #7412,2002-06-27,9120,7759.0,35688,High,Southwest,TN,Plus
ST-07413,Dollar Tree #7413,2002-04-13,8507,5140.8,35657,Medium,Northeast,CT,Standard
ST-07414,Dollar Tree #7414,2010-03-06,10219,9107.4,27782,Low,Southeast,NV,Standard
ST-07415,Dollar Tree #7415,2021-04-27,8529,6235.9,52073,High,Southeast,AR,Combo
ST-07416,Dollar Tree #7416,2019-08-25,11016,6903.9,43509,Medium,Southwest,NJ,Plus
ST-07417,Dollar Tree #7417,2014-06-18,7965,11982.6,38993,Medium,Southeast,NY,Combo
ST-07418,Dollar Tree #7418,2019-08-01,11598,4773.2,10854,Medium,Midwest,FL,Standard
ST-07419,Dollar Tree #7419,2006-12-26,12046,7759.8,52397,Medium,Northeast,PA,Standard
ST-07420,Dollar Tree #7420,2008-08-17,7674,298.4,69316,Medium,Northeast,NY,Plus
ST-07421,Dollar Tree #7421,2006-03-16,11196,447.0,34847,High,Midwest,AL,Standard
ST-07422,Dollar Tree #7422,2008-02-28,6135,8174.0,26432,Medium,West,KY,Plus
ST-07423,Dollar Tree #7423,2006-07-10,7369,5680.6,30026,High,Northeast,OH,Plus
ST-07424,Dollar Tree #7424,2008-11-11,13709,3561.8,60792,Medium,Southwest,WI,Combo
ST-07425,Dollar Tree #7425,2024-08-20,13833,5315.3,96391,Medium,Southwest,MO,Combo
ST-07426,Dollar Tree #7426,2005-07-20,10209,5018.4,35491,Low,Northeast,OR,Standard
ST-07427,Dollar Tree #7427,2006-04-05,9999,7457.6,83523,High,Mid-Atlantic,SC,Standard
ST-07428,Dollar Tree #7428,2003-08-01,7400,7763.6,64661,High,Southwest,NY,Plus
ST-07429,Dollar Tree #7429,2018-07-03,8429,10309.4,47108,Medium,Northeast,KS,Plus
ST-07430,Dollar Tree #7430,2011-02-10,12019,5624.0,65373,Low,Southwest,CT,Standard
ST-07431,Dollar Tree #7431,2006-09-10,10777,11392.9,29691,Medium,Northeast,AR,Plus
ST-07432,Dollar Tree #7432,2016-03-27,7291,11654.2,70085,Medium,Midwest,OR,Plus
ST-07433,Dollar Tree #7433,2002-05-25,6693,9089.2,84135,Medium,Southwest,FL,Combo
ST-07434,Dollar Tree #7434,2011-10-06,11084,10587.9,30712,High,Midwest,IN,Plus
ST-07435,Dollar Tree #7435,2019-01-18,10134,4152.9,15673,Medium,West,TX,Standard
ST-07436,Dollar Tree #7436,2001-12-25,7823,3570.1,73260,High,Mid-Atlantic,IA,Combo
ST-07437,Dollar Tree #7437,2002-02-06,6403,1820.4,37862,Low,Mid-Atlantic,PA,Standard
ST-07438,Dollar Tree #7438,2016-11-27,13861,4479.1,85141,Medium,Mid-Atlantic,KS,Standard
ST-07439,Dollar Tree #7439,2022-11-05,10854,7588.3,14612,Medium,Southeast,PA,Standard
ST-07440,Dollar Tree #7440,2001-04-08,9044,8884.5,29673,Low,Southeast,AL,Plus
ST-07441,Dollar Tree #7441,2019-11-12,6553,1445.7,25724,Low,Mid-Atlantic,IA,Plus
ST-07442,Dollar Tree #7442,2018-08-25,12073,5741.2,41935,Medium,Mid-Atlantic,IN,Plus
ST-07443,Dollar Tree #7443,2005-08-18,9832,4802.3,67358,Medium,Southeast,GA,Plus
ST-07444,Dollar Tree #7444,2000-11-18,11851,3658.0,27070,Medium,Southwest,MS,Plus
ST-07445,Dollar Tree #7445,2010-02-10,8094,8298.3,76712,Medium,Midwest,IN,Standard
ST-07446,Dollar Tree #7446,2006-01-13,7271,9876.8,60085,Medium,Northeast,MI,Combo
ST-07447,Dollar Tree #7447,2021-09-21,8447,9752.0,90531,High,Northeast,AL,Plus
ST-07448,Dollar Tree #7448,2022-08-05,6412,2243.5,87354,Medium,Northeast,FL,Standard
ST-07449,Dollar Tree #7449,2000-01-17,8225,3003.9,94787,Low,West,NY,Standard
ST-07450,Dollar Tree #7450,2002-10-23,10503,1571.0,19890,High,Mid-Atlantic,IN,Plus
ST-07451,Dollar Tree #7451,2013-04-07,6173,7582.7,10170,Medium,Midwest,AL,Standard
ST-07452,Dollar Tree #7452,2001-05-10,7958,10193.5,32388,Medium,Northeast,AR,Plus
ST-07453,Dollar Tree #7453,2005-10-18,13264,7871.1,10782,Low,Mid-Atlantic,WI,Standard
ST-07454,Dollar Tree #7454,2020-05-25,13585,1515.4,63655,Low,Mid-Atlantic,AZ,Plus
ST-07455,Dollar Tree #7455,2006-11-14,12626,2310.7,17630,Medium,Mid-Atlantic,WI,Standard
ST-07456,Dollar Tree #7456,2003-11-21,9504,2945.2,41526,Medium,Northeast,IL,Plus
ST-07457,Dollar Tree #7457,2000-12-11,9954,8600.7,48568,Low,Northeast,GA,Plus
ST-07458,Dollar Tree #7458,2013-03-06,9394,10265.7,53857,Medium,Midwest,NY,Combo
ST-07459,Dollar Tree #7459,2010-03-12,13627,10548.7,80000,Low,West,NJ,Standard
ST-07460,Dollar Tree #7460,2013-04-11,10039,6300.9,25547,Medium,Midwest,MS,Standard
ST-07461,Dollar Tree #7461,2022-07-14,12738,6105.1,72765,Low,Southeast,OH,Combo
ST-07462,Dollar Tree #7462,2019-01-26,13386,1385.5,17713,Low,West,KY,Standard
ST-07463,Dollar Tree #7463,2010-09-25,13037,11099.9,98356,Medium,Mid-Atlantic,NY,Standard
ST-07464,Dollar Tree #7464,2017-06-17,6665,11005.3,16970,Low,Midwest,AZ,Standard
ST-07465,Dollar Tree #7465,2004-04-25,12107,4574.2,54282,High,West,AZ,Plus
ST-07466,Dollar Tree #7466,2005-09-19,6120,1349.0,45478,Low,West,NY,Standard
ST-07467,Dollar Tree #7467,2022-04-11,9512,2888.1,20692,Medium,Southwest,AR,Plus
ST-07468,Dollar Tree #7468,2012-01-05,9710,1321.9,83528,Medium,Southeast,IN,Plus
ST-07469,Dollar Tree #7469,2020-09-18,8249,10475.7,77185,High,Southwest,FL,Plus
ST-07470,Dollar Tree #7470,2002-10-07,12912,11461.4,40087,Medium,Southwest,OK,Plus
ST-07471,Dollar Tree #7471,2023-01-12,13985,1246.9,94987,High,Mid-Atlantic,NC,Plus
ST-07472,Dollar Tree #7472,2007-01-21,10544,561.5,77784,Low,Northeast,IL,Standard
ST-07473,Dollar Tree #7473,2022-02-23,8441,10095.3,32636,Medium,Mid-Atlantic,NV,Standard
ST-07474,Dollar Tree #7474,2023-05-24,7917,446.7,48740,Medium,Southwest,AL,Plus
ST-07475,Dollar Tree #7475,2017-11-19,8430,1930.9,52945,Medium,Southwest,GA,Standard
ST-07476,Dollar Tree #7476,2018-01-25,6174,11171.5,87430,Medium,Southwest,WI,Combo
ST-07477,Dollar Tree #7477,2023-10-08,8021,3465.7,10947,Low,Midwest,NY,Plus
ST-07478,Dollar Tree #7478,2011-02-22,6709,2537.7,15738,Low,Northeast,IN,Plus
ST-07479,Dollar Tree #7479,2012-02-16,6034,4767.7,23928,Medium,Mid-Atlantic,CT,Plus
ST-07480,Dollar Tree #7480,2017-12-09,13002,5082.4,80578,High,Southeast,MS,Combo
ST-07481,Dollar Tree #7481,2000-10-17,10003,1692.4,50569,Medium,Northeast,WI,Standard
ST-07482,Dollar Tree #7482,2017-07-19,9221,7331.5,39664,Medium,Midwest,NV,Standard
ST-07483,Dollar Tree #7483,2001-06-12,9603,1877.8,50512,Medium,Southwest,OH,Standard
ST-07484,Dollar Tree #7484,2007-10-14,12991,2513.2,62919,Low,Northeast,OR,Plus
ST-07485,Dollar Tree #7485,2002-07-01,13785,8000.0,45717,Medium,Mid-Atlantic,NM,Standard
ST-07486,Dollar Tree #7486,2003-08-24,11741,2059.3,35391,Low,West,TX,Standard
ST-07487,Dollar Tree #7487,2014-01-23,12568,4806.3,79078,Medium,Southeast,AR,Plus
ST-07488,Dollar Tree #7488,2004-02-23,10469,9566.5,82714,Medium,Southeast,AR,Standard
ST-07489,Dollar Tree #7489,2016-05-24,11895,11087.4,95880,Low,Midwest,MO,Standard
ST-07490,Dollar Tree #7490,2024-06-23,9740,1242.6,30831,Medium,Midwest,AZ,Standard
ST-07491,Dollar Tree #7491,2012-12-09,6826,8231.0,51356,Medium,Southwest,TN,Plus
ST-07492,Dollar Tree #7492,2003-06-15,12332,9553.9,24696,Low,Northeast,PA,Standard
ST-07493,Dollar Tree #7493,2015-01-04,10278,8327.4,12319,High,Midwest,KY,Plus
ST-07494,Dollar Tree #7494,2024-10-07,12268,4533.2,65412,Medium,Mid-Atlantic,AL,Standard
ST-07495,Dollar Tree #7495,2013-03-12,11910,10482.5,27989,Medium,Southwest,TN,Standard
ST-07496,Dollar Tree #7496,2011-01-23,11835,11004.8,41148,Low,Midwest,KS,Plus
ST-07497,Dollar Tree #7497,2020-09-21,8114,6519.0,77596,Medium,Northeast,WI,Plus
ST-07498,Dollar Tree #7498,2021-11-23,11207,6295.1,35058,Low,Midwest,IL,Standard
ST-07499,Dollar Tree #7499,2004-03-19,10939,10515.8,75009,Medium,Midwest,IL,Standard
ST-07500,Dollar Tree #7500,2003-12-23,6027,961.7,41515,Low,West,SC,Plus
ST-07501,Dollar Tree #7501,2006-01-19,6112,3510.7,16217,Low,Southwest,NM,Plus
ST-07502,Dollar Tree #7502,2011-09-10,12829,8877.3,96025,Medium,Mid-Atlantic,AR,Standard
ST-07503,Dollar Tree #7503,2003-05-02,13173,4201.9,53624,High,Northeast,PA,Standard
ST-07504,Dollar Tree #7504,2014-09-16,6305,8136.4,88352,Low,West,VA,Plus
ST-07505,Dollar Tree #7505,2001-03-22,13512,5639.2,88887,Medium,Northeast,NC,Plus
ST-07506,Dollar Tree #7506,2006-07-20,13034,1002.4,87972,Medium,Northeast,WI,Standard
ST-07507,Dollar Tree #7507,2024-09-14,13216,3347.3,80881,Low,Southwest,PA,Plus
ST-07508,Dollar Tree #7508,2018-07-03,9383,8465.6,60967,Medium,Mid-Atlantic,MO,Standard
ST-07509,Dollar Tree #7509,2014-12-15,8607,2385.6,63876,High,Mid-Atlantic,AL,Combo
ST-07510,Dollar Tree #7510,2009-11-26,7473,8329.5,91629,Low,Midwest,KS,Standard
ST-07511,Dollar Tree #7511,2022-09-21,11030,5653.2,80761,Medium,Mid-Atlantic,FL,Combo
ST-07512,Dollar Tree #7512,2020-05-04,11653,1831.5,52976,Low,Southwest,IA,Plus
ST-07513,Dollar Tree #7513,2001-06-02,12492,6492.0,71928,Medium,Midwest,CA,Standard
ST-07514,Dollar Tree #7514,2013-03-09,8419,10142.6,80028,Low,West,CT,Combo
ST-07515,Dollar Tree #7515,2023-09-18,11400,9889.6,60522,Medium,West,AL,Combo
ST-07516,Dollar Tree #7516,2011-01-04,7849,10668.3,24797,Medium,Southeast,WI,Plus
ST-07517,Dollar Tree #7517,2001-08-09,12864,8640.5,49165,Low,Northeast,NY,Standard
ST-07518,Dollar Tree #7518,2008-10-27,11376,9518.9,50587,Low,West,NV,Combo
ST-07519,Dollar Tree #7519,2005-09-22,12260,11160.0,50719,Low,Midwest,AZ,Standard
ST-07520,Dollar Tree #7520,2009-08-18,9583,8310.5,35692,Medium,Southwest,NM,Standard
ST-07521,Dollar Tree #7521,2006-07-22,7331,5882.0,39784,Low,Northeast,WI,Combo
ST-07522,Dollar Tree #7522,2018-01-08,8505,3958.4,48891,Medium,Southwest,KY,Plus
ST-07523,Dollar Tree #7523,2009-04-25,7463,10054.2,15504,Medium,Midwest,MI,Plus
ST-07524,Dollar Tree #7524,2012-09-14,6833,5948.7,97201,Low,Northeast,MS,Plus
ST-07525,Dollar Tree #7525,2018-01-19,11082,1096.7,84859,Medium,Mid-Atlantic,NM,Combo
ST-07526,Dollar Tree #7526,2020-09-28,12542,9921.8,46559,Medium,Southwest,TN,Standard
ST-07527,Dollar Tree #7527,2014-01-20,10704,4592.3,22146,Low,Southeast,OR,Standard
ST-07528,Dollar Tree #7528,2012-12-06,8609,5892.8,62145,Low,Northeast,CA,Combo
ST-07529,Dollar Tree #7529,2020-10-02,7167,6414.7,55409,Medium,West,OR,Standard
ST-07530,Dollar Tree #7530,2011-01-01,12587,846.7,43660,Medium,Midwest,FL,Standard
ST-07531,Dollar Tree #7531,2013-07-22,7951,686.9,59069,High,Southwest,NV,Standard
ST-07532,Dollar Tree #7532,2015-06-14,7267,9663.0,34560,Low,Southeast,NY,Plus
ST-07533,Dollar Tree #7533,2010-09-19,7465,9904.1,83578,Low,West,OR,Standard
ST-07534,Dollar Tree #7534,2010-04-15,6239,1586.8,39730,High,Southwest,OR,Plus
ST-07535,Dollar Tree #7535,2022-12-01,13918,11323.4,69820,Low,Northeast,OK,Standard
ST-07536,Dollar Tree #7536,2004-12-09,10255,11768.4,35335,Low,Southeast,KY,Plus
ST-07537,Dollar Tree #7537,2015-06-14,10026,5815.1,45517,Medium,Southwest,KS,Plus
ST-07538,Dollar Tree #7538,2010-04-27,7525,3472.0,48474,Medium,Midwest,PA,Plus
ST-07539,Dollar Tree #7539,2020-09-20,10163,11676.1,14621,Medium,Southwest,NJ,Plus
ST-07540,Dollar Tree #7540,2020-05-14,12497,4265.3,54402,High,Mid-Atlantic,IN,Plus
ST-07541,Dollar Tree #7541,2011-07-27,8451,4526.9,86253,Low,Midwest,PA,Plus
ST-07542,Dollar Tree #7542,2018-04-09,9161,6550.3,26703,High,West,OK,Plus
ST-07543,Dollar Tree #7543,2011-02-13,8833,1903.8,97428,Medium,Southwest,NV,Standard
ST-07544,Dollar Tree #7544,2010-02-03,10511,5709.7,79506,Medium,Southeast,NC,Combo
ST-07545,Dollar Tree #7545,2002-05-10,10585,10846.9,97181,Medium,Southwest,MI,Plus
ST-07546,Dollar Tree #7546,2013-04-19,9651,7975.4,20138,Low,Southeast,FL,Plus
ST-07547,Dollar Tree #7547,2017-08-28,12357,11975.1,33469,Medium,Southwest,KS,Plus
ST-07548,Dollar Tree #7548,2013-01-28,9357,8074.9,76259,Medium,Mid-Atlantic,AZ,Plus
ST-07549,Dollar Tree #7549,2021-12-26,8316,8819.0,32900,Low,Midwest,OK,Combo
ST-07550,Dollar Tree #7550,2000-11-27,12892,4028.0,80121,Medium,Southwest,OH,Standard
ST-07551,Dollar Tree #7551,2002-07-07,8145,9305.2,53313,Low,West,CT,Plus
ST-07552,Dollar Tree #7552,2010-02-12,7906,1213.5,18346,Medium,Northeast,OK,Standard
ST-07553,Dollar Tree #7553,2022-09-05,11149,7465.9,94100,Medium,West,CA,Plus
ST-07554,Dollar Tree #7554,2023-12-14,11414,6206.2,51278,Low,Mid-Atlantic,NC,Plus
ST-07555,Dollar Tree #7555,2013-01-26,12460,1409.3,11845,High,Midwest,AL,Standard
ST-07556,Dollar Tree #7556,2019-07-15,6303,1462.8,53879,Medium,Mid-Atlantic,KS,Standard
ST-07557,Dollar Tree #7557,2005-07-10,6637,8908.0,44467,Medium,Midwest,VA,Standard
ST-07558,Dollar Tree #7558,2022-11-24,10924,4463.3,73742,Medium,Southwest,MS,Standard
ST-07559,Dollar Tree #7559,2010-02-13,10448,3014.1,10745,Low,Southeast,MS,Plus
ST-07560,Dollar Tree #7560,2022-02-03,7755,7899.6,75599,Low,Northeast,PA,Standard
ST-07561,Dollar Tree #7561,2023-05-20,10250,807.6,79936,Medium,Southwest,OK,Standard
ST-07562,Dollar Tree #7562,2010-06-15,11606,5933.5,48025,High,Mid-Atlantic,IL,Standard
ST-07563,Dollar Tree #7563,2017-03-08,13237,7355.8,34672,Low,Mid-Atlantic,OR,Standard
ST-07564,Dollar Tree #7564,2017-11-08,9406,4804.7,44424,Medium,West,GA,Standard
ST-07565,Dollar Tree #7565,2018-09-21,6081,6387.6,61123,Medium,West,AR,Plus
ST-07566,Dollar Tree #7566,2006-03-19,12402,5547.2,51371,Medium,Midwest,IA,Standard
ST-07567,Dollar Tree #7567,2013-03-16,6876,10828.4,34845,Medium,Northeast,KY,Standard
ST-07568,Dollar Tree #7568,2008-05-13,12957,7399.8,46256,Medium,West,SC,Plus
ST-07569,Dollar Tree #7569,2023-01-20,6502,4679.3,13682,Medium,Midwest,IN,Plus
ST-07570,Dollar Tree #7570,2006-01-27,9413,1935.1,65795,Medium,Southwest,CT,Standard
ST-07571,Dollar Tree #7571,2016-09-19,10835,6730.0,33258,Medium,Midwest,IA,Standard
ST-07572,Dollar Tree #7572,2012-04-03,7165,8788.9,99695,Medium,Southeast,OK,Standard
ST-07573,Dollar Tree #7573,2018-03-15,8504,7113.7,99846,Medium,Northeast,AL,Plus
ST-07574,Dollar Tree #7574,2002-11-03,7173,1833.0,33811,Low,Midwest,KY,Standard
ST-07575,Dollar Tree #7575,2004-11-22,10159,4376.7,37552,Medium,West,NC,Standard
ST-07576,Dollar Tree #7576,2010-05-27,6886,8637.9,97715,Medium,Southeast,GA,Plus
ST-07577,Dollar Tree #7577,2000-01-25,10402,10343.4,69247,Medium,Southwest,NJ,Standard
ST-07578,Dollar Tree #7578,2019-01-25,6378,2626.6,30764,High,Southwest,TX,Plus
ST-07579,Dollar Tree #7579,2007-05-25,13146,5678.7,47609,Low,Southeast,TN,Plus
ST-07580,Dollar Tree #7580,2008-09-10,9458,3411.5,93338,Low,Northeast,IA,Standard
ST-07581,Dollar Tree #7581,2006-03-07,7900,6628.2,97033,Medium,Midwest,GA,Plus
ST-07582,Dollar Tree #7582,2022-07-16,7934,850.5,56599,Medium,Midwest,SC,Standard
ST-07583,Dollar Tree #7583,2002-10-14,13253,8974.9,54731,Medium,West,TN,Plus
ST-07584,Dollar Tree #7584,2004-03-09,7687,1299.5,27850,High,Mid-Atlantic,NV,Standard
ST-07585,Dollar Tree #7585,2004-06-12,13717,6116.6,90405,Medium,Southeast,CT,Plus
ST-07586,Dollar Tree #7586,2005-12-07,6171,5830.8,25661,Medium,Northeast,PA,Standard
ST-07587,Dollar Tree #7587,2014-01-22,9379,5516.3,17666,Medium,Southwest,AR,Plus
ST-07588,Dollar Tree #7588,2022-11-24,13967,8691.7,94872,Low,Midwest,NC,Combo
ST-07589,Dollar Tree #7589,2010-05-24,12764,11404.5,52713,High,West,IN,Standard
ST-07590,Dollar Tree #7590,2003-04-27,6902,4611.6,64423,Medium,Southwest,IL,Standard
ST-07591,Dollar Tree #7591,2021-01-05,8445,2056.3,48754,Medium,West,CT,Plus
ST-07592,Dollar Tree #7592,2007-10-09,13916,5243.6,47580,Medium,West,IL,Combo
ST-07593,Dollar Tree #7593,2003-01-26,10690,371.8,55376,Medium,Mid-Atlantic,NJ,Plus
ST-07594,Dollar Tree #7594,2022-08-05,9096,2446.8,34568,High,Southwest,NJ,Standard
ST-07595,Dollar Tree #7595,2005-08-21,6581,7350.1,60969,Medium,Southeast,NY,Combo
ST-07596,Dollar Tree #7596,2000-03-08,10503,9418.7,31282,Medium,West,TX,Plus
ST-07597,Dollar Tree #7597,2007-07-14,13649,8901.2,93558,Medium,West,MO,Standard
ST-07598,Dollar Tree #7598,2012-11-20,12752,3892.2,91329,Low,Mid-Atlantic,CT,Combo
ST-07599,Dollar Tree #7599,2020-02-19,12731,4975.4,92652,Medium,Southeast,CT,Combo
ST-07600,Dollar Tree #7600,2022-04-12,9391,1893.8,86172,Medium,Northeast,OH,Standard
ST-07601,Dollar Tree #7601,2002-02-17,9863,263.4,15787,Low,Northeast,SC,Standard
ST-07602,Dollar Tree #7602,2005-03-02,8940,2982.3,31864,Low,West,AL,Standard
ST-07603,Dollar Tree #7603,2018-12-12,9141,11833.5,16461,Medium,West,WI,Standard
ST-07604,Dollar Tree #7604,2009-07-13,6580,10221.6,25274,Low,Northeast,MI,Plus
ST-07605,Dollar Tree #7605,2017-03-09,12626,5696.3,56195,Medium,West,CT,Standard
ST-07606,Dollar Tree #7606,2024-02-16,7568,6899.2,61402,Medium,Midwest,CA,Combo
ST-07607,Dollar Tree #7607,2012-09-17,11157,8786.3,57849,Medium,Mid-Atlantic,TN,Standard
ST-07608,Dollar Tree #7608,2005-08-07,6992,5211.7,41276,Medium,Northeast,PA,Combo
ST-07609,Dollar Tree #7609,2009-06-01,9226,9903.3,36115,Low,Mid-Atlantic,IN,Standard
ST-07610,Dollar Tree #7610,2022-12-22,8862,2022.9,46095,Low,Mid-Atlantic,TN,Plus
ST-07611,Dollar Tree #7611,2008-11-24,8571,5289.0,49292,Medium,West,TN,Plus
ST-07612,Dollar Tree #7612,2014-07-25,11205,11202.0,43337,Medium,West,KS,Standard
ST-07613,Dollar Tree #7613,2008-03-23,10137,3799.2,12273,Low,Northeast,AR,Combo
ST-07614,Dollar Tree #7614,2003-04-25,13706,11566.2,44484,Low,Southwest,WI,Standard
ST-07615,Dollar Tree #7615,2015-12-04,6141,9143.5,41490,Medium,Southeast,IL,Standard
ST-07616,Dollar Tree #7616,2004-06-28,11927,11310.1,99799,Medium,Mid-Atlantic,GA,Standard
ST-07617,Dollar Tree #7617,2015-07-25,12312,10862.1,94174,High,Southeast,KS,Standard
ST-07618,Dollar Tree #7618,2023-04-09,8699,724.0,54867,Medium,Northeast,MO,Plus
ST-07619,Dollar Tree #7619,2012-06-15,10415,11990.7,67290,Low,Northeast,OR,Combo
ST-07620,Dollar Tree #7620,2001-01-01,13267,4347.7,21309,Low,West,NV,Plus
ST-07621,Dollar Tree #7621,2005-11-24,8196,6095.0,41291,Medium,Southeast,KY,Standard
ST-07622,Dollar Tree #7622,2009-09-22,10734,1205.9,17352,Low,Southwest,AL,Combo
ST-07623,Dollar Tree #7623,2021-07-08,6706,11517.4,55566,High,Midwest,OK,Plus
ST-07624,Dollar Tree #7624,2001-11-01,10123,5874.8,75310,Medium,Southwest,VA,Standard
ST-07625,Dollar Tree #7625,2022-04-04,10169,11161.9,39277,High,Mid-Atlantic,SC,Standard
ST-07626,Dollar Tree #7626,2006-08-02,11450,8955.5,46814,Medium,Midwest,AZ,Plus
ST-07627,Dollar Tree #7627,2020-06-01,6863,8078.0,92708,Medium,Northeast,GA,Plus
ST-07628,Dollar Tree #7628,2011-12-22,8443,10260.8,81979,Medium,Southeast,CO,Standard
ST-07629,Dollar Tree #7629,2005-07-24,8292,11891.5,69450,Low,Northeast,MO,Plus
ST-07630,Dollar Tree #7630,2007-04-27,13130,5948.4,14982,Low,Northeast,TN,Standard
ST-07631,Dollar Tree #7631,2006-07-02,8834,3675.3,84051,Medium,Northeast,OH,Plus
ST-07632,Dollar Tree #7632,2018-04-03,11136,649.2,30420,Medium,Southeast,KY,Combo
ST-07633,Dollar Tree #7633,2015-08-11,9427,10221.9,88363,Medium,Mid-Atlantic,CO,Combo
ST-07634,Dollar Tree #7634,2000-07-23,6180,3748.0,76248,Medium,West,AR,Plus
ST-07635,Dollar Tree #7635,2000-10-12,9147,4954.6,23150,Low,Mid-Atlantic,KS,Plus
ST-07636,Dollar Tree #7636,2005-09-19,7062,10389.8,12280,Medium,Midwest,WI,Plus
ST-07637,Dollar Tree #7637,2009-04-12,10604,9744.9,12930,Medium,Southwest,VA,Standard
ST-07638,Dollar Tree #7638,2006-12-13,7623,1532.0,44321,Medium,Southeast,WI,Combo
ST-07639,Dollar Tree #7639,2018-07-19,6773,6288.9,62990,Low,Mid-Atlantic,MO,Standard
ST-07640,Dollar Tree #7640,2020-07-18,9538,2771.8,51570,High,Midwest,MS,Plus
ST-07641,Dollar Tree #7641,2012-05-22,11603,2201.1,13755,Medium,West,NV,Plus
ST-07642,Dollar Tree #7642,2021-03-11,12338,4248.9,41536,Low,Northeast,IL,Standard
ST-07643,Dollar Tree #7643,2017-01-22,11757,8554.0,70295,Medium,Southwest,KY,Standard
ST-07644,Dollar Tree #7644,2008-12-10,11055,1343.1,15136,Medium,West,NJ,Standard
ST-07645,Dollar Tree #7645,2009-09-18,7966,11071.4,89688,Low,Southwest,CT,Standard
ST-07646,Dollar Tree #7646,2014-08-17,12417,2674.6,16171,Medium,West,AR,Combo
ST-07647,Dollar Tree #7647,2020-04-05,13698,11496.3,20354,Medium,Northeast,AZ,Combo
ST-07648,Dollar Tree #7648,2015-02-16,9702,8052.5,25624,Low,Southeast,MI,Standard
ST-07649,Dollar Tree #7649,2005-01-16,13141,2781.6,18657,Medium,Midwest,VA,Plus
ST-07650,Dollar Tree #7650,2024-05-04,9880,7594.2,18696,Medium,Midwest,KY,Plus
ST-07651,Dollar Tree #7651,2000-01-26,6509,533.6,12013,Low,Southeast,GA,Standard
ST-07652,Dollar Tree #7652,2021-11-06,11910,1585.7,81768,Medium,Northeast,NC,Standard
ST-07653,Dollar Tree #7653,2002-02-24,12725,10787.4,94218,Medium,Southeast,NY,Standard
ST-07654,Dollar Tree #7654,2021-11-18,13081,8773.4,20225,Medium,Southeast,IN,Plus
ST-07655,Dollar Tree #7655,2004-05-10,8046,7812.2,65116,Medium,Midwest,AZ,Standard
ST-07656,Dollar Tree #7656,2016-12-24,13224,11055.0,65873,Medium,West,NV,Standard
ST-07657,Dollar Tree #7657,2011-12-21,10467,8983.3,35698,Low,Southwest,VA,Plus
ST-07658,Dollar Tree #7658,2024-08-10,9992,10630.7,92514,Medium,Northeast,MI,Plus
ST-07659,Dollar Tree #7659,2014-12-23,6972,7318.4,98250,Medium,Northeast,KS,Plus
ST-07660,Dollar Tree #7660,2007-04-17,13274,1749.4,59266,Medium,Southwest,NY,Plus
ST-07661,Dollar Tree #7661,2015-09-21,12580,9389.9,59623,Medium,Northeast,PA,Plus
ST-07662,Dollar Tree #7662,2012-07-22,11054,7047.2,60467,High,West,KS,Plus
ST-07663,Dollar Tree #7663,2005-12-23,9748,10457.7,98349,Low,Mid-Atlantic,AR,Plus
ST-07664,Dollar Tree #7664,2020-07-23,12428,4646.6,69762,Medium,West,CT,Plus
ST-07665,Dollar Tree #7665,2011-10-15,9623,8030.6,51910,Medium,Southwest,MO,Plus
ST-07666,Dollar Tree #7666,2015-04-23,11450,9549.1,92137,Medium,Northeast,CA,Plus
ST-07667,Dollar Tree #7667,2010-01-24,12676,5055.4,27446,Low,Mid-Atlantic,CT,Standard
ST-07668,Dollar Tree #7668,2024-08-08,12863,10830.4,84177,Low,Midwest,IN,Standard
ST-07669,Dollar Tree #7669,2022-02-22,11889,2273.4,75373,Medium,West,AZ,Standard
ST-07670,Dollar Tree #7670,2014-01-15,8014,7808.3,81384,Medium,Midwest,AR,Plus
ST-07671,Dollar Tree #7671,2000-12-24,12187,4440.9,20663,Medium,Southeast,PA,Standard
ST-07672,Dollar Tree #7672,2007-04-01,11228,4120.8,67516,High,West,AL,Standard
ST-07673,Dollar Tree #7673,2020-09-17,13268,377.7,31546,High,Mid-Atlantic,OH,Plus
ST-07674,Dollar Tree #7674,2021-06-11,12366,9071.7,75526,Medium,West,IA,Standard
ST-07675,Dollar Tree #7675,2001-09-17,10403,2740.4,99611,Low,Southwest,CO,Combo
ST-07676,Dollar Tree #7676,2018-12-03,12820,8400.6,88802,High,Northeast,TN,Standard
ST-07677,Dollar Tree #7677,2006-11-22,11318,1180.7,46967,Low,Midwest,MI,Plus
ST-07678,Dollar Tree #7678,2002-10-27,10030,3861.3,69523,Low,Mid-Atlantic,SC,Standard
ST-07679,Dollar Tree #7679,2017-12-13,9997,1663.7,67651,Low,Midwest,CO,Plus
ST-07680,Dollar Tree #7680,2020-06-27,10798,4650.2,43567,Low,Southwest,NJ,Combo
ST-07681,Dollar Tree #7681,2001-10-09,6854,5127.1,28517,High,Mid-Atlantic,IA,Combo
ST-07682,Dollar Tree #7682,2024-07-15,7462,3338.8,76250,Medium,Southwest,OH,Plus
ST-07683,Dollar Tree #7683,2021-08-02,6682,10706.8,42321,Low,Northeast,NJ,Plus
ST-07684,Dollar Tree #7684,2013-08-02,6516,8187.6,91224,Low,West,IN,Standard
ST-07685,Dollar Tree #7685,2014-02-01,8193,9475.2,89969,Medium,West,OH,Combo
ST-07686,Dollar Tree #7686,2001-08-26,6643,10938.7,89723,Medium,Mid-Atlantic,TX,Standard
ST-07687,Dollar Tree #7687,2005-02-08,6857,11910.1,86365,High,Southwest,CA,Standard
ST-07688,Dollar Tree #7688,2001-04-10,9152,1486.0,93098,Low,Southwest,GA,Standard
ST-07689,Dollar Tree #7689,2002-08-23,8103,10953.2,46546,Medium,Midwest,NJ,Standard
ST-07690,Dollar Tree #7690,2010-02-26,7501,11508.3,37058,Medium,Midwest,AL,Standard
ST-07691,Dollar Tree #7691,2013-05-24,11076,1228.1,95967,Medium,Southwest,IL,Standard
ST-07692,Dollar Tree #7692,2022-04-13,7636,2945.8,64010,High,Midwest,WI,Plus
ST-07693,Dollar Tree #7693,2010-01-02,9657,11259.5,44329,Low,Midwest,OH,Standard
ST-07694,Dollar Tree #7694,2020-01-03,10642,1234.1,57958,Low,Southwest,NC,Plus
ST-07695,Dollar Tree #7695,2000-07-21,9564,7437.3,91961,High,Southwest,MO,Plus
ST-07696,Dollar Tree #7696,2020-02-27,12930,2654.0,18454,Medium,Midwest,PA,Standard
ST-07697,Dollar Tree #7697,2008-09-14,8250,9296.4,18497,High,Midwest,IL,Standard
ST-07698,Dollar Tree #7698,2000-10-01,11477,3332.7,56027,High,Northeast,AR,Plus
ST-07699,Dollar Tree #7699,2008-01-13,13685,2662.2,30108,Medium,Mid-Atlantic,NC,Combo
ST-07700,Dollar Tree #7700,2023-07-12,6805,9400.0,36798,Low,Southwest,FL,Standard
ST-07701,Dollar Tree #7701,2001-05-20,11369,7077.6,32671,Medium,Midwest,IA,Standard
ST-07702,Dollar Tree #7702,2016-05-25,9867,8593.6,89955,Medium,Northeast,AL,Standard
ST-07703,Dollar Tree #7703,2020-01-12,6398,11171.9,22460,Medium,Southeast,GA,Plus
ST-07704,Dollar Tree #7704,2021-12-05,11397,3077.7,61253,Low,Midwest,AL,Standard
ST-07705,Dollar Tree #7705,2004-09-14,8959,5977.3,25692,Low,Mid-Atlantic,KS,Plus
ST-07706,Dollar Tree #7706,2005-12-10,10701,8970.5,28349,Medium,Mid-Atlantic,NM,Standard
ST-07707,Dollar Tree #7707,2000-01-14,7418,10477.4,79731,Low,West,IL,Combo
ST-07708,Dollar Tree #7708,2019-03-09,8982,1568.1,74732,Medium,Northeast,MO,Plus
ST-07709,Dollar Tree #7709,2012-02-22,11859,6962.4,11031,Medium,West,MS,Standard
ST-07710,Dollar Tree #7710,2003-08-05,11021,11396.1,29573,Low,Southeast,OR,Standard
ST-07711,Dollar Tree #7711,2018-02-08,11993,2672.9,37034,Low,Midwest,GA,Standard
ST-07712,Dollar Tree #7712,2013-03-23,12179,6612.2,70346,High,Southeast,OR,Standard
ST-07713,Dollar Tree #7713,2011-12-27,11191,459.3,45738,High,Mid-Atlantic,TX,Plus
ST-07714,Dollar Tree #7714,2008-02-09,12499,5466.4,75067,Low,Southwest,SC,Standard
ST-07715,Dollar Tree #7715,2017-11-20,10409,2243.7,80275,High,Southeast,MI,Standard
ST-07716,Dollar Tree #7716,2012-09-06,12658,11025.4,62452,Low,Southwest,PA,Plus
ST-07717,Dollar Tree #7717,2015-01-07,10285,5289.9,94222,Medium,Mid-Atlantic,KS,Combo
ST-07718,Dollar Tree #7718,2021-11-21,9597,10562.2,28548,High,Southeast,IL,Standard
ST-07719,Dollar Tree #7719,2004-05-06,13012,5307.0,69375,Medium,Mid-Atlantic,IL,Plus
ST-07720,Dollar Tree #7720,2016-12-03,7298,4216.8,23635,Medium,Midwest,PA,Plus
ST-07721,Dollar Tree #7721,2024-08-27,10435,3505.3,55504,Medium,Northeast,NC,Standard
ST-07722,Dollar Tree #7722,2014-05-23,6739,5424.8,50918,Low,Midwest,NC,Standard
ST-07723,Dollar Tree #7723,2000-06-15,10802,3734.7,14407,Medium,Mid-Atlantic,VA,Standard
ST-07724,Dollar Tree #7724,2024-06-07,7446,7032.5,92845,Low,Midwest,MI,Standard
ST-07725,Dollar Tree #7725,2021-09-25,7900,3477.5,59048,Low,West,AL,Standard
ST-07726,Dollar Tree #7726,2010-01-25,10506,7894.7,89124,Medium,Southwest,VA,Standard
ST-07727,Dollar Tree #7727,2015-03-23,10454,9453.4,52237,High,Southwest,TX,Plus
ST-07728,Dollar Tree #7728,2013-03-12,12485,8615.9,23570,High,Southwest,OH,Standard
ST-07729,Dollar Tree #7729,2000-05-07,11401,10026.4,68136,Low,Midwest,CO,Standard
ST-07730,Dollar Tree #7730,2017-08-06,8308,6312.3,86607,Low,Southwest,NY,Standard
ST-07731,Dollar Tree #7731,2005-09-28,12196,8281.3,98917,Low,Northeast,VA,Plus
ST-07732,Dollar Tree #7732,2017-03-24,6420,10348.7,83357,Low,West,OH,Standard
ST-07733,Dollar Tree #7733,2023-08-21,10114,10273.6,87852,Medium,West,NV,Standard
ST-07734,Dollar Tree #7734,2005-01-19,12776,1726.6,33191,High,Northeast,TX,Combo
ST-07735,Dollar Tree #7735,2022-10-09,12285,1901.5,93258,Medium,Mid-Atlantic,NC,Plus
ST-07736,Dollar Tree #7736,2018-02-07,6406,8811.1,74211,Medium,Southeast,AL,Plus
ST-07737,Dollar Tree #7737,2000-03-11,6711,468.5,98154,Low,Southeast,MO,Plus
ST-07738,Dollar Tree #7738,2017-03-28,8958,10082.8,84996,Medium,West,NV,Plus
ST-07739,Dollar Tree #7739,2007-06-26,11016,8357.4,97485,Medium,Southeast,OH,Plus
ST-07740,Dollar Tree #7740,2001-04-06,12887,2214.7,16444,Medium,Northeast,KS,Combo
ST-07741,Dollar Tree #7741,2014-08-21,6263,348.1,73067,Medium,Northeast,MO,Standard
ST-07742,Dollar Tree #7742,2011-01-13,10440,4067.6,48494,Medium,Northeast,WI,Plus
ST-07743,Dollar Tree #7743,2017-10-12,12732,6995.7,98428,Low,West,VA,Standard
ST-07744,Dollar Tree #7744,2011-02-25,7530,1855.4,76876,Medium,Southwest,CA,Standard
ST-07745,Dollar Tree #7745,2018-10-20,11886,5589.3,47978,Medium,Midwest,NM,Standard
ST-07746,Dollar Tree #7746,2003-08-04,9057,11910.4,18184,Low,Southwest,MI,Plus
ST-07747,Dollar Tree #7747,2023-08-08,9860,1684.8,55077,Medium,Mid-Atlantic,MS,Combo
ST-07748,Dollar Tree #7748,2024-01-25,6865,1922.7,88931,Medium,Southwest,WI,Standard
ST-07749,Dollar Tree #7749,2016-12-07,8204,9168.9,27735,Medium,Mid-Atlantic,OR,Plus
ST-07750,Dollar Tree #7750,2017-11-14,11150,5984.8,53936,Medium,Mid-Atlantic,KS,Standard
ST-07751,Dollar Tree #7751,2023-10-23,12247,10788.5,98232,Medium,West,IA,Standard
ST-07752,Dollar Tree #7752,2015-02-26,10763,3763.8,98014,High,Southwest,CA,Standard
ST-07753,Dollar Tree #7753,2014-02-20,12654,1184.8,94437,High,Mid-Atlantic,NM,Standard
ST-07754,Dollar Tree #7754,2007-06-07,7793,4939.0,39199,Medium,West,PA,Standard
ST-07755,Dollar Tree #7755,2020-08-06,7654,3335.3,54355,High,Northeast,NJ,Standard
ST-07756,Dollar Tree #7756,2017-12-18,11289,11837.2,65111,Low,Northeast,OK,Combo
ST-07757,Dollar Tree #7757,2008-11-08,10439,5702.1,59202,Low,Northeast,VA,Standard
ST-07758,Dollar Tree #7758,2004-02-04,12914,10819.3,78410,Medium,West,MS,Standard
ST-07759,Dollar Tree #7759,2019-05-20,11811,10754.6,91783,Low,Mid-Atlantic,OR,Plus
ST-07760,Dollar Tree #7760,2010-11-19,8750,1587.6,36907,Low,Southwest,KY,Plus
ST-07761,Dollar Tree #7761,2013-05-18,6982,3487.4,21559,Low,Southwest,NV,Standard
ST-07762,Dollar Tree #7762,2000-12-01,11733,1295.6,81672,Low,Northeast,AR,Standard
ST-07763,Dollar Tree #7763,2000-07-08,10548,2142.6,45874,Medium,Southeast,OH,Plus
ST-07764,Dollar Tree #7764,2011-05-19,12742,8861.7,20524,High,West,CO,Combo
ST-07765,Dollar Tree #7765,2021-09-04,11257,7035.4,75612,High,Mid-Atlantic,VA,Standard
ST-07766,Dollar Tree #7766,2002-08-20,6923,4287.0,41252,Medium,West,SC,Standard
ST-07767,Dollar Tree #7767,2020-04-09,9007,7308.9,43628,Medium,West,IL,Standard
ST-07768,Dollar Tree #7768,2009-10-09,6404,6389.2,89729,Low,Northeast,TX,Plus
ST-07769,Dollar Tree #7769,2018-06-13,11023,6583.0,89020,Medium,Mid-Atlantic,IL,Standard
ST-07770,Dollar Tree #7770,2006-02-13,9855,7151.4,32078,Medium,Southwest,MI,Standard
ST-07771,Dollar Tree #7771,2024-12-08,11796,768.6,55480,Low,Midwest,AL,Plus
ST-07772,Dollar Tree #7772,2018-01-21,13752,5281.5,12697,Medium,Northeast,CA,Plus
ST-07773,Dollar Tree #7773,2014-02-02,10712,1433.8,91768,Medium,Midwest,NY,Standard
ST-07774,Dollar Tree #7774,2010-10-06,12796,10098.7,80819,Medium,Midwest,IL,Combo
ST-07775,Dollar Tree #7775,2015-05-19,8224,4375.6,56841,High,West,IL,Plus
ST-07776,Dollar Tree #7776,2006-02-17,8984,10439.0,66966,Medium,Mid-Atlantic,OR,Standard
ST-07777,Dollar Tree #7777,2008-10-08,8095,11040.2,76852,Low,Southeast,IA,Plus
ST-07778,Dollar Tree #7778,2016-09-17,11997,1665.7,71467,High,Mid-Atlantic,CT,Plus
ST-07779,Dollar Tree #7779,2012-12-21,11501,3011.9,17723,Low,West,IN,Standard
ST-07780,Dollar Tree #7780,2020-04-01,10018,7604.4,78844,Low,Southwest,CT,Plus
ST-07781,Dollar Tree #7781,2004-04-23,7415,4059.3,79610,Medium,Northeast,FL,Combo
ST-07782,Dollar Tree #7782,2023-12-27,11095,7873.3,31681,High,Southwest,IN,Plus
ST-07783,Dollar Tree #7783,2003-06-28,6781,6637.1,68962,Medium,Midwest,MI,Standard
ST-07784,Dollar Tree #7784,2008-07-15,9561,9441.6,12547,Low,Midwest,KS,Combo
ST-07785,Dollar Tree #7785,2004-06-20,9635,10604.0,51361,Medium,Northeast,OH,Standard
ST-07786,Dollar Tree #7786,2008-05-28,8867,6631.7,67729,Medium,Mid-Atlantic,MS,Standard
ST-07787,Dollar Tree #7787,2002-10-13,6522,3200.3,90645,Low,Northeast,AR,Combo
ST-07788,Dollar Tree #7788,2022-05-01,11674,10565.6,12813,Medium,Midwest,NM,Combo
ST-07789,Dollar Tree #7789,2009-05-28,10681,5188.8,95087,High,Midwest,PA,Standard
ST-07790,Dollar Tree #7790,2013-06-08,10519,10858.5,90611,Medium,Mid-Atlantic,IL,Plus
ST-07791,Dollar Tree #7791,2021-01-15,13378,4963.6,62732,Medium,Midwest,OR,Standard
ST-07792,Dollar Tree #7792,2008-11-10,7488,366.4,41537,Low,Midwest,MO,Plus
ST-07793,Dollar Tree #7793,2018-08-01,9312,11068.6,55503,Medium,Northeast,NY,Standard
ST-07794,Dollar Tree #7794,2008-06-25,6478,9589.3,67365,Medium,Southeast,TN,Standard
ST-07795,Dollar Tree #7795,2010-01-22,12532,7562.5,77053,Low,Northeast,AL,Standard
ST-07796,Dollar Tree #7796,2004-08-04,12258,9361.8,64411,Low,Southeast,KS,Plus
ST-07797,Dollar Tree #7797,2020-04-12,7476,10863.2,10160,Low,Southwest,KY,Plus
ST-07798,Dollar Tree #7798,2005-07-11,8750,6158.2,36740,Low,Southwest,NY,Standard
ST-07799,Dollar Tree #7799,2010-11-26,8129,11265.5,69296,Low,Northeast,OK,Plus
ST-07800,Dollar Tree #7800,2004-04-07,11292,9340.8,27382,High,Mid-Atlantic,NM,Standard
ST-07801,Dollar Tree #7801,2001-03-11,13063,11026.9,39197,Low,Midwest,AR,Combo
ST-07802,Dollar Tree #7802,2012-08-24,8530,401.5,69397,Low,West,NM,Combo
ST-07803,Dollar Tree #7803,2011-04-08,6927,9170.1,54580,Medium,Midwest,OR,Plus
ST-07804,Dollar Tree #7804,2007-06-28,9397,2296.9,82816,Medium,Midwest,IL,Combo
ST-07805,Dollar Tree #7805,2003-09-09,10447,11216.8,41037,Low,Southwest,MI,Plus
ST-07806,Dollar Tree #7806,2004-02-12,7229,9881.8,86929,Medium,Midwest,NJ,Plus
ST-07807,Dollar Tree #7807,2014-02-13,9145,2490.5,90153,Low,Mid-Atlantic,CA,Standard
ST-07808,Dollar Tree #7808,2004-03-04,9555,9146.3,82362,High,West,CA,Plus
ST-07809,Dollar Tree #7809,2000-02-17,7277,10458.2,20968,High,Midwest,VA,Plus
ST-07810,Dollar Tree #7810,2008-11-03,13353,1779.4,58192,Low,Southeast,NY,Plus
ST-07811,Dollar Tree #7811,2017-04-23,7597,3626.3,95382,Low,Southwest,AL,Combo
ST-07812,Dollar Tree #7812,2002-10-10,8180,11926.6,54808,High,Midwest,NV,Plus
ST-07813,Dollar Tree #7813,2013-12-13,13601,7066.6,59390,Low,Midwest,IL,Plus
ST-07814,Dollar Tree #7814,2014-02-04,9977,1649.5,27869,Low,Southeast,MI,Standard
ST-07815,Dollar Tree #7815,2022-08-23,8198,1641.3,68243,Medium,Southwest,NJ,Plus
ST-07816,Dollar Tree #7816,2023-03-07,6047,758.2,27100,Low,Midwest,OH,Standard
ST-07817,Dollar Tree #7817,2007-08-03,9296,11897.7,50778,Low,Southeast,OK,Combo
ST-07818,Dollar Tree #7818,2006-12-26,12983,11482.2,56608,Low,West,CO,Plus
ST-07819,Dollar Tree #7819,2014-11-24,7309,11030.5,18658,Low,Midwest,PA,Plus
ST-07820,Dollar Tree #7820,2005-08-25,12919,302.9,90677,High,West,IL,Combo
ST-07821,Dollar Tree #7821,2001-07-26,9859,5261.8,43641,Low,Northeast,KY,Combo
ST-07822,Dollar Tree #7822,2022-02-24,12333,1302.5,42189,Low,Northeast,FL,Standard
ST-07823,Dollar Tree #7823,2019-02-01,13829,8236.2,44394,Medium,Northeast,CA,Standard
ST-07824,Dollar Tree #7824,2005-11-02,8550,7107.7,60733,Medium,West,MS,Plus
ST-07825,Dollar Tree #7825,2022-06-03,6170,2562.8,88272,Medium,Southeast,MO,Combo
ST-07826,Dollar Tree #7826,2020-03-05,9763,9315.7,79376,Low,West,NV,Standard
ST-07827,Dollar Tree #7827,2023-10-01,7364,4218.3,38110,Low,Midwest,NC,Plus
ST-07828,Dollar Tree #7828,2017-09-28,13608,462.2,63636,Medium,Mid-Atlantic,OR,Plus
ST-07829,Dollar Tree #7829,2011-08-16,12507,4907.1,50877,Low,West,NJ,Plus
ST-07830,Dollar Tree #7830,2005-09-19,6819,3224.5,40937,Low,Southeast,KS,Combo
ST-07831,Dollar Tree #7831,2024-05-11,11601,2990.2,69451,Medium,West,OR,Combo
ST-07832,Dollar Tree #7832,2002-02-13,6279,8779.4,44781,High,Southwest,SC,Combo
ST-07833,Dollar Tree #7833,2003-09-06,7187,2127.6,94267,High,Midwest,OK,Standard
ST-07834,Dollar Tree #7834,2020-10-26,8372,3485.5,97510,Medium,West,MI,Plus
ST-07835,Dollar Tree #7835,2011-11-13,12375,7507.5,50683,Medium,Midwest,FL,Combo
ST-07836,Dollar Tree #7836,2008-03-04,11155,4542.2,28408,Medium,Mid-Atlantic,AL,Standard
ST-07837,Dollar Tree #7837,2008-03-13,11881,854.4,18416,Low,Southeast,MS,Plus
ST-07838,Dollar Tree #7838,2002-05-08,13401,6513.9,67760,Medium,Midwest,OK,Plus
ST-07839,Dollar Tree #7839,2003-03-07,12007,7292.7,52279,Medium,Midwest,CT,Combo
ST-07840,Dollar Tree #7840,2004-06-24,10678,9383.7,37262,Medium,Southeast,AR,Standard
ST-07841,Dollar Tree #7841,2013-08-15,11230,10356.4,38539,Low,West,OK,Plus
ST-07842,Dollar Tree #7842,2017-01-08,12987,7416.1,38030,Medium,Southwest,SC,Plus
ST-07843,Dollar Tree #7843,2005-01-23,9922,4255.2,37800,Medium,Northeast,AR,Plus
ST-07844,Dollar Tree #7844,2002-11-26,11247,7069.9,34943,Medium,Southeast,WI,Combo
ST-07845,Dollar Tree #7845,2018-02-17,12885,8710.5,52003,Low,Southwest,GA,Plus
ST-07846,Dollar Tree #7846,2016-05-18,11231,11284.2,54528,Low,Midwest,CA,Plus
ST-07847,Dollar Tree #7847,2016-02-12,6769,8279.3,44750,Medium,Southeast,IN,Plus
ST-07848,Dollar Tree #7848,2010-07-25,11198,5002.4,19358,Medium,Mid-Atlantic,IA,Plus
ST-07849,Dollar Tree #7849,2005-11-15,13172,8642.7,50601,Low,West,AR,Standard
ST-07850,Dollar Tree #7850,2009-05-28,8970,5032.5,55994,Low,Mid-Atlantic,KS,Standard
ST-07851,Dollar Tree #7851,2018-10-15,8809,2602.5,14584,Low,Midwest,NC,Plus
ST-07852,Dollar Tree #7852,2023-04-08,10457,3287.0,52510,Medium,Midwest,MS,Standard
ST-07853,Dollar Tree #7853,2002-03-21,7165,1849.6,90880,High,West,KY,Plus
ST-07854,Dollar Tree #7854,2009-09-04,7675,1131.0,17034,Medium,West,GA,Standard
ST-07855,Dollar Tree #7855,2017-10-17,11059,8607.4,13119,Medium,Mid-Atlantic,PA,Combo
ST-07856,Dollar Tree #7856,2005-03-23,6324,2146.1,50469,Low,Southwest,TN,Plus
ST-07857,Dollar Tree #7857,2018-08-02,12718,9624.9,99088,Medium,West,IL,Combo
ST-07858,Dollar Tree #7858,2017-03-18,7348,4662.2,63577,Medium,Midwest,CA,Combo
ST-07859,Dollar Tree #7859,2000-11-01,10901,11351.6,96929,Medium,Southwest,GA,Standard
ST-07860,Dollar Tree #7860,2022-05-19,11395,5032.2,57886,High,West,NJ,Plus
ST-07861,Dollar Tree #7861,2000-12-04,7156,1270.9,57742,Medium,Southeast,CA,Standard
ST-07862,Dollar Tree #7862,2005-06-08,8068,8277.9,36022,Medium,Mid-Atlantic,NC,Plus
ST-07863,Dollar Tree #7863,2013-10-08,9809,926.1,72333,High,Midwest,NM,Plus
ST-07864,Dollar Tree #7864,2009-05-01,7724,7632.1,45110,Medium,Southeast,OH,Standard
ST-07865,Dollar Tree #7865,2002-10-24,8132,10934.8,53316,High,Southwest,OH,Standard
ST-07866,Dollar Tree #7866,2011-06-11,7860,2120.2,61989,High,Mid-Atlantic,KY,Plus
ST-07867,Dollar Tree #7867,2010-06-11,6006,2018.7,88091,Medium,Midwest,TX,Standard
ST-07868,Dollar Tree #7868,2016-04-24,9209,834.6,30837,Low,West,WI,Standard
ST-07869,Dollar Tree #7869,2018-10-07,13871,11432.2,29632,High,West,KY,Plus
ST-07870,Dollar Tree #7870,2023-12-23,9328,10542.6,76248,Medium,West,TX,Standard
ST-07871,Dollar Tree #7871,2000-07-21,11557,4218.1,33596,Medium,Midwest,MI,Standard
ST-07872,Dollar Tree #7872,2023-04-02,8572,2261.2,37696,High,Southwest,NY,Standard
ST-07873,Dollar Tree #7873,2024-02-14,12790,9491.0,40612,High,Southwest,TX,Plus
ST-07874,Dollar Tree #7874,2020-03-16,13472,3276.3,28258,Low,Northeast,KS,Combo
ST-07875,Dollar Tree #7875,2020-06-02,7500,7868.0,48509,Low,Southwest,AL,Plus
ST-07876,Dollar Tree #7876,2007-10-15,9880,8863.4,77187,Low,Northeast,NM,Standard
ST-07877,Dollar Tree #7877,2016-06-19,6821,11272.5,88324,Low,Mid-Atlantic,NJ,Standard
ST-07878,Dollar Tree #7878,2005-05-18,12202,5476.0,47038,High,Northeast,MI,Standard
ST-07879,Dollar Tree #7879,2024-05-16,13928,1432.6,10831,High,West,KS,Plus
ST-07880,Dollar Tree #7880,2014-08-27,10721,9160.9,20161,Medium,Mid-Atlantic,AZ,Plus
ST-07881,Dollar Tree #7881,2018-03-05,10845,1552.7,94646,Low,Southwest,KY,Plus
ST-07882,Dollar Tree #7882,2001-11-03,9260,6745.2,46956,High,Northeast,MI,Combo
ST-07883,Dollar Tree #7883,2015-07-23,7930,2911.1,91669,High,West,MI,Plus
ST-07884,Dollar Tree #7884,2024-11-20,6819,3796.3,51214,High,West,OH,Plus
ST-07885,Dollar Tree #7885,2009-03-15,13204,11346.2,59814,Medium,Southwest,NC,Standard
ST-07886,Dollar Tree #7886,2013-06-08,12378,5446.4,63493,High,Southwest,IA,Plus
ST-07887,Dollar Tree #7887,2017-06-27,9433,2630.5,68101,Low,Southwest,MI,Standard
ST-07888,Dollar Tree #7888,2012-02-21,11782,1539.7,63060,Medium,Midwest,AL,Standard
ST-07889,Dollar Tree #7889,2004-05-03,13418,6031.7,66397,Medium,Southwest,MI,Plus
ST-07890,Dollar Tree #7890,2017-03-11,9332,7729.6,45767,High,Mid-Atlantic,IL,Standard
ST-07891,Dollar Tree #7891,2010-02-01,7004,10254.1,13548,Low,Mid-Atlantic,NM,Plus
ST-07892,Dollar Tree #7892,2016-04-23,6960,9462.4,84922,High,Northeast,NC,Standard
ST-07893,Dollar Tree #7893,2001-02-03,12074,1725.0,20704,High,Southwest,MS,Standard
ST-07894,Dollar Tree #7894,2014-05-23,10588,1300.3,51066,High,Southwest,AL,Plus
ST-07895,Dollar Tree #7895,2003-10-28,12645,3434.3,26968,Low,West,CA,Standard
ST-07896,Dollar Tree #7896,2023-02-06,8109,4000.9,80651,Low,Midwest,KS,Plus
ST-07897,Dollar Tree #7897,2023-01-17,13933,495.9,75280,Low,West,OH,Plus
ST-07898,Dollar Tree #7898,2016-11-26,8973,5493.7,35306,Medium,Mid-Atlantic,MI,Standard
ST-07899,Dollar Tree #7899,2010-05-06,11544,3853.2,70530,Low,Southeast,AZ,Plus
ST-07900,Dollar Tree #7900,2003-11-11,12749,9556.9,48302,Medium,Southwest,TN,Plus
ST-07901,Dollar Tree #7901,2020-03-28,6012,5908.7,32840,Medium,Southwest,PA,Standard
ST-07902,Dollar Tree #7902,2024-04-23,6951,8698.0,78581,High,Southwest,TX,Plus
ST-07903,Dollar Tree #7903,2013-12-08,7704,9967.7,49658,High,Midwest,NJ,Standard
ST-07904,Dollar Tree #7904,2018-08-12,13160,10694.8,81950,Low,West,NV,Combo
ST-07905,Dollar Tree #7905,2000-12-07,13818,6260.4,52228,Medium,Mid-Atlantic,KS,Plus
ST-07906,Dollar Tree #7906,2016-01-05,10563,3777.3,10252,Low,Southwest,WI,Standard
ST-07907,Dollar Tree #7907,2013-12-05,11398,4666.7,46165,Medium,Midwest,NY,Combo
ST-07908,Dollar Tree #7908,2021-05-26,13986,5602.0,17239,Medium,Midwest,IN,Standard
ST-07909,Dollar Tree #7909,2002-06-08,13337,5988.5,89376,Low,Southwest,NV,Combo
ST-07910,Dollar Tree #7910,2000-07-01,13339,6570.4,26930,Low,Mid-Atlantic,WI,Standard
ST-07911,Dollar Tree #7911,2000-11-01,6112,8246.8,32582,Medium,Southwest,SC,Standard
ST-07912,Dollar Tree #7912,2013-11-16,11986,9548.8,28208,High,Midwest,TN,Standard
ST-07913,Dollar Tree #7913,2020-06-07,6039,7393.5,29560,Low,Southeast,NY,Standard
ST-07914,Dollar Tree #7914,2016-09-04,9266,7556.5,36843,Medium,West,AR,Standard
ST-07915,Dollar Tree #7915,2024-03-23,13341,1963.9,31812,Medium,Southeast,GA,Standard
ST-07916,Dollar Tree #7916,2008-03-09,6584,10803.6,61372,Low,West,IL,Plus
ST-07917,Dollar Tree #7917,2016-11-22,6667,3200.6,81208,Medium,Mid-Atlantic,CO,Standard
ST-07918,Dollar Tree #7918,2017-11-06,11492,2136.2,99884,Low,Southeast,OH,Plus
ST-07919,Dollar Tree #7919,2023-05-14,12179,10321.9,61798,Low,West,AL,Plus
ST-07920,Dollar Tree #7920,2014-02-02,10164,8545.1,76719,Medium,Southeast,PA,Standard
ST-07921,Dollar Tree #7921,2007-11-08,9654,11253.9,51681,High,Mid-Atlantic,KS,Standard
ST-07922,Dollar Tree #7922,2002-05-12,11423,4414.8,49573,Medium,Southwest,PA,Standard
ST-07923,Dollar Tree #7923,2015-01-23,6420,10504.8,77623,Medium,Mid-Atlantic,KY,Plus
ST-07924,Dollar Tree #7924,2015-05-25,8082,2150.5,32951,High,Midwest,CO,Combo
ST-07925,Dollar Tree #7925,2014-04-02,7788,6001.1,77516,Medium,Mid-Atlantic,CA,Plus
ST-07926,Dollar Tree #7926,2006-08-27,8202,10190.0,29013,High,Northeast,IA,Standard
ST-07927,Dollar Tree #7927,2012-11-01,12805,7847.8,82186,Low,Northeast,KY,Plus
ST-07928,Dollar Tree #7928,2015-04-14,12116,8037.5,73305,Medium,West,NJ,Plus
ST-07929,Dollar Tree #7929,2016-08-16,13823,1304.8,51573,Medium,Southeast,GA,Standard
ST-07930,Dollar Tree #7930,2010-04-17,7735,6086.0,87309,Low,Southeast,GA,Plus
ST-07931,Dollar Tree #7931,2023-12-19,13491,11536.9,98460,Low,Midwest,TN,Plus
ST-07932,Dollar Tree #7932,2023-05-22,12812,5610.3,23730,Medium,Southeast,IN,Combo
ST-07933,Dollar Tree #7933,2016-02-05,12087,8183.1,15756,Medium,West,KY,Plus
ST-07934,Dollar Tree #7934,2004-05-18,6294,10575.7,90438,Medium,Southeast,OH,Standard
ST-07935,Dollar Tree #7935,2021-03-25,9723,4067.1,25183,Medium,Mid-Atlantic,GA,Plus
ST-07936,Dollar Tree #7936,2004-01-03,9898,10242.8,12981,Low,Northeast,IN,Standard
ST-07937,Dollar Tree #7937,2020-06-11,11681,4819.2,70243,Medium,Southwest,GA,Standard
ST-07938,Dollar Tree #7938,2003-01-14,9713,8642.6,48940,Medium,Mid-Atlantic,CO,Plus
ST-07939,Dollar Tree #7939,2016-10-02,12434,8569.3,26313,High,Southwest,MO,Combo
ST-07940,Dollar Tree #7940,2015-09-27,12050,8597.7,16856,Low,Northeast,MS,Standard
ST-07941,Dollar Tree #7941,2009-10-28,7110,2785.5,98655,High,Northeast,NM,Standard
ST-07942,Dollar Tree #7942,2017-04-08,8479,1623.8,79919,Medium,Northeast,IA,Standard
ST-07943,Dollar Tree #7943,2022-06-26,11608,415.4,35686,Medium,Mid-Atlantic,IL,Standard
ST-07944,Dollar Tree #7944,2024-04-17,13726,10301.3,11280,Low,Midwest,NC,Standard
ST-07945,Dollar Tree #7945,2003-04-15,12026,2796.5,29792,High,West,NJ,Combo
ST-07946,Dollar Tree #7946,2000-05-18,13366,6275.3,81494,Low,West,SC,Plus
ST-07947,Dollar Tree #7947,2022-06-19,12944,11869.9,70616,Low,Southeast,OR,Standard
ST-07948,Dollar Tree #7948,2020-10-05,13166,10035.9,78836,Low,West,AL,Standard
ST-07949,Dollar Tree #7949,2016-04-26,11738,8021.2,80713,Medium,Southeast,KS,Plus
ST-07950,Dollar Tree #7950,2003-11-02,9436,2306.5,46232,Medium,Southwest,SC,Plus
ST-07951,Dollar Tree #7951,2006-01-25,7823,6605.5,60791,Medium,Northeast,NM,Plus
ST-07952,Dollar Tree #7952,2024-05-18,9218,5860.2,71301,High,Southwest,OR,Plus
ST-07953,Dollar Tree #7953,2017-12-14,12936,10505.0,43606,Medium,Midwest,AL,Standard
ST-07954,Dollar Tree #7954,2003-09-12,6670,698.9,54964,Medium,Mid-Atlantic,OH,Plus
ST-07955,Dollar Tree #7955,2024-03-11,8738,10676.8,39957,Low,Mid-Atlantic,NY,Plus
ST-07956,Dollar Tree #7956,2023-01-17,10049,1799.7,75950,Medium,Southeast,KS,Standard
ST-07957,Dollar Tree #7957,2000-03-06,11248,8834.4,33553,Medium,Mid-Atlantic,NM,Standard
ST-07958,Dollar Tree #7958,2005-02-22,8816,10142.6,32024,Medium,Mid-Atlantic,NM,Combo
ST-07959,Dollar Tree #7959,2004-04-03,13088,1622.6,44918,Low,Midwest,FL,Combo
ST-07960,Dollar Tree #7960,2012-07-28,7915,6597.2,64781,Medium,Southwest,IA,Standard
ST-07961,Dollar Tree #7961,2018-08-05,9810,5400.9,24365,High,West,WI,Combo
ST-07962,Dollar Tree #7962,2008-07-01,8887,2426.6,49479,Medium,Mid-Atlantic,VA,Combo
ST-07963,Dollar Tree #7963,2014-05-25,12159,918.9,59936,Medium,Southeast,NC,Combo
ST-07964,Dollar Tree #7964,2020-09-14,12400,7583.4,76055,Medium,Northeast,TN,Combo
ST-07965,Dollar Tree #7965,2009-07-26,7296,7448.1,84044,Low,Southwest,MO,Standard
ST-07966,Dollar Tree #7966,2012-01-11,7977,9122.4,88254,Low,West,NM,Standard
ST-07967,Dollar Tree #7967,2002-01-01,6261,5889.2,71720,Medium,Southeast,NV,Standard
ST-07968,Dollar Tree #7968,2016-03-24,9347,2599.7,93803,Medium,Northeast,AL,Plus
ST-07969,Dollar Tree #7969,2015-11-24,6390,2651.8,34041,Low,Midwest,CA,Combo
ST-07970,Dollar Tree #7970,2016-02-20,7629,2924.4,98349,Low,Southeast,MO,Standard
ST-07971,Dollar Tree #7971,2020-05-28,9024,3328.1,55877,High,Midwest,IA,Standard
ST-07972,Dollar Tree #7972,2015-03-15,10249,10981.0,88604,Low,Midwest,MI,Plus
ST-07973,Dollar Tree #7973,2021-12-22,9765,11081.8,19938,Medium,Midwest,TX,Plus
ST-07974,Dollar Tree #7974,2012-09-13,9681,6907.7,85740,High,Midwest,PA,Standard
ST-07975,Dollar Tree #7975,2021-07-04,7791,5774.1,89859,Medium,Southeast,IL,Plus
ST-07976,Dollar Tree #7976,2012-02-27,10594,1744.8,89308,Low,Northeast,SC,Plus
ST-07977,Dollar Tree #7977,2016-08-19,6238,7281.3,33171,Medium,Northeast,OH,Standard
ST-07978,Dollar Tree #7978,2005-07-07,8589,9616.7,82794,Low,Midwest,TN,Plus
ST-07979,Dollar Tree #7979,2002-01-06,13864,10860.8,32460,Low,Mid-Atlantic,VA,Combo
ST-07980,Dollar Tree #7980,2003-10-07,7572,3939.7,27109,Medium,Midwest,MI,Standard
ST-07981,Dollar Tree #7981,2015-11-06,12533,6585.1,75542,Medium,Northeast,CT,Standard
ST-07982,Dollar Tree #7982,2005-06-23,7086,888.8,44783,Low,Southeast,CA,Plus
ST-07983,Dollar Tree #7983,2002-09-06,10098,9190.7,25427,Low,Midwest,MO,Plus
ST-07984,Dollar Tree #7984,2012-11-14,9531,10958.0,96636,Medium,West,IL,Standard
ST-07985,Dollar Tree #7985,2006-02-16,7388,7241.5,44929,Low,West,CO,Standard
ST-07986,Dollar Tree #7986,2015-06-03,7745,5944.9,99419,Medium,Midwest,WI,Standard
ST-07987,Dollar Tree #7987,2009-12-21,6833,8613.3,59911,Medium,West,CO,Standard
ST-07988,Dollar Tree #7988,2017-05-27,8673,1005.8,30101,Low,West,CT,Standard
ST-07989,Dollar Tree #7989,2019-12-14,8869,3146.9,77218,Medium,Northeast,NM,Plus
ST-07990,Dollar Tree #7990,2008-01-12,13668,4957.1,48014,High,Midwest,KY,Plus
ST-07991,Dollar Tree #7991,2006-12-09,6446,11242.1,23006,Low,Southwest,NJ,Standard
ST-07992,Dollar Tree #7992,2017-08-23,12667,11700.4,90897,Medium,Southeast,PA,Standard
ST-07993,Dollar Tree #7993,2015-12-22,11790,3986.4,26876,Low,Midwest,CO,Standard
ST-07994,Dollar Tree #7994,2022-02-22,7282,10656.4,34202,Medium,Southeast,NJ,Standard
ST-07995,Dollar Tree #7995,2009-11-25,10670,9747.9,51267,High,Northeast,GA,Combo
ST-07996,Dollar Tree #7996,2000-08-19,8598,6641.2,53291,Medium,Southwest,MO,Plus
ST-07997,Dollar Tree #7997,2004-04-20,9073,5412.4,73562,Medium,Southeast,AL,Standard
ST-07998,Dollar Tree #7998,2014-06-03,9335,2578.4,10586,Medium,Southwest,OH,Plus
ST-07999,Dollar Tree #7999,2024-08-20,13553,3727.4,89807,High,West,AR,Standard
ST-08000,Dollar Tree #8000,2014-04-15,11900,1807.5,90907,High,Northeast,MO,Plus
ST-08001,Dollar Tree #8001,2008-09-01,7781,4919.6,47448,High,Mid-Atlantic,IA,Standard
ST-08002,Dollar Tree #8002,2009-05-01,11560,8670.4,88000,Low,West,NJ,Plus
ST-08003,Dollar Tree #8003,2010-01-22,12789,4033.8,78496,Medium,West,MI,Standard
ST-08004,Dollar Tree #8004,2020-05-19,7471,9732.9,80483,Low,Midwest,OR,Plus
ST-08005,Dollar Tree #8005,2001-12-05,7104,10081.4,40684,Medium,Northeast,FL,Combo
ST-08006,Dollar Tree #8006,2015-05-17,11199,4992.4,64463,Medium,Southeast,NM,Plus
ST-08007,Dollar Tree #8007,2023-01-12,10414,3187.6,14360,Medium,Northeast,OK,Standard
ST-08008,Dollar Tree #8008,2007-06-22,11718,1437.9,59097,Medium,Southeast,FL,Plus
ST-08009,Dollar Tree #8009,2005-07-28,6536,10584.8,14373,Medium,Mid-Atlantic,AR,Standard
ST-08010,Dollar Tree #8010,2010-07-07,13571,7811.1,42892,Medium,Mid-Atlantic,AL,Plus
ST-08011,Dollar Tree #8011,2003-03-14,8750,791.7,80179,High,West,CO,Plus
ST-08012,Dollar Tree #8012,2011-06-17,12671,3976.3,71963,Medium,West,OK,Plus
ST-08013,Dollar Tree #8013,2017-09-27,6666,5225.1,64952,Medium,Mid-Atlantic,CA,Plus
ST-08014,Dollar Tree #8014,2012-06-03,6859,6977.5,76502,Medium,Southwest,MI,Combo
ST-08015,Dollar Tree #8015,2009-12-16,7590,9536.4,20944,Medium,Mid-Atlantic,IN,Plus
ST-08016,Dollar Tree #8016,2024-06-10,8605,5644.3,72522,High,Southwest,TX,Plus
ST-08017,Dollar Tree #8017,2001-09-25,11224,9579.2,54471,Medium,Mid-Atlantic,WI,Combo
ST-08018,Dollar Tree #8018,2006-05-18,12482,4604.3,64288,Medium,Mid-Atlantic,GA,Standard
ST-08019,Dollar Tree #8019,2014-12-12,8524,1171.1,19297,High,Midwest,TN,Standard
ST-08020,Dollar Tree #8020,2004-08-15,6419,10980.0,94205,Medium,Southwest,OH,Plus
ST-08021,Dollar Tree #8021,2012-10-19,10405,1159.0,17449,Medium,Southeast,IN,Plus
ST-08022,Dollar Tree #8022,2004-01-02,10573,4043.6,62172,Low,Northeast,TN,Combo
ST-08023,Dollar Tree #8023,2024-05-23,13587,5026.9,62392,High,Southwest,KY,Standard
ST-08024,Dollar Tree #8024,2018-04-28,7316,3017.3,53873,Medium,Mid-Atlantic,AR,Plus
ST-08025,Dollar Tree #8025,2006-09-17,7651,8763.1,39474,Low,Mid-Atlantic,FL,Standard
ST-08026,Dollar Tree #8026,2018-04-21,7267,4420.3,47437,Medium,Midwest,NM,Plus
ST-08027,Dollar Tree #8027,2021-03-17,12563,11243.9,92598,Low,Mid-Atlantic,TX,Plus
ST-08028,Dollar Tree #8028,2013-07-11,7700,3252.5,90025,Medium,Mid-Atlantic,IA,Standard
ST-08029,Dollar Tree #8029,2001-10-01,6175,1989.5,80376,Low,Northeast,CA,Standard
ST-08030,Dollar Tree #8030,2006-03-24,9425,4910.4,21801,Medium,West,TX,Plus
ST-08031,Dollar Tree #8031,2022-09-27,9326,9594.6,50427,High,West,NM,Combo
ST-08032,Dollar Tree #8032,2018-02-13,13969,11691.8,74773,High,Southwest,IA,Plus
ST-08033,Dollar Tree #8033,2011-01-05,13074,8841.0,48666,Low,Midwest,CA,Standard
ST-08034,Dollar Tree #8034,2004-03-27,13181,6972.0,57389,Low,Midwest,IL,Plus
ST-08035,Dollar Tree #8035,2010-10-06,13997,5877.6,87639,Medium,Southwest,CT,Plus
ST-08036,Dollar Tree #8036,2003-07-06,8364,1808.3,34895,Low,West,TX,Standard
ST-08037,Dollar Tree #8037,2021-01-25,12153,5798.0,99411,Low,Northeast,IN,Plus
ST-08038,Dollar Tree #8038,2024-05-10,9246,432.8,38973,Medium,West,NM,Plus
ST-08039,Dollar Tree #8039,2008-10-04,9992,8971.7,11249,Medium,West,IA,Standard
ST-08040,Dollar Tree #8040,2003-03-07,7823,1560.5,51793,High,Southeast,NC,Plus
ST-08041,Dollar Tree #8041,2015-07-06,6844,10076.9,47580,Low,Mid-Atlantic,TX,Combo
ST-08042,Dollar Tree #8042,2007-08-12,6856,3718.4,59777,Medium,West,CT,Combo
ST-08043,Dollar Tree #8043,2013-12-13,10327,8286.5,83362,Low,Southeast,CO,Combo
ST-08044,Dollar Tree #8044,2014-11-28,13193,2473.6,94905,Low,Southwest,WI,Plus
ST-08045,Dollar Tree #8045,2001-03-26,10306,3620.5,91840,Medium,Southeast,NV,Standard
ST-08046,Dollar Tree #8046,2011-06-21,11459,11803.1,18916,Low,Northeast,OK,Plus
ST-08047,Dollar Tree #8047,2021-10-26,6663,3298.1,98702,Medium,Mid-Atlantic,AL,Standard
ST-08048,Dollar Tree #8048,2004-06-07,13250,10830.1,85588,Medium,Southeast,TX,Standard
ST-08049,Dollar Tree #8049,2024-10-13,8988,3404.6,73964,Low,Midwest,MS,Plus
ST-08050,Dollar Tree #8050,2009-05-12,11553,8017.9,84396,Low,Midwest,VA,Standard
ST-08051,Dollar Tree #8051,2024-02-01,7120,643.4,36847,Medium,West,OK,Plus
ST-08052,Dollar Tree #8052,2000-11-15,6596,3113.3,93252,Medium,Northeast,KS,Standard
ST-08053,Dollar Tree #8053,2004-02-05,13833,11029.5,10806,Low,Midwest,TN,Plus
ST-08054,Dollar Tree #8054,2015-10-16,8897,1902.4,15300,Low,West,MI,Plus
ST-08055,Dollar Tree #8055,2013-06-10,7436,4295.2,53404,High,Southwest,OR,Plus
ST-08056,Dollar Tree #8056,2012-03-06,7354,7484.5,94325,Medium,Midwest,MI,Standard
ST-08057,Dollar Tree #8057,2014-02-01,8844,11568.4,60168,Medium,Southeast,CO,Combo
ST-08058,Dollar Tree #8058,2004-10-07,11717,10436.4,94492,Medium,West,AR,Standard
ST-08059,Dollar Tree #8059,2014-01-27,9112,3164.0,77679,High,Southwest,PA,Combo
ST-08060,Dollar Tree #8060,2007-06-25,10296,11565.5,34629,Medium,Mid-Atlantic,NV,Plus
ST-08061,Dollar Tree #8061,2021-11-11,6676,5653.0,57755,High,Southeast,CA,Standard
ST-08062,Dollar Tree #8062,2014-08-01,6326,3812.8,35609,High,Northeast,OK,Plus
ST-08063,Dollar Tree #8063,2012-03-15,13170,3134.2,32295,Medium,Midwest,IL,Plus
ST-08064,Dollar Tree #8064,2005-08-27,11978,3822.2,83203,Low,Southeast,OR,Plus
ST-08065,Dollar Tree #8065,2024-03-28,7044,4180.2,65787,Low,Midwest,WI,Standard
ST-08066,Dollar Tree #8066,2014-04-24,11571,8933.5,40394,Low,Northeast,NC,Plus
ST-08067,Dollar Tree #8067,2008-07-16,8977,11143.8,13916,Low,West,CA,Plus
ST-08068,Dollar Tree #8068,2010-12-10,13366,10768.8,80966,Medium,Mid-Atlantic,OH,Standard
ST-08069,Dollar Tree #8069,2006-10-16,6861,10168.4,25849,High,Northeast,NC,Standard
ST-08070,Dollar Tree #8070,2006-04-02,8978,9209.3,86534,Medium,Northeast,AR,Plus
ST-08071,Dollar Tree #8071,2018-04-27,8082,684.1,86008,Medium,Mid-Atlantic,TX,Standard
ST-08072,Dollar Tree #8072,2023-09-16,13185,11490.5,76037,Medium,Mid-Atlantic,WI,Plus
ST-08073,Dollar Tree #8073,2011-06-17,11494,3777.5,31333,Medium,Southeast,KS,Plus
ST-08074,Dollar Tree #8074,2014-07-17,8880,5717.2,58000,High,Southwest,AR,Standard
ST-08075,Dollar Tree #8075,2009-03-19,7436,6032.3,54731,Low,Northeast,CO,Standard
ST-08076,Dollar Tree #8076,2004-06-05,11799,5012.2,67832,Medium,West,NC,Standard
ST-08077,Dollar Tree #8077,2005-03-03,9476,4747.5,90361,Medium,Southeast,IL,Plus
ST-08078,Dollar Tree #8078,2003-05-20,10485,5510.9,47715,Low,Mid-Atlantic,TX,Combo
ST-08079,Dollar Tree #8079,2022-04-22,8606,5587.2,75370,Medium,West,GA,Standard
ST-08080,Dollar Tree #8080,2005-05-02,8374,7157.1,77808,Medium,Mid-Atlantic,IL,Plus
ST-08081,Dollar Tree #8081,2004-04-03,13535,5986.5,93795,Medium,Southeast,IL,Combo
ST-08082,Dollar Tree #8082,2014-04-21,8437,10972.0,71332,High,Southwest,IL,Standard
ST-08083,Dollar Tree #8083,2024-12-14,8623,11722.5,56666,Medium,Southeast,IN,Plus
ST-08084,Dollar Tree #8084,2011-05-26,11156,9580.5,91529,Medium,Northeast,NJ,Combo
ST-08085,Dollar Tree #8085,2020-09-19,10008,2785.3,13739,High,Southeast,OR,Plus
ST-08086,Dollar Tree #8086,2024-09-11,10321,11185.0,45171,High,Mid-Atlantic,OR,Combo
ST-08087,Dollar Tree #8087,2009-11-28,7039,11344.2,78683,High,Southeast,TN,Plus
ST-08088,Dollar Tree #8088,2014-07-04,11112,448.9,51057,Low,Midwest,AZ,Standard
ST-08089,Dollar Tree #8089,2003-12-12,13763,9312.5,57685,Low,Northeast,MO,Standard
ST-08090,Dollar Tree #8090,2019-11-18,7004,6836.4,62614,Medium,Southwest,NV,Standard
ST-08091,Dollar Tree #8091,2002-06-18,10323,7376.5,18406,Medium,Northeast,CT,Plus
ST-08092,Dollar Tree #8092,2014-03-19,9737,10865.7,20379,High,Southeast,NV,Plus
ST-08093,Dollar Tree #8093,2016-04-21,6957,4402.3,63209,Low,Mid-Atlantic,KS,Standard
ST-08094,Dollar Tree #8094,2005-01-13,6397,4616.5,19064,Low,Southwest,CO,Plus
ST-08095,Dollar Tree #8095,2013-10-01,8812,3334.8,53738,Low,Southwest,NV,Plus
ST-08096,Dollar Tree #8096,2004-12-25,6550,7334.7,48976,High,Southwest,FL,Plus
ST-08097,Dollar Tree #8097,2023-01-23,7073,8060.4,32690,Medium,Mid-Atlantic,NY,Standard
ST-08098,Dollar Tree #8098,2022-08-26,8018,1686.9,69200,Medium,West,AR,Standard
ST-08099,Dollar Tree #8099,2003-03-08,12649,621.7,36584,Medium,West,CO,Plus
ST-08100,Dollar Tree #8100,2024-11-02,8659,5034.6,42934,Low,Northeast,IN,Standard
ST-08101,Dollar Tree #8101,2024-02-24,6470,7823.2,46678,Medium,Southeast,IA,Standard
ST-08102,Dollar Tree #8102,2002-09-23,9164,9190.7,69623,Low,Mid-Atlantic,FL,Plus
ST-08103,Dollar Tree #8103,2017-08-18,13697,10240.4,55850,Low,Mid-Atlantic,VA,Standard
ST-08104,Dollar Tree #8104,2009-06-20,7552,1489.1,23972,Low,Northeast,PA,Standard
ST-08105,Dollar Tree #8105,2009-08-01,13855,11182.8,86044,Medium,Southeast,NC,Standard
ST-08106,Dollar Tree #8106,2007-06-21,12934,9655.4,54829,Medium,Mid-Atlantic,TX,Plus
ST-08107,Dollar Tree #8107,2013-05-25,13250,5897.0,95165,Medium,Mid-Atlantic,AZ,Combo
ST-08108,Dollar Tree #8108,2004-11-19,8211,2464.1,81870,High,Northeast,IL,Standard
ST-08109,Dollar Tree #8109,2009-06-08,12174,7464.6,82457,High,Northeast,IA,Plus
ST-08110,Dollar Tree #8110,2004-01-27,12776,5399.6,79727,Medium,Mid-Atlantic,NV,Standard
ST-08111,Dollar Tree #8111,2021-09-09,8697,6521.2,17100,Low,Southeast,OH,Plus
ST-08112,Dollar Tree #8112,2023-08-13,11619,268.3,22556,Medium,Northeast,TN,Plus
ST-08113,Dollar Tree #8113,2015-03-11,7448,5494.9,35158,High,Mid-Atlantic,AR,Standard
ST-08114,Dollar Tree #8114,2008-05-12,13281,11278.5,87168,Low,Southwest,IN,Plus
ST-08115,Dollar Tree #8115,2009-11-05,6535,8844.3,11018,Medium,Southeast,TX,Plus
ST-08116,Dollar Tree #8116,2006-12-09,8418,2558.8,74219,Low,Northeast,OK,Combo
ST-08117,Dollar Tree #8117,2016-05-06,8717,5443.5,55332,Medium,Southeast,MS,Standard
ST-08118,Dollar Tree #8118,2014-04-11,7726,8322.4,84123,Medium,Southeast,MI,Plus
ST-08119,Dollar Tree #8119,2013-09-20,13914,6214.4,95288,High,Mid-Atlantic,NV,Standard
ST-08120,Dollar Tree #8120,2005-03-11,12952,10199.8,38986,Medium,Northeast,OH,Standard
ST-08121,Dollar Tree #8121,2014-08-09,11333,4867.4,85905,Low,Southeast,GA,Plus
ST-08122,Dollar Tree #8122,2008-08-28,6906,2792.8,72496,Low,Midwest,WI,Plus
ST-08123,Dollar Tree #8123,2021-12-16,11966,4152.6,31319,Low,Northeast,KS,Combo
ST-08124,Dollar Tree #8124,2020-11-06,11927,10908.9,14397,High,Midwest,TX,Combo
ST-08125,Dollar Tree #8125,2004-04-22,13951,3518.5,16191,Low,Southeast,OK,Plus
ST-08126,Dollar Tree #8126,2015-11-07,10530,3760.2,37550,Medium,Northeast,MS,Standard
ST-08127,Dollar Tree #8127,2004-02-11,11433,8785.4,41442,Medium,Southeast,AZ,Plus
ST-08128,Dollar Tree #8128,2013-10-09,11242,9114.6,63359,Medium,West,AZ,Combo
ST-08129,Dollar Tree #8129,2019-05-20,6580,7347.9,72866,Medium,Mid-Atlantic,NV,Standard
ST-08130,Dollar Tree #8130,2022-02-27,7801,8574.9,50577,Medium,Midwest,CT,Standard
ST-08131,Dollar Tree #8131,2007-12-06,10886,4800.5,75185,Low,Southwest,KS,Standard
ST-08132,Dollar Tree #8132,2018-05-28,13276,2042.7,37392,Low,West,KY,Plus
ST-08133,Dollar Tree #8133,2016-11-13,6891,4891.2,64890,Medium,Southeast,GA,Standard
ST-08134,Dollar Tree #8134,2005-09-26,6284,7318.0,22766,Medium,Midwest,CT,Standard
ST-08135,Dollar Tree #8135,2012-09-06,8419,7346.0,70867,Medium,Northeast,IA,Standard
ST-08136,Dollar Tree #8136,2021-05-22,10701,1543.0,98418,High,Midwest,NV,Standard
ST-08137,Dollar Tree #8137,2013-06-21,8214,11852.0,62001,Medium,Northeast,OH,Plus
ST-08138,Dollar Tree #8138,2015-11-21,12576,7852.8,45849,Medium,Northeast,IN,Standard
ST-08139,Dollar Tree #8139,2007-06-04,7640,6259.3,44170,Medium,Southwest,OH,Plus
ST-08140,Dollar Tree #8140,2006-04-10,11461,7287.0,65306,Medium,Northeast,VA,Combo
ST-08141,Dollar Tree #8141,2017-03-05,11774,11441.1,38004,Low,West,AR,Standard
ST-08142,Dollar Tree #8142,2015-07-02,8802,6897.3,68650,Medium,Mid-Atlantic,AR,Standard
ST-08143,Dollar Tree #8143,2021-07-03,7374,3423.3,81850,High,Southeast,GA,Standard
ST-08144,Dollar Tree #8144,2008-02-10,9128,5932.0,86022,Medium,West,CT,Combo
ST-08145,Dollar Tree #8145,2024-04-17,10809,1966.8,98112,Low,West,NY,Standard
ST-08146,Dollar Tree #8146,2020-10-08,13583,5786.6,37944,Medium,Mid-Atlantic,KY,Combo
ST-08147,Dollar Tree #8147,2005-10-02,10253,11225.7,21015,High,Northeast,OR,Plus
ST-08148,Dollar Tree #8148,2022-11-17,9455,5482.7,44593,Medium,Southwest,WI,Plus
ST-08149,Dollar Tree #8149,2016-08-07,7074,238.3,18298,Medium,Northeast,NY,Plus
ST-08150,Dollar Tree #8150,2019-05-09,12857,1552.8,81902,Low,Southwest,IA,Plus
ST-08151,Dollar Tree #8151,2015-11-03,10131,8636.4,71202,High,Northeast,OR,Standard
ST-08152,Dollar Tree #8152,2010-04-24,10681,6762.0,70594,Medium,Northeast,NJ,Standard
ST-08153,Dollar Tree #8153,2002-10-03,10775,9711.0,86783,Medium,Midwest,OR,Combo
ST-08154,Dollar Tree #8154,2019-09-21,8608,7948.3,25910,Low,Southwest,MI,Standard
ST-08155,Dollar Tree #8155,2012-02-10,7073,1874.0,68181,Medium,Northeast,MI,Standard
ST-08156,Dollar Tree #8156,2002-03-27,7363,6381.5,53131,Medium,West,KY,Standard
ST-08157,Dollar Tree #8157,2020-08-01,10584,1560.2,40919,Medium,Southwest,OK,Standard
ST-08158,Dollar Tree #8158,2007-02-18,10640,11775.1,14854,Low,Midwest,KY,Plus
ST-08159,Dollar Tree #8159,2005-05-13,6299,10042.7,25796,Low,West,KY,Standard
ST-08160,Dollar Tree #8160,2008-11-21,10665,6984.1,93848,Medium,Southeast,AZ,Standard
ST-08161,Dollar Tree #8161,2003-11-11,6430,6241.5,11032,Medium,Southwest,TN,Plus
ST-08162,Dollar Tree #8162,2001-05-22,12340,1725.8,85778,Medium,Mid-Atlantic,IN,Plus
ST-08163,Dollar Tree #8163,2000-04-11,8283,8114.9,60771,Medium,Southeast,CT,Combo
ST-08164,Dollar Tree #8164,2016-03-08,12981,4446.9,75647,Medium,West,WI,Plus
ST-08165,Dollar Tree #8165,2012-10-22,6644,6545.1,64876,Medium,West,OR,Standard
ST-08166,Dollar Tree #8166,2002-03-03,7217,3006.8,84643,Medium,Northeast,NJ,Plus
ST-08167,Dollar Tree #8167,2020-04-25,10093,699.7,61363,Low,Southwest,PA,Standard
ST-08168,Dollar Tree #8168,2010-03-13,8214,8602.0,37491,Medium,Northeast,NY,Standard
ST-08169,Dollar Tree #8169,2016-09-16,6473,8547.6,71510,Low,Southwest,OH,Plus
ST-08170,Dollar Tree #8170,2016-05-16,12003,4610.0,49629,Medium,Southwest,CA,Combo
ST-08171,Dollar Tree #8171,2001-10-14,8088,5059.9,44985,Medium,West,CO,Standard
ST-08172,Dollar Tree #8172,2016-04-26,12485,6247.9,92592,Medium,Southwest,CT,Standard
ST-08173,Dollar Tree #8173,2003-07-26,9462,6136.1,82600,Medium,Southwest,MS,Plus
ST-08174,Dollar Tree #8174,2016-10-11,7890,8853.1,50227,Medium,Southwest,IA,Standard
ST-08175,Dollar Tree #8175,2006-10-07,6337,2878.1,61215,Low,West,AL,Plus
ST-08176,Dollar Tree #8176,2006-03-13,11992,454.8,81008,High,Mid-Atlantic,AZ,Standard
ST-08177,Dollar Tree #8177,2020-06-24,9591,10571.8,47407,Low,Mid-Atlantic,IL,Plus
ST-08178,Dollar Tree #8178,2017-04-15,12033,6388.9,98411,Low,Southwest,FL,Plus
ST-08179,Dollar Tree #8179,2002-09-14,8637,6550.2,81368,Low,Southwest,MI,Plus
ST-08180,Dollar Tree #8180,2003-12-05,6322,3165.8,64235,Medium,Midwest,VA,Plus
ST-08181,Dollar Tree #8181,2010-07-13,7811,8346.3,37493,Medium,Southeast,OR,Plus
ST-08182,Dollar Tree #8182,2021-02-07,13507,7504.3,96464,Low,Southeast,IL,Standard
ST-08183,Dollar Tree #8183,2009-03-04,6464,2924.7,87918,High,West,SC,Standard
ST-08184,Dollar Tree #8184,2000-05-21,10400,5462.5,38168,Medium,Mid-Atlantic,CA,Standard
ST-08185,Dollar Tree #8185,2005-04-07,8745,9310.6,84563,High,Southeast,CT,Plus
ST-08186,Dollar Tree #8186,2020-08-23,12034,4295.0,10896,Low,Southeast,CO,Standard
ST-08187,Dollar Tree #8187,2018-11-20,7063,7505.2,13153,Low,Southeast,IL,Plus
ST-08188,Dollar Tree #8188,2000-12-10,8630,10624.1,45012,High,Northeast,OK,Plus
ST-08189,Dollar Tree #8189,2010-01-24,13675,5775.5,48889,Medium,Mid-Atlantic,FL,Standard
ST-08190,Dollar Tree #8190,2007-10-05,10411,1787.1,63934,Medium,Southwest,CT,Standard
ST-08191,Dollar Tree #8191,2019-04-18,12882,1943.7,66707,Medium,Southeast,FL,Standard
ST-08192,Dollar Tree #8192,2017-01-23,6157,8628.2,38587,Low,West,IL,Standard
ST-08193,Dollar Tree #8193,2013-12-15,12120,9249.2,36047,High,Southwest,FL,Standard
ST-08194,Dollar Tree #8194,2023-01-10,10087,8144.0,20032,Medium,Midwest,NV,Standard
ST-08195,Dollar Tree #8195,2013-02-22,11898,3970.9,24114,Medium,Northeast,KY,Standard
ST-08196,Dollar Tree #8196,2000-07-23,13828,7392.6,47808,High,Southeast,MS,Plus
ST-08197,Dollar Tree #8197,2005-03-08,6520,8961.2,74281,High,West,AL,Combo
ST-08198,Dollar Tree #8198,2010-12-22,10281,11881.5,37570,High,Mid-Atlantic,PA,Standard
ST-08199,Dollar Tree #8199,2002-01-22,10583,7270.3,77878,High,Northeast,NM,Standard
ST-08200,Dollar Tree #8200,2015-03-08,7211,8782.5,28569,High,Mid-Atlantic,NM,Plus
ST-08201,Dollar Tree #8201,2009-12-15,10250,2996.7,14537,Low,West,NV,Standard
ST-08202,Dollar Tree #8202,2008-02-01,10169,11368.9,36666,Medium,Midwest,NC,Standard
ST-08203,Dollar Tree #8203,2010-04-16,8388,1836.2,88399,Medium,Northeast,MS,Plus
ST-08204,Dollar Tree #8204,2016-06-18,8153,5811.5,75459,Low,Southeast,IL,Plus
ST-08205,Dollar Tree #8205,2004-09-22,11244,2439.8,17246,Medium,Northeast,NJ,Plus
ST-08206,Dollar Tree #8206,2002-10-28,6767,325.1,94047,Low,Mid-Atlantic,AL,Plus
ST-08207,Dollar Tree #8207,2024-10-23,12636,2264.5,41435,Medium,Northeast,TX,Combo
ST-08208,Dollar Tree #8208,2023-03-28,8464,1903.2,16037,Medium,West,OK,Plus
ST-08209,Dollar Tree #8209,2006-02-02,13511,4643.2,30665,Medium,West,MI,Standard
ST-08210,Dollar Tree #8210,2002-09-15,12498,9452.2,66612,High,West,CO,Plus
ST-08211,Dollar Tree #8211,2002-12-16,13588,5246.2,79892,Medium,Mid-Atlantic,OH,Plus
ST-08212,Dollar Tree #8212,2013-03-24,13116,434.1,32300,Medium,Southwest,NJ,Combo
ST-08213,Dollar Tree #8213,2017-11-03,6475,11400.7,50448,Low,Northeast,CT,Standard
ST-08214,Dollar Tree #8214,2016-12-05,8818,11066.4,93291,Low,Southeast,CA,Plus
ST-08215,Dollar Tree #8215,2011-02-04,9921,5080.1,31109,Medium,Northeast,VA,Standard
ST-08216,Dollar Tree #8216,2016-09-01,6344,3858.0,64597,Low,Midwest,NC,Plus
ST-08217,Dollar Tree #8217,2018-01-12,12906,708.3,49396,High,Mid-Atlantic,AL,Combo
ST-08218,Dollar Tree #8218,2010-11-03,9888,9028.1,11883,Medium,Southeast,MS,Standard
ST-08219,Dollar Tree #8219,2024-05-16,7725,10108.4,78644,Medium,West,SC,Plus
ST-08220,Dollar Tree #8220,2010-03-13,7837,2100.6,78447,Medium,Midwest,NY,Standard
ST-08221,Dollar Tree #8221,2007-11-07,8634,6713.6,17143,Low,Mid-Atlantic,NM,Standard
ST-08222,Dollar Tree #8222,2001-04-16,12129,5823.9,13682,Low,Southeast,AR,Standard
ST-08223,Dollar Tree #8223,2010-09-05,7624,4101.5,13077,Medium,Southeast,IN,Standard
ST-08224,Dollar Tree #8224,2021-02-24,12646,10023.3,58498,Medium,Northeast,NV,Plus
ST-08225,Dollar Tree #8225,2016-04-06,10157,11944.3,14681,Medium,Northeast,AZ,Standard
ST-08226,Dollar Tree #8226,2009-04-11,12874,3499.8,49900,Medium,Northeast,OR,Combo
ST-08227,Dollar Tree #8227,2022-09-19,7238,10119.4,55346,High,Midwest,IN,Combo
ST-08228,Dollar Tree #8228,2009-11-14,11129,3682.1,40490,Low,Southeast,CA,Standard
ST-08229,Dollar Tree #8229,2000-04-02,11458,8047.8,54422,Medium,Northeast,WI,Standard
ST-08230,Dollar Tree #8230,2011-11-17,8865,2987.2,10420,Medium,Southeast,CO,Standard
ST-08231,Dollar Tree #8231,2011-09-22,6273,8857.9,88189,Medium,Midwest,CO,Standard
ST-08232,Dollar Tree #8232,2018-11-28,12276,3167.4,41484,Medium,Southeast,GA,Standard
ST-08233,Dollar Tree #8233,2002-03-27,12837,7455.9,36828,High,West,AZ,Combo
ST-08234,Dollar Tree #8234,2011-06-13,12354,6706.7,96203,Low,Southeast,NV,Standard
ST-08235,Dollar Tree #8235,2000-11-18,6147,4615.7,81301,High,Midwest,IA,Plus
ST-08236,Dollar Tree #8236,2021-11-19,13173,8412.7,68970,Medium,Midwest,FL,Standard
ST-08237,Dollar Tree #8237,2005-12-09,9245,4038.5,81584,Low,Mid-Atlantic,NJ,Plus
ST-08238,Dollar Tree #8238,2003-05-14,6928,7627.2,15843,Low,Mid-Atlantic,NC,Standard
ST-08239,Dollar Tree #8239,2023-08-19,13410,6176.1,39598,Medium,Northeast,TX,Plus
ST-08240,Dollar Tree #8240,2014-02-26,11631,7893.9,92736,Low,Northeast,CT,Standard
ST-08241,Dollar Tree #8241,2017-12-26,12001,2800.9,24389,Medium,Southeast,MI,Plus
ST-08242,Dollar Tree #8242,2023-10-14,7662,2266.2,58245,Medium,Southeast,KY,Standard
ST-08243,Dollar Tree #8243,2019-08-28,13591,3981.4,23334,Medium,Midwest,PA,Plus
ST-08244,Dollar Tree #8244,2012-02-26,7514,11236.7,30783,Medium,Northeast,NV,Combo
ST-08245,Dollar Tree #8245,2021-01-02,7103,3890.9,35863,Medium,Mid-Atlantic,VA,Plus
ST-08246,Dollar Tree #8246,2002-09-08,8815,652.0,15913,Low,Southeast,SC,Plus
ST-08247,Dollar Tree #8247,2023-05-01,13996,8117.5,87502,Medium,Midwest,KY,Plus
ST-08248,Dollar Tree #8248,2022-09-24,8139,10463.2,40004,Medium,Northeast,KY,Plus
ST-08249,Dollar Tree #8249,2021-01-23,12832,2089.1,66861,Medium,Southeast,NY,Combo
ST-08250,Dollar Tree #8250,2009-10-05,13140,6483.3,76916,Medium,Northeast,AZ,Combo
ST-08251,Dollar Tree #8251,2007-12-09,13170,3568.4,71387,High,West,NM,Standard
ST-08252,Dollar Tree #8252,2015-11-20,9408,7423.1,36048,Medium,Mid-Atlantic,KS,Standard
ST-08253,Dollar Tree #8253,2000-06-12,12788,1150.1,58081,High,Mid-Atlantic,IN,Standard
ST-08254,Dollar Tree #8254,2008-06-28,11866,2427.2,40282,Low,Midwest,GA,Standard
ST-08255,Dollar Tree #8255,2019-05-18,6914,4467.7,84334,Medium,West,AR,Standard
ST-08256,Dollar Tree #8256,2022-07-17,9853,3654.1,38900,Low,Mid-Atlantic,MO,Standard
ST-08257,Dollar Tree #8257,2003-05-21,13579,333.6,89866,Low,Southeast,TX,Standard
ST-08258,Dollar Tree #8258,2017-02-26,11628,9595.6,39108,Medium,Northeast,FL,Standard
ST-08259,Dollar Tree #8259,2020-05-01,10026,4263.1,84849,Medium,West,MS,Plus
ST-08260,Dollar Tree #8260,2005-02-28,9410,10894.1,43076,Medium,Midwest,CT,Combo
ST-08261,Dollar Tree #8261,2009-04-02,8732,2716.6,44178,High,Southwest,VA,Standard
ST-08262,Dollar Tree #8262,2000-09-05,13335,2904.5,29069,Medium,Mid-Atlantic,SC,Plus
ST-08263,Dollar Tree #8263,2003-07-03,7908,11381.0,95582,Low,West,NV,Standard
ST-08264,Dollar Tree #8264,2021-09-18,13016,9322.3,74301,Low,Southeast,NM,Plus
ST-08265,Dollar Tree #8265,2003-05-13,7828,4314.6,48563,Low,West,MI,Plus
ST-08266,Dollar Tree #8266,2016-07-07,12233,10960.8,81171,Medium,Southeast,CA,Standard
ST-08267,Dollar Tree #8267,2005-04-17,7826,9218.9,26621,Medium,Northeast,MI,Plus
ST-08268,Dollar Tree #8268,2008-04-05,9906,11610.6,48338,Low,Southeast,AZ,Standard
ST-08269,Dollar Tree #8269,2010-09-11,11055,2330.6,58064,Medium,Northeast,OH,Standard
ST-08270,Dollar Tree #8270,2023-12-08,6988,543.7,23031,Medium,Midwest,KY,Standard
ST-08271,Dollar Tree #8271,2023-09-24,6195,9849.5,99351,Low,Midwest,GA,Combo
ST-08272,Dollar Tree #8272,2016-09-23,7440,5790.2,73972,High,Midwest,NV,Plus
ST-08273,Dollar Tree #8273,2001-10-19,8123,7948.8,75189,Low,West,KS,Combo
ST-08274,Dollar Tree #8274,2024-02-24,7653,9956.0,28906,Medium,Northeast,TN,Standard
ST-08275,Dollar Tree #8275,2002-12-10,13942,5027.5,40456,Low,Midwest,NC,Plus
ST-08276,Dollar Tree #8276,2006-12-08,9867,894.0,52154,Medium,Midwest,IA,Combo
ST-08277,Dollar Tree #8277,2012-04-10,11163,6682.9,44752,Low,Mid-Atlantic,NJ,Plus
ST-08278,Dollar Tree #8278,2014-11-04,10573,866.9,68994,Medium,West,PA,Standard
ST-08279,Dollar Tree #8279,2024-11-21,13613,11853.5,34707,Medium,Southwest,TN,Standard
ST-08280,Dollar Tree #8280,2004-09-21,8995,8492.3,93735,Medium,Northeast,AL,Standard
ST-08281,Dollar Tree #8281,2016-03-25,9668,3481.6,96204,Medium,Midwest,NJ,Plus
ST-08282,Dollar Tree #8282,2011-10-21,12173,7328.5,58684,Low,Southwest,TN,Standard
ST-08283,Dollar Tree #8283,2007-08-27,11649,9616.1,64457,Medium,Southeast,NJ,Standard
ST-08284,Dollar Tree #8284,2015-02-06,6803,3645.8,41977,Low,Southwest,CA,Combo
ST-08285,Dollar Tree #8285,2001-10-11,10345,2632.3,12717,Medium,Southeast,IA,Plus
ST-08286,Dollar Tree #8286,2012-04-05,7963,981.6,33215,Medium,Midwest,OR,Standard
ST-08287,Dollar Tree #8287,2015-05-16,8164,8259.2,89061,Low,Southwest,AZ,Plus
ST-08288,Dollar Tree #8288,2007-06-05,6814,4920.6,78196,Low,Midwest,CA,Standard
ST-08289,Dollar Tree #8289,2016-10-15,12592,3496.2,10495,Medium,Southeast,IA,Combo
ST-08290,Dollar Tree #8290,2018-04-09,13452,11358.9,61268,Medium,Southwest,MS,Plus
ST-08291,Dollar Tree #8291,2006-06-08,11086,8586.5,54035,Medium,Southeast,MS,Standard
ST-08292,Dollar Tree #8292,2023-06-10,7225,8518.5,64624,Low,Southwest,IN,Standard
ST-08293,Dollar Tree #8293,2016-09-20,12778,7782.9,30708,Medium,Mid-Atlantic,MO,Standard
ST-08294,Dollar Tree #8294,2002-04-14,6535,7082.3,64051,Medium,Southwest,GA,Standard
ST-08295,Dollar Tree #8295,2004-02-23,12032,7786.1,95096,Medium,Midwest,AL,Standard
ST-08296,Dollar Tree #8296,2002-05-09,9985,5853.9,33369,Low,Midwest,VA,Standard
ST-08297,Dollar Tree #8297,2007-08-24,12437,4770.3,69817,Medium,Northeast,OR,Plus
ST-08298,Dollar Tree #8298,2004-08-13,7231,9546.9,45812,Low,West,TN,Combo
ST-08299,Dollar Tree #8299,2001-07-08,6316,655.7,71040,Medium,West,OH,Standard
ST-08300,Dollar Tree #8300,2022-04-21,12319,9920.8,82818,Medium,Northeast,MO,Plus
ST-08301,Dollar Tree #8301,2015-04-22,11138,4506.8,64884,Low,West,OH,Standard
ST-08302,Dollar Tree #8302,2003-09-15,10539,10794.0,23565,High,Southwest,PA,Plus
ST-08303,Dollar Tree #8303,2020-10-17,9910,5365.9,53038,High,Mid-Atlantic,NY,Standard
ST-08304,Dollar Tree #8304,2011-11-26,12655,7721.8,70589,Low,Midwest,MI,Plus
ST-08305,Dollar Tree #8305,2016-06-26,6016,634.7,48556,Medium,West,OK,Standard
ST-08306,Dollar Tree #8306,2014-11-25,13131,7190.1,86731,Low,Mid-Atlantic,AZ,Combo
ST-08307,Dollar Tree #8307,2003-07-28,9371,10399.8,89894,Low,West,IN,Plus
ST-08308,Dollar Tree #8308,2004-10-13,10421,11889.5,60237,Low,Mid-Atlantic,MS,Plus
ST-08309,Dollar Tree #8309,2023-12-16,9710,9967.3,40234,Medium,Southwest,AZ,Standard
ST-08310,Dollar Tree #8310,2011-03-16,7955,4955.7,12420,Medium,Midwest,NJ,Standard
ST-08311,Dollar Tree #8311,2008-01-21,10578,3453.3,35657,Medium,Southeast,IA,Plus
ST-08312,Dollar Tree #8312,2018-01-04,6543,5621.4,29554,Medium,Mid-Atlantic,PA,Standard
ST-08313,Dollar Tree #8313,2020-08-20,6098,11826.5,73355,High,West,OK,Plus
ST-08314,Dollar Tree #8314,2023-12-18,11574,4943.5,77697,Low,Midwest,TN,Combo
ST-08315,Dollar Tree #8315,2002-07-14,8137,673.6,32425,Medium,Mid-Atlantic,TX,Standard
ST-08316,Dollar Tree #8316,2017-01-05,7399,10888.4,33532,High,Midwest,MI,Plus
ST-08317,Dollar Tree #8317,2013-02-23,9385,4043.9,71993,High,Midwest,SC,Plus
ST-08318,Dollar Tree #8318,2012-07-06,12957,4960.4,75256,Low,Midwest,NM,Standard
ST-08319,Dollar Tree #8319,2017-09-07,7614,9098.8,33011,Low,Mid-Atlantic,CT,Plus
ST-08320,Dollar Tree #8320,2008-01-20,10734,8600.0,34542,Medium,West,FL,Plus
ST-08321,Dollar Tree #8321,2012-05-19,10569,4511.1,68248,Medium,Southeast,IN,Standard
ST-08322,Dollar Tree #8322,2010-10-18,13823,3290.0,17245,High,Mid-Atlantic,OK,Plus
ST-08323,Dollar Tree #8323,2000-12-27,13605,3998.9,71403,Low,Northeast,IA,Plus
ST-08324,Dollar Tree #8324,2004-07-09,12947,10519.0,52910,Low,West,TN,Plus
ST-08325,Dollar Tree #8325,2022-10-27,8057,10845.5,24519,Medium,West,AR,Standard
ST-08326,Dollar Tree #8326,2022-07-14,10428,713.6,40448,High,Northeast,CT,Standard
ST-08327,Dollar Tree #8327,2000-02-15,10661,5757.9,62654,Medium,Mid-Atlantic,CA,Standard
ST-08328,Dollar Tree #8328,2005-03-01,6203,7850.6,42763,High,Mid-Atlantic,TN,Standard
ST-08329,Dollar Tree #8329,2024-03-07,10191,2167.7,42536,Medium,Midwest,OH,Standard
ST-08330,Dollar Tree #8330,2000-10-10,6830,2149.3,44068,Medium,Mid-Atlantic,OR,Plus
ST-08331,Dollar Tree #8331,2005-11-21,6889,1944.9,13039,Low,Midwest,NC,Combo
ST-08332,Dollar Tree #8332,2000-10-09,6867,1140.7,34798,Medium,Southwest,VA,Standard
ST-08333,Dollar Tree #8333,2011-03-11,11689,3895.1,68280,Medium,Midwest,TN,Combo
ST-08334,Dollar Tree #8334,2019-09-08,9455,3777.6,88901,Medium,Northeast,AR,Plus
ST-08335,Dollar Tree #8335,2020-03-14,7208,6232.6,90731,Medium,Midwest,OK,Plus
ST-08336,Dollar Tree #8336,2004-01-24,11436,8770.3,23019,Medium,Mid-Atlantic,IL,Standard
ST-08337,Dollar Tree #8337,2012-02-10,7936,9778.4,76872,Medium,Midwest,WI,Plus
ST-08338,Dollar Tree #8338,2019-05-15,6320,7276.6,86412,Low,Southwest,CO,Plus
ST-08339,Dollar Tree #8339,2023-12-18,6931,6713.6,26855,Low,Southwest,FL,Standard
ST-08340,Dollar Tree #8340,2008-05-19,6482,6040.4,96096,Low,Southeast,OK,Plus
ST-08341,Dollar Tree #8341,2008-07-18,13834,7449.8,60462,High,West,NV,Plus
ST-08342,Dollar Tree #8342,2014-09-11,10414,11150.4,34822,Medium,Northeast,PA,Combo
ST-08343,Dollar Tree #8343,2014-08-20,12453,638.8,35047,High,West,CT,Plus
ST-08344,Dollar Tree #8344,2010-02-24,11673,6183.4,91725,Medium,Southeast,CT,Standard
ST-08345,Dollar Tree #8345,2005-10-15,11254,11433.2,40131,Medium,Mid-Atlantic,NV,Plus
ST-08346,Dollar Tree #8346,2023-08-07,7900,11327.6,10420,Low,Midwest,NV,Standard
ST-08347,Dollar Tree #8347,2008-11-27,7586,2146.8,64767,High,Mid-Atlantic,KY,Plus
ST-08348,Dollar Tree #8348,2009-11-10,7009,9464.7,44606,Low,Southeast,AR,Standard
ST-08349,Dollar Tree #8349,2000-01-23,13134,8259.8,60690,Medium,West,AZ,Standard
ST-08350,Dollar Tree #8350,2022-12-07,13690,2833.7,83637,Medium,West,FL,Plus
ST-08351,Dollar Tree #8351,2007-05-28,7369,10787.5,18336,Medium,Southwest,KY,Standard
ST-08352,Dollar Tree #8352,2012-08-11,13029,10792.8,38764,Low,Mid-Atlantic,VA,Standard
ST-08353,Dollar Tree #8353,2022-11-09,6892,4133.8,65018,Low,Southwest,NM,Standard
ST-08354,Dollar Tree #8354,2002-03-09,7852,1965.7,86178,Medium,West,PA,Standard
ST-08355,Dollar Tree #8355,2015-12-23,9264,11890.1,70614,Medium,Northeast,GA,Standard
ST-08356,Dollar Tree #8356,2020-12-07,11798,641.7,53538,Medium,West,NC,Standard
ST-08357,Dollar Tree #8357,2014-03-16,7722,3398.1,61250,Medium,Southwest,MS,Standard
ST-08358,Dollar Tree #8358,2008-02-08,12336,2348.2,35418,High,Mid-Atlantic,TX,Combo
ST-08359,Dollar Tree #8359,2003-06-02,13461,11918.8,93992,Medium,Southeast,PA,Plus
ST-08360,Dollar Tree #8360,2016-04-02,10837,1989.6,19900,Low,Southeast,NV,Plus
ST-08361,Dollar Tree #8361,2000-05-22,8637,9498.6,15442,Low,Mid-Atlantic,WI,Plus
ST-08362,Dollar Tree #8362,2000-08-06,11074,3725.0,14571,Medium,Southeast,WI,Plus
ST-08363,Dollar Tree #8363,2006-05-11,7011,1831.0,58385,Low,West,IN,Combo
ST-08364,Dollar Tree #8364,2021-03-18,11992,4163.6,81142,Medium,Southwest,CO,Combo
ST-08365,Dollar Tree #8365,2007-02-13,13406,10524.0,94589,Low,Southwest,WI,Plus
ST-08366,Dollar Tree #8366,2006-12-23,8424,6510.6,67822,Medium,Midwest,CT,Plus
ST-08367,Dollar Tree #8367,2023-02-05,10340,10115.3,63507,Medium,Midwest,NM,Standard
ST-08368,Dollar Tree #8368,2024-03-04,6863,620.2,88209,Medium,Southeast,FL,Plus
ST-08369,Dollar Tree #8369,2003-06-13,12629,4809.5,82557,High,Midwest,CO,Plus
ST-08370,Dollar Tree #8370,2024-02-07,8196,1057.4,27094,Medium,Southeast,KY,Plus
ST-08371,Dollar Tree #8371,2021-09-03,6070,3386.3,37843,Medium,Mid-Atlantic,OK,Standard
ST-08372,Dollar Tree #8372,2020-03-09,9694,7516.0,51881,High,Midwest,MI,Standard
ST-08373,Dollar Tree #8373,2001-09-11,8646,3282.4,77850,Medium,West,WI,Combo
ST-08374,Dollar Tree #8374,2024-12-28,6359,4766.5,16593,Medium,Southeast,AL,Plus
ST-08375,Dollar Tree #8375,2015-09-17,10422,11529.2,85827,Medium,Midwest,CO,Combo
ST-08376,Dollar Tree #8376,2017-05-25,8293,10169.4,61852,Low,Southeast,MS,Plus
ST-08377,Dollar Tree #8377,2018-01-19,11207,4516.3,50301,Low,Midwest,OK,Combo
ST-08378,Dollar Tree #8378,2004-02-19,10312,6971.2,12421,Low,Northeast,MS,Plus
ST-08379,Dollar Tree #8379,2014-08-07,6418,6491.1,75924,Low,Midwest,GA,Standard
ST-08380,Dollar Tree #8380,2005-10-08,7693,2593.5,60774,Medium,Southwest,CA,Standard
ST-08381,Dollar Tree #8381,2004-10-16,10737,1813.2,40680,Medium,Midwest,NY,Combo
ST-08382,Dollar Tree #8382,2024-03-27,11702,5496.7,92850,Low,Southeast,PA,Standard
ST-08383,Dollar Tree #8383,2007-04-05,11756,4418.4,83479,Medium,Midwest,IA,Combo
ST-08384,Dollar Tree #8384,2024-12-01,8488,9143.3,65369,Low,Southwest,NC,Standard
ST-08385,Dollar Tree #8385,2004-02-05,11502,9956.3,21575,High,Midwest,MI,Combo
ST-08386,Dollar Tree #8386,2008-05-21,13540,6268.4,55943,Low,Southeast,OK,Standard
ST-08387,Dollar Tree #8387,2024-07-23,6599,415.9,19246,Medium,West,FL,Standard
ST-08388,Dollar Tree #8388,2015-02-08,13291,5887.9,98911,Medium,Mid-Atlantic,MO,Standard
ST-08389,Dollar Tree #8389,2000-10-21,11166,4151.3,22495,High,Midwest,KY,Plus
ST-08390,Dollar Tree #8390,2000-08-07,13088,6022.3,17473,Medium,Northeast,GA,Combo
ST-08391,Dollar Tree #8391,2005-11-26,8444,306.7,49766,Low,Northeast,OH,Standard
ST-08392,Dollar Tree #8392,2014-09-11,13820,5212.0,93887,Low,Mid-Atlantic,IA,Standard
ST-08393,Dollar Tree #8393,2006-07-03,8243,4178.0,14277,Low,Southeast,CO,Standard
ST-08394,Dollar Tree #8394,2008-04-03,13472,2081.7,66984,Medium,Southwest,TN,Plus
ST-08395,Dollar Tree #8395,2014-06-13,8404,4912.7,89986,Medium,Mid-Atlantic,IL,Plus
ST-08396,Dollar Tree #8396,2007-04-25,7234,610.4,46992,Medium,Mid-Atlantic,NY,Plus
ST-08397,Dollar Tree #8397,2016-06-07,6699,10630.5,85846,High,West,TX,Combo
ST-08398,Dollar Tree #8398,2016-08-27,6272,993.5,49887,Medium,Northeast,NM,Plus
ST-08399,Dollar Tree #8399,2015-01-26,11146,8524.6,72439,High,Southeast,NV,Plus
ST-08400,Dollar Tree #8400,2004-05-26,9194,5646.4,40305,Low,Midwest,OR,Plus
ST-08401,Dollar Tree #8401,2008-03-11,12321,540.0,77797,High,Southeast,GA,Standard
ST-08402,Dollar Tree #8402,2024-05-21,7625,7565.9,84876,Medium,Mid-Atlantic,CT,Standard
ST-08403,Dollar Tree #8403,2022-11-15,11552,9892.8,37914,Low,Southeast,MO,Standard
ST-08404,Dollar Tree #8404,2008-10-23,11860,2143.2,31717,High,Northeast,GA,Standard
ST-08405,Dollar Tree #8405,2004-05-01,13590,4842.5,77766,Medium,Mid-Atlantic,CO,Combo
ST-08406,Dollar Tree #8406,2009-07-01,8929,4874.8,29598,Medium,Midwest,NM,Standard
ST-08407,Dollar Tree #8407,2000-06-24,11753,4998.7,56992,High,West,OH,Plus
ST-08408,Dollar Tree #8408,2002-07-24,10775,1318.3,46244,Low,Mid-Atlantic,IA,Plus
ST-08409,Dollar Tree #8409,2021-02-05,12265,4199.8,16166,Low,Midwest,KS,Plus
ST-08410,Dollar Tree #8410,2005-02-20,9624,3387.9,67124,Low,Midwest,CT,Standard
ST-08411,Dollar Tree #8411,2001-05-05,8181,1481.0,29197,High,Mid-Atlantic,TN,Standard
ST-08412,Dollar Tree #8412,2012-03-14,6576,10476.1,17183,Medium,Southwest,MI,Standard
ST-08413,Dollar Tree #8413,2000-12-01,9593,2090.4,70691,Medium,Southwest,OR,Standard
ST-08414,Dollar Tree #8414,2011-12-07,6587,10116.5,90835,High,Southwest,IA,Plus
ST-08415,Dollar Tree #8415,2006-08-10,9913,4639.7,89071,Low,Southwest,MO,Combo
ST-08416,Dollar Tree #8416,2015-03-10,12323,8994.6,43676,Low,Southwest,WI,Standard
ST-08417,Dollar Tree #8417,2022-02-06,12934,6558.0,74430,High,Southwest,IA,Standard
ST-08418,Dollar Tree #8418,2004-12-17,7184,5234.6,23842,Low,Midwest,AR,Combo
ST-08419,Dollar Tree #8419,2018-10-28,12874,6733.7,68758,Medium,West,CO,Standard
ST-08420,Dollar Tree #8420,2021-09-03,10774,3877.2,14873,Medium,Mid-Atlantic,SC,Standard
ST-08421,Dollar Tree #8421,2005-08-12,9290,11572.2,11400,Medium,Northeast,SC,Plus
ST-08422,Dollar Tree #8422,2015-04-05,8651,9535.9,61479,Medium,Midwest,WI,Standard
ST-08423,Dollar Tree #8423,2000-07-28,7308,3455.7,19729,Medium,Midwest,NM,Plus
ST-08424,Dollar Tree #8424,2019-04-21,13007,9128.2,80184,High,Southwest,NV,Standard
ST-08425,Dollar Tree #8425,2002-03-01,8754,3301.5,56508,Low,West,TX,Combo
ST-08426,Dollar Tree #8426,2015-09-14,13212,9061.2,70892,Medium,Northeast,NY,Plus
ST-08427,Dollar Tree #8427,2018-07-05,13531,395.1,29786,High,Southeast,IL,Plus
ST-08428,Dollar Tree #8428,2004-08-01,9277,4579.9,41996,High,West,FL,Standard
ST-08429,Dollar Tree #8429,2015-09-19,8711,11353.9,28035,Low,Midwest,MI,Standard
ST-08430,Dollar Tree #8430,2011-11-03,7332,7143.0,12508,Medium,Midwest,SC,Plus
ST-08431,Dollar Tree #8431,2013-04-23,10516,4377.4,89041,Medium,Southeast,MI,Standard
ST-08432,Dollar Tree #8432,2010-01-02,8273,9966.3,21489,High,Northeast,CT,Plus
ST-08433,Dollar Tree #8433,2020-07-25,9337,349.7,82896,Medium,Northeast,AL,Standard
ST-08434,Dollar Tree #8434,2018-03-21,8138,2691.5,93846,High,West,FL,Standard
ST-08435,Dollar Tree #8435,2016-11-17,8016,2124.3,59106,Medium,Northeast,OH,Standard
ST-08436,Dollar Tree #8436,2003-07-18,12135,4807.7,97078,Low,Southeast,AR,Plus
ST-08437,Dollar Tree #8437,2019-11-23,7490,6391.0,22283,Medium,West,WI,Plus
ST-08438,Dollar Tree #8438,2012-06-14,13047,7954.0,96750,Low,Mid-Atlantic,MO,Plus
ST-08439,Dollar Tree #8439,2003-06-09,11535,9050.2,34646,Medium,Northeast,CT,Standard
ST-08440,Dollar Tree #8440,2010-04-18,7805,2826.2,59525,Medium,Mid-Atlantic,KS,Standard
ST-08441,Dollar Tree #8441,2009-10-07,8316,5702.7,46959,Low,Northeast,GA,Standard
ST-08442,Dollar Tree #8442,2020-03-14,13721,11325.6,81729,High,Midwest,MS,Standard
ST-08443,Dollar Tree #8443,2012-07-24,13928,10425.8,24277,Medium,Midwest,AZ,Plus
ST-08444,Dollar Tree #8444,2020-02-14,13536,239.5,60186,Medium,Mid-Atlantic,CA,Standard
ST-08445,Dollar Tree #8445,2014-09-16,12957,5248.1,13599,High,Northeast,MO,Plus
ST-08446,Dollar Tree #8446,2005-11-20,9120,10268.1,47259,High,Mid-Atlantic,MO,Standard
ST-08447,Dollar Tree #8447,2000-08-10,13544,6586.4,13733,Low,Southwest,CO,Plus
ST-08448,Dollar Tree #8448,2023-12-23,7096,11349.0,75040,Low,Northeast,NY,Plus
ST-08449,Dollar Tree #8449,2019-07-20,12471,10446.8,49948,Medium,Midwest,MS,Standard
ST-08450,Dollar Tree #8450,2003-08-10,13165,4588.2,61322,Medium,West,AL,Combo
ST-08451,Dollar Tree #8451,2017-09-09,7600,9675.9,65537,Medium,Midwest,AR,Standard
ST-08452,Dollar Tree #8452,2007-12-18,6184,8080.5,78486,Medium,Northeast,AR,Standard
ST-08453,Dollar Tree #8453,2011-08-19,8897,11982.9,69570,Low,West,KS,Standard
ST-08454,Dollar Tree #8454,2010-11-14,11874,5533.5,88069,Medium,Mid-Atlantic,PA,Plus
ST-08455,Dollar Tree #8455,2002-06-14,6687,2419.7,12796,Low,Mid-Atlantic,GA,Standard
ST-08456,Dollar Tree #8456,2015-07-07,10872,10761.9,61680,High,Mid-Atlantic,IA,Plus
ST-08457,Dollar Tree #8457,2009-10-16,7688,11669.6,85738,Medium,Southwest,WI,Plus
ST-08458,Dollar Tree #8458,2021-12-13,9002,7083.3,63546,Medium,Southwest,NY,Plus
ST-08459,Dollar Tree #8459,2002-11-16,8919,11653.4,44892,Low,West,TN,Standard
ST-08460,Dollar Tree #8460,2020-10-21,11059,5406.0,92671,Medium,Northeast,FL,Plus
ST-08461,Dollar Tree #8461,2010-07-07,12731,9647.9,46613,Low,Southwest,CA,Standard
ST-08462,Dollar Tree #8462,2003-01-19,6829,10659.3,33933,Medium,West,TN,Plus
ST-08463,Dollar Tree #8463,2013-08-06,12322,9352.6,76103,High,Southeast,IL,Standard
ST-08464,Dollar Tree #8464,2005-07-07,13988,6007.1,18536,Medium,Southwest,MS,Plus
ST-08465,Dollar Tree #8465,2005-05-07,9444,7062.7,19345,Low,Northeast,CA,Plus
ST-08466,Dollar Tree #8466,2015-09-23,11039,5495.2,65325,Medium,Northeast,NJ,Plus
ST-08467,Dollar Tree #8467,2018-02-21,8471,8747.5,71431,Low,Northeast,OH,Plus
ST-08468,Dollar Tree #8468,2017-04-22,12289,7126.9,43493,High,Midwest,MI,Standard
ST-08469,Dollar Tree #8469,2012-05-13,6223,5952.1,24091,Medium,Northeast,TX,Plus
ST-08470,Dollar Tree #8470,2020-12-22,9222,4297.6,31739,Medium,Midwest,NV,Standard
ST-08471,Dollar Tree #8471,2001-01-09,8685,4619.0,95666,Medium,Southwest,SC,Standard
ST-08472,Dollar Tree #8472,2019-03-05,7241,10375.2,16848,Low,Southwest,NM,Standard
ST-08473,Dollar Tree #8473,2023-11-20,13392,5844.2,69215,Medium,Mid-Atlantic,NY,Standard
ST-08474,Dollar Tree #8474,2008-03-21,6460,1179.1,96282,Low,Southeast,NM,Standard
ST-08475,Dollar Tree #8475,2004-01-23,9101,11994.9,82017,Medium,Southeast,FL,Plus
ST-08476,Dollar Tree #8476,2000-05-27,11934,5262.9,78803,Medium,Mid-Atlantic,MS,Standard
ST-08477,Dollar Tree #8477,2021-12-22,10571,1626.1,74086,Medium,Southwest,PA,Standard
ST-08478,Dollar Tree #8478,2002-07-16,6890,1932.7,15337,Medium,Southwest,OR,Standard
ST-08479,Dollar Tree #8479,2016-04-13,12607,4504.6,89850,Medium,Northeast,CT,Combo
ST-08480,Dollar Tree #8480,2021-11-24,6786,4995.2,64411,Medium,West,AR,Combo
ST-08481,Dollar Tree #8481,2003-04-14,12541,5011.0,31455,Low,Southeast,KS,Standard
ST-08482,Dollar Tree #8482,2017-07-28,6515,8281.3,28268,Low,Southeast,KS,Standard
ST-08483,Dollar Tree #8483,2022-12-12,6200,10507.4,59932,Low,West,AL,Standard
ST-08484,Dollar Tree #8484,2015-09-07,13315,3677.0,81706,Low,Mid-Atlantic,NC,Plus
ST-08485,Dollar Tree #8485,2000-11-25,10575,1916.3,68185,Medium,Northeast,CT,Plus
ST-08486,Dollar Tree #8486,2018-12-28,8478,11120.6,50730,Medium,Midwest,MS,Standard
ST-08487,Dollar Tree #8487,2021-08-27,9022,4644.1,60529,Low,West,AZ,Standard
ST-08488,Dollar Tree #8488,2002-04-06,7931,7087.6,33668,Medium,Midwest,TX,Standard
ST-08489,Dollar Tree #8489,2021-10-16,12635,4738.0,15224,Low,Southeast,MS,Standard
ST-08490,Dollar Tree #8490,2012-06-28,12594,6126.9,10601,Medium,Southwest,PA,Plus
ST-08491,Dollar Tree #8491,2021-08-22,6277,10497.4,53514,High,Northeast,CT,Standard
ST-08492,Dollar Tree #8492,2019-04-28,10293,6514.9,99067,Low,West,TX,Standard
ST-08493,Dollar Tree #8493,2010-11-17,6716,4856.9,71618,Low,West,KS,Standard
ST-08494,Dollar Tree #8494,2019-04-01,8220,1723.3,14339,Low,West,NJ,Plus
ST-08495,Dollar Tree #8495,2001-06-06,9916,2881.8,20250,Medium,Southwest,NV,Plus
ST-08496,Dollar Tree #8496,2011-07-16,13558,2391.1,45993,Low,Southeast,WI,Plus
ST-08497,Dollar Tree #8497,2010-12-01,11730,3130.8,77672,Medium,Northeast,CA,Standard
ST-08498,Dollar Tree #8498,2021-10-12,12595,10586.4,89225,High,Mid-Atlantic,OH,Standard
ST-08499,Dollar Tree #8499,2005-05-19,7459,8348.8,45566,Medium,Midwest,TX,Combo
ST-08500,Dollar Tree #8500,2023-07-14,13588,10872.0,21236,Medium,West,KY,Standard
ST-08501,Dollar Tree #8501,2022-03-05,6431,10533.2,74315,Medium,Mid-Atlantic,OK,Standard
ST-08502,Dollar Tree #8502,2017-07-03,10519,2419.8,83506,Low,Midwest,MS,Standard
ST-08503,Dollar Tree #8503,2022-10-04,8413,2788.6,19747,Low,Mid-Atlantic,MO,Standard
ST-08504,Dollar Tree #8504,2008-06-13,12029,915.3,55097,Low,West,OH,Standard
ST-08505,Dollar Tree #8505,2016-11-02,10525,5084.1,69229,Medium,Northeast,WI,Plus
ST-08506,Dollar Tree #8506,2003-04-11,7834,11544.2,50229,Medium,Southeast,PA,Standard
ST-08507,Dollar Tree #8507,2004-01-23,8932,5678.4,39265,Medium,Midwest,AL,Standard
ST-08508,Dollar Tree #8508,2018-03-11,9917,503.7,34492,Medium,Mid-Atlantic,CT,Plus
ST-08509,Dollar Tree #8509,2005-10-01,11732,3289.0,66421,High,West,CT,Plus
ST-08510,Dollar Tree #8510,2017-02-27,6569,8796.3,28795,Low,Mid-Atlantic,GA,Plus
ST-08511,Dollar Tree #8511,2001-03-23,9531,8742.9,60189,Medium,Northeast,AZ,Combo
ST-08512,Dollar Tree #8512,2015-03-27,10075,831.1,28998,High,Midwest,FL,Standard
ST-08513,Dollar Tree #8513,2005-07-06,6798,395.4,37063,Low,West,IL,Standard
ST-08514,Dollar Tree #8514,2000-10-03,8489,8571.3,93535,Low,West,GA,Plus
ST-08515,Dollar Tree #8515,2008-02-26,8699,9653.8,42494,Low,Mid-Atlantic,FL,Combo
ST-08516,Dollar Tree #8516,2016-10-06,7882,833.7,40305,Low,Southeast,AL,Plus
ST-08517,Dollar Tree #8517,2004-10-18,10255,5768.1,33538,Medium,Southwest,NM,Plus
ST-08518,Dollar Tree #8518,2002-04-24,6334,3771.3,40462,Medium,Southwest,OK,Plus
ST-08519,Dollar Tree #8519,2016-01-24,10812,281.2,73456,High,Mid-Atlantic,IN,Plus
ST-08520,Dollar Tree #8520,2013-05-06,11882,5634.7,69866,High,Northeast,CO,Plus
ST-08521,Dollar Tree #8521,2016-06-05,9056,3101.1,86936,Medium,Northeast,IL,Plus
ST-08522,Dollar Tree #8522,2010-05-03,7849,1646.0,70365,High,Mid-Atlantic,NC,Standard
ST-08523,Dollar Tree #8523,2017-11-21,8745,9742.1,25918,Medium,Midwest,NC,Standard
ST-08524,Dollar Tree #8524,2005-11-08,7680,3270.3,15432,Low,Midwest,OR,Plus
ST-08525,Dollar Tree #8525,2020-09-12,12495,4109.4,18331,Low,West,WI,Plus
ST-08526,Dollar Tree #8526,2004-11-27,6847,5436.0,10182,Medium,Mid-Atlantic,IN,Standard
ST-08527,Dollar Tree #8527,2017-06-08,6656,4206.7,92706,High,West,TN,Standard
ST-08528,Dollar Tree #8528,2021-07-23,6091,6797.6,68794,High,Southeast,AR,Standard
ST-08529,Dollar Tree #8529,2008-08-28,10062,11684.9,53331,Low,West,IA,Plus
ST-08530,Dollar Tree #8530,2003-12-15,12503,5331.5,39452,Medium,Southeast,PA,Standard
ST-08531,Dollar Tree #8531,2015-09-03,12616,10155.4,24676,Low,Mid-Atlantic,NM,Standard
ST-08532,Dollar Tree #8532,2013-03-04,13983,7369.2,84599,Medium,Midwest,IA,Standard
ST-08533,Dollar Tree #8533,2013-10-25,7650,1262.2,83373,High,Northeast,MS,Combo
ST-08534,Dollar Tree #8534,2011-11-22,6600,4782.3,90724,Low,Mid-Atlantic,CO,Standard
ST-08535,Dollar Tree #8535,2015-01-21,8219,10865.3,54720,Low,West,OR,Plus
ST-08536,Dollar Tree #8536,2009-10-28,7481,3017.2,13273,Medium,Mid-Atlantic,TN,Standard
ST-08537,Dollar Tree #8537,2019-01-04,9922,7908.0,77842,Medium,Southeast,VA,Standard
ST-08538,Dollar Tree #8538,2008-07-27,13505,11083.9,25642,Medium,Southeast,CA,Plus
ST-08539,Dollar Tree #8539,2022-11-26,8428,9935.2,73911,Low,Mid-Atlantic,AL,Standard
ST-08540,Dollar Tree #8540,2024-09-16,8889,2473.0,79923,High,West,SC,Standard
ST-08541,Dollar Tree #8541,2005-12-09,13894,2660.1,97408,Medium,Mid-Atlantic,AR,Standard
ST-08542,Dollar Tree #8542,2003-04-07,7854,1016.3,63539,High,West,NJ,Standard
ST-08543,Dollar Tree #8543,2006-03-08,7502,3455.1,84312,Low,Midwest,NJ,Standard
ST-08544,Dollar Tree #8544,2013-10-16,10518,6294.6,35576,High,Southwest,MS,Plus
ST-08545,Dollar Tree #8545,2015-03-25,6438,3834.6,83747,Medium,Northeast,WI,Plus
ST-08546,Dollar Tree #8546,2017-11-09,7160,5691.5,24567,High,Southwest,CT,Plus
ST-08547,Dollar Tree #8547,2013-06-14,8308,11164.4,57104,High,Southeast,MS,Plus
ST-08548,Dollar Tree #8548,2005-09-09,6151,10506.9,44909,Medium,Southwest,NM,Plus
ST-08549,Dollar Tree #8549,2012-05-24,9038,8386.1,50136,Low,Southwest,AZ,Plus
ST-08550,Dollar Tree #8550,2019-10-24,8456,1964.0,38412,Low,West,IL,Plus
ST-08551,Dollar Tree #8551,2018-04-01,13113,7584.8,82524,Low,Northeast,NY,Combo
ST-08552,Dollar Tree #8552,2021-09-16,7432,1538.0,34876,Medium,West,CT,Standard
ST-08553,Dollar Tree #8553,2023-01-06,6293,8398.2,56382,Medium,Mid-Atlantic,KY,Standard
ST-08554,Dollar Tree #8554,2014-03-22,7662,6535.6,97428,Low,Southwest,CT,Standard
ST-08555,Dollar Tree #8555,2002-09-27,9519,1024.4,24160,Low,Mid-Atlantic,NM,Plus
ST-08556,Dollar Tree #8556,2021-05-02,11654,5074.7,53598,Medium,Northeast,MS,Standard
ST-08557,Dollar Tree #8557,2023-02-17,12709,3862.9,48836,High,Southwest,NM,Plus
ST-08558,Dollar Tree #8558,2007-06-02,7929,9728.2,77186,Medium,Midwest,AL,Plus
ST-08559,Dollar Tree #8559,2009-02-13,7832,2354.0,78993,Medium,Midwest,TN,Standard
ST-08560,Dollar Tree #8560,2007-07-14,12762,10210.8,96978,Low,Southeast,GA,Standard
ST-08561,Dollar Tree #8561,2004-12-26,6759,6074.3,85200,High,Southeast,NV,Standard
ST-08562,Dollar Tree #8562,2003-09-06,13846,6508.0,19096,Low,Northeast,AR,Combo
ST-08563,Dollar Tree #8563,2010-02-01,7270,5549.8,90010,Low,Midwest,NV,Combo
ST-08564,Dollar Tree #8564,2016-02-09,9766,11980.4,91943,Medium,Southwest,OK,Standard
ST-08565,Dollar Tree #8565,2022-06-13,7151,3069.8,38433,Low,West,NC,Plus
ST-08566,Dollar Tree #8566,2018-12-23,13917,5513.9,77534,Medium,Midwest,CT,Standard
ST-08567,Dollar Tree #8567,2006-05-26,11268,4748.9,45889,Medium,West,PA,Plus
ST-08568,Dollar Tree #8568,2010-05-13,12877,2628.6,72501,Low,Southeast,GA,Standard
ST-08569,Dollar Tree #8569,2001-04-24,6056,3414.5,22988,Medium,Mid-Atlantic,AZ,Standard
ST-08570,Dollar Tree #8570,2007-05-21,7446,4518.5,94604,Low,Northeast,NM,Standard
ST-08571,Dollar Tree #8571,2020-09-26,11153,9684.3,87722,Medium,Northeast,IA,Standard
ST-08572,Dollar Tree #8572,2003-02-05,10814,4258.7,16758,Medium,Mid-Atlantic,CT,Plus
ST-08573,Dollar Tree #8573,2003-09-16,12011,7947.8,22808,Medium,Southwest,NJ,Plus
ST-08574,Dollar Tree #8574,2013-11-08,9691,724.2,14878,High,Midwest,IA,Combo
ST-08575,Dollar Tree #8575,2007-11-22,9889,2502.6,69760,High,Midwest,FL,Standard
ST-08576,Dollar Tree #8576,2007-06-08,13045,3989.8,44438,Medium,Mid-Atlantic,OH,Standard
ST-08577,Dollar Tree #8577,2004-11-18,13246,8566.2,70056,Medium,Southwest,CA,Standard
ST-08578,Dollar Tree #8578,2019-08-10,12408,10901.0,85649,Low,West,NM,Standard
ST-08579,Dollar Tree #8579,2020-03-13,6883,7356.4,58958,Medium,Northeast,NJ,Standard
ST-08580,Dollar Tree #8580,2009-02-18,12440,10446.3,91549,Medium,Northeast,CA,Standard
ST-08581,Dollar Tree #8581,2016-10-26,9290,4154.8,11020,Medium,Midwest,AZ,Plus
ST-08582,Dollar Tree #8582,2011-05-22,8229,7250.9,51143,Medium,Mid-Atlantic,OR,Plus
ST-08583,Dollar Tree #8583,2014-08-12,9019,5255.4,18715,Low,Southeast,MI,Standard
ST-08584,Dollar Tree #8584,2001-02-25,11715,4068.7,33428,Medium,Northeast,NV,Standard
ST-08585,Dollar Tree #8585,2000-11-03,8927,502.4,66420,Low,West,OR,Standard
ST-08586,Dollar Tree #8586,2005-01-04,7210,8996.4,70163,Low,Southeast,CA,Plus
ST-08587,Dollar Tree #8587,2009-04-09,7425,2411.7,77870,Low,Midwest,KS,Standard
ST-08588,Dollar Tree #8588,2021-10-18,11358,4441.6,69711,High,West,MO,Standard
ST-08589,Dollar Tree #8589,2009-02-22,11859,3025.5,68445,Low,Southeast,CA,Combo
ST-08590,Dollar Tree #8590,2022-08-08,8583,6017.7,93559,Low,Southwest,CT,Standard
ST-08591,Dollar Tree #8591,2016-08-15,8081,7019.0,77372,Medium,Midwest,IL,Combo
ST-08592,Dollar Tree #8592,2021-06-06,8629,6495.4,42355,Medium,Midwest,KY,Combo
ST-08593,Dollar Tree #8593,2019-10-11,6982,3916.1,23811,Medium,Southeast,TN,Standard
ST-08594,Dollar Tree #8594,2009-04-18,10039,1700.4,47605,Low,Northeast,SC,Plus
ST-08595,Dollar Tree #8595,2009-09-25,9312,8821.3,65861,Medium,Mid-Atlantic,NY,Standard
ST-08596,Dollar Tree #8596,2009-12-05,8971,9008.2,16528,Medium,Mid-Atlantic,AZ,Plus
ST-08597,Dollar Tree #8597,2006-04-25,10070,4117.1,73672,Medium,Mid-Atlantic,CA,Standard
ST-08598,Dollar Tree #8598,2010-06-01,10335,6640.4,66102,Low,West,VA,Plus
ST-08599,Dollar Tree #8599,2009-06-09,8844,279.6,52024,High,Mid-Atlantic,KY,Standard
ST-08600,Dollar Tree #8600,2019-07-12,7957,5895.2,43323,Medium,Southwest,CT,Plus
ST-08601,Dollar Tree #8601,2001-10-18,8900,11376.7,61954,Medium,Southeast,NM,Standard
ST-08602,Dollar Tree #8602,2001-06-04,12751,6405.0,46234,Medium,Northeast,OH,Plus
ST-08603,Dollar Tree #8603,2011-06-09,11197,5986.4,16932,Low,Midwest,OH,Plus
ST-08604,Dollar Tree #8604,2010-01-08,11158,2574.3,85475,Low,Southwest,SC,Standard
ST-08605,Dollar Tree #8605,2009-01-05,13178,1410.9,13778,Medium,Midwest,MI,Plus
ST-08606,Dollar Tree #8606,2016-01-21,11134,10039.2,92757,Medium,Southwest,TX,Plus
ST-08607,Dollar Tree #8607,2011-04-10,11199,7039.4,12699,Medium,Southwest,TN,Plus
ST-08608,Dollar Tree #8608,2006-05-20,7018,5100.0,17059,Medium,Mid-Atlantic,VA,Plus
ST-08609,Dollar Tree #8609,2014-04-28,11910,6984.9,44202,Medium,Midwest,KY,Standard
ST-08610,Dollar Tree #8610,2006-07-06,12598,2820.0,20567,Medium,Mid-Atlantic,MS,Standard
ST-08611,Dollar Tree #8611,2002-12-05,11620,1078.0,16141,Medium,Northeast,NY,Combo
ST-08612,Dollar Tree #8612,2001-04-18,10006,5761.2,81843,Low,Northeast,IN,Combo
ST-08613,Dollar Tree #8613,2015-09-20,12424,9896.9,22329,Medium,Mid-Atlantic,AZ,Plus
ST-08614,Dollar Tree #8614,2024-08-01,11681,11116.1,60537,Medium,West,OK,Plus
ST-08615,Dollar Tree #8615,2009-04-27,7607,11270.0,66825,Medium,Northeast,CO,Plus
ST-08616,Dollar Tree #8616,2006-04-18,6540,8033.2,74275,Low,Midwest,CO,Combo
ST-08617,Dollar Tree #8617,2001-02-28,13477,3379.4,57177,Medium,Southeast,CO,Standard
ST-08618,Dollar Tree #8618,2008-07-20,10232,7295.7,44760,Medium,Mid-Atlantic,GA,Plus
ST-08619,Dollar Tree #8619,2009-04-19,8593,9826.5,73851,Low,Midwest,CT,Plus
ST-08620,Dollar Tree #8620,2000-02-27,13486,4167.8,40431,High,Midwest,WI,Standard
ST-08621,Dollar Tree #8621,2018-07-05,13088,409.0,36800,Low,Southeast,CA,Standard
ST-08622,Dollar Tree #8622,2000-02-24,10983,1801.2,96035,Medium,Southwest,CA,Standard
ST-08623,Dollar Tree #8623,2015-04-17,8906,4014.8,57736,Medium,Midwest,CA,Standard
ST-08624,Dollar Tree #8624,2003-11-18,6753,9940.3,71141,High,Southwest,NM,Standard
ST-08625,Dollar Tree #8625,2009-03-13,12482,5147.8,48777,Medium,Southeast,TN,Plus
ST-08626,Dollar Tree #8626,2015-12-01,12776,3234.8,21769,Low,Northeast,WI,Standard
ST-08627,Dollar Tree #8627,2001-11-06,11277,10430.3,46114,Medium,Northeast,IL,Standard
ST-08628,Dollar Tree #8628,2021-10-16,8118,10168.4,78953,Medium,Midwest,AZ,Standard
ST-08629,Dollar Tree #8629,2004-06-05,10027,4197.6,38153,Low,Southwest,MO,Plus
ST-08630,Dollar Tree #8630,2002-01-12,12357,2924.6,32925,Medium,Southwest,NJ,Plus
ST-08631,Dollar Tree #8631,2007-04-16,7621,11471.8,35099,Medium,West,SC,Plus
ST-08632,Dollar Tree #8632,2002-10-02,6206,9167.6,14060,Low,Southeast,NC,Standard
ST-08633,Dollar Tree #8633,2000-02-26,7085,5501.1,59217,Low,Southwest,AZ,Standard
ST-08634,Dollar Tree #8634,2011-11-19,9034,11722.1,71716,Medium,Southwest,MI,Standard
ST-08635,Dollar Tree #8635,2003-02-05,11995,6134.7,75702,Medium,Southeast,FL,Plus
ST-08636,Dollar Tree #8636,2023-03-26,9983,3191.3,92746,Low,Northeast,OR,Plus
ST-08637,Dollar Tree #8637,2008-01-22,12075,10661.1,71977,Medium,Mid-Atlantic,AL,Combo
ST-08638,Dollar Tree #8638,2002-04-14,9931,1506.4,19187,High,Southwest,WI,Standard
ST-08639,Dollar Tree #8639,2024-10-22,12956,6143.9,84275,Medium,Mid-Atlantic,FL,Combo
ST-08640,Dollar Tree #8640,2004-07-28,7929,8341.4,26633,Medium,West,MI,Standard
ST-08641,Dollar Tree #8641,2009-06-21,13498,9515.7,10417,Medium,Southwest,GA,Standard
ST-08642,Dollar Tree #8642,2006-01-20,13555,6352.3,16087,Low,West,OH,Combo
ST-08643,Dollar Tree #8643,2008-03-19,10478,4451.3,30428,Medium,Northeast,MI,Plus
ST-08644,Dollar Tree #8644,2014-11-22,7895,3476.8,50085,Medium,Southeast,MS,Combo
ST-08645,Dollar Tree #8645,2009-07-09,9939,3238.4,66823,Medium,West,NY,Standard
ST-08646,Dollar Tree #8646,2003-02-01,6576,11397.8,58802,Low,Southeast,CT,Standard
ST-08647,Dollar Tree #8647,2020-09-03,8876,10621.9,86662,Medium,West,SC,Standard
ST-08648,Dollar Tree #8648,2005-04-14,12535,11700.2,83517,Medium,Southwest,AZ,Standard
ST-08649,Dollar Tree #8649,2016-11-18,7417,2939.9,41086,Medium,Northeast,FL,Standard
ST-08650,Dollar Tree #8650,2021-10-11,11818,2147.6,52295,High,Midwest,AL,Combo
ST-08651,Dollar Tree #8651,2009-06-15,6157,2666.6,71557,Medium,West,OK,Standard
ST-08652,Dollar Tree #8652,2001-02-25,11354,2732.2,30754,Medium,Southwest,CA,Plus
ST-08653,Dollar Tree #8653,2006-01-17,6810,3651.9,46359,Low,Southeast,IN,Standard
ST-08654,Dollar Tree #8654,2014-05-23,8812,8231.3,59033,High,Northeast,IN,Standard
ST-08655,Dollar Tree #8655,2024-11-07,6041,992.8,54393,High,Midwest,AR,Plus
ST-08656,Dollar Tree #8656,2014-07-12,9675,6462.1,58701,High,West,FL,Plus
ST-08657,Dollar Tree #8657,2012-06-11,11210,8139.3,22184,Medium,Southeast,MS,Plus
ST-08658,Dollar Tree #8658,2012-05-05,6627,9266.6,66907,Low,Northeast,MO,Standard
ST-08659,Dollar Tree #8659,2009-08-27,7311,10583.3,32747,High,Southeast,CO,Combo
ST-08660,Dollar Tree #8660,2009-06-07,13751,1366.0,63142,High,Midwest,FL,Plus
ST-08661,Dollar Tree #8661,2009-05-27,6806,6657.4,12044,Medium,Midwest,KS,Standard
ST-08662,Dollar Tree #8662,2000-09-11,11950,2851.9,11776,High,Mid-Atlantic,CO,Standard
ST-08663,Dollar Tree #8663,2024-03-01,12399,11799.2,71105,Medium,Southwest,OR,Standard
ST-08664,Dollar Tree #8664,2022-10-19,6305,10354.2,90684,Medium,West,SC,Plus
ST-08665,Dollar Tree #8665,2013-06-24,10719,8406.0,39643,Low,Northeast,SC,Plus
ST-08666,Dollar Tree #8666,2000-11-17,9762,6328.0,20026,Medium,Southwest,NM,Standard
ST-08667,Dollar Tree #8667,2022-10-22,6986,5182.8,73700,Low,Southwest,NV,Standard
ST-08668,Dollar Tree #8668,2013-08-02,11533,6988.4,66382,Medium,Southwest,MS,Plus
ST-08669,Dollar Tree #8669,2017-06-04,11992,5220.4,33317,Low,Southeast,SC,Standard
ST-08670,Dollar Tree #8670,2004-11-17,8997,5723.7,49179,Low,Northeast,KS,Standard
ST-08671,Dollar Tree #8671,2009-12-03,11459,4538.9,12375,Medium,West,MS,Plus
ST-08672,Dollar Tree #8672,2017-06-03,6865,6610.0,94020,Low,Northeast,AZ,Combo
ST-08673,Dollar Tree #8673,2024-08-28,10383,5981.1,45630,Medium,Northeast,SC,Standard
ST-08674,Dollar Tree #8674,2003-12-09,11036,10765.6,63912,Medium,Midwest,IN,Combo
ST-08675,Dollar Tree #8675,2003-12-13,10680,3934.3,13183,Low,Southeast,NY,Standard
ST-08676,Dollar Tree #8676,2024-12-10,13898,2375.3,60459,Medium,Southeast,CO,Combo
ST-08677,Dollar Tree #8677,2024-11-13,10815,7499.8,70541,Low,Southeast,AR,Combo
ST-08678,Dollar Tree #8678,2020-10-27,8893,5675.0,15955,Low,Southwest,SC,Standard
ST-08679,Dollar Tree #8679,2011-02-21,7194,2186.6,45508,High,Northeast,OH,Standard
ST-08680,Dollar Tree #8680,2016-08-26,13652,6525.3,98722,Low,Northeast,IL,Plus
ST-08681,Dollar Tree #8681,2003-05-24,9812,4831.1,16728,Medium,Northeast,AL,Plus
ST-08682,Dollar Tree #8682,2022-03-24,13484,5185.4,83826,Low,Southeast,NJ,Plus
ST-08683,Dollar Tree #8683,2022-06-07,9622,5224.8,25568,Low,Mid-Atlantic,AL,Plus
ST-08684,Dollar Tree #8684,2011-04-06,11863,5449.6,67593,Low,Northeast,TN,Plus
ST-08685,Dollar Tree #8685,2014-06-09,13213,7066.7,11953,Medium,West,MO,Standard
ST-08686,Dollar Tree #8686,2000-04-15,8651,8060.4,71950,Medium,Midwest,MS,Combo
ST-08687,Dollar Tree #8687,2001-09-25,11761,6294.8,10522,High,Southwest,SC,Standard
ST-08688,Dollar Tree #8688,2018-05-17,7007,10292.7,16762,Medium,West,OR,Plus
ST-08689,Dollar Tree #8689,2015-03-19,8445,1800.4,91278,Low,West,NM,Standard
ST-08690,Dollar Tree #8690,2013-04-15,11683,7466.3,13839,Low,Midwest,IA,Plus
ST-08691,Dollar Tree #8691,2004-01-06,11675,8805.1,80468,Medium,Mid-Atlantic,OH,Standard
ST-08692,Dollar Tree #8692,2018-08-19,13528,10408.5,73990,Low,West,NV,Plus
ST-08693,Dollar Tree #8693,2015-01-28,6566,3928.9,32045,High,Midwest,OK,Standard
ST-08694,Dollar Tree #8694,2008-05-08,6714,724.3,26558,Medium,West,IL,Standard
ST-08695,Dollar Tree #8695,2003-01-07,9309,5766.7,44605,Low,Northeast,AL,Standard
ST-08696,Dollar Tree #8696,2023-06-27,12356,8065.1,44539,Low,Southwest,TX,Plus
ST-08697,Dollar Tree #8697,2016-04-04,11667,10379.0,25984,Medium,Northeast,GA,Standard
ST-08698,Dollar Tree #8698,2006-01-15,6857,3760.9,80940,Medium,Mid-Atlantic,IL,Standard
ST-08699,Dollar Tree #8699,2010-12-10,8828,493.9,82000,Low,Southwest,KY,Standard
ST-08700,Dollar Tree #8700,2021-10-18,12629,8575.8,77953,Medium,West,NY,Plus
ST-08701,Dollar Tree #8701,2015-05-17,10518,8221.8,49172,Medium,Mid-Atlantic,IN,Standard
ST-08702,Dollar Tree #8702,2017-03-06,7556,2217.7,80417,Medium,Midwest,OH,Standard
ST-08703,Dollar Tree #8703,2000-05-14,8282,11525.8,22267,High,Mid-Atlantic,OR,Plus
ST-08704,Dollar Tree #8704,2009-03-13,8964,9816.5,81333,Medium,Midwest,NM,Standard
ST-08705,Dollar Tree #8705,2013-07-26,6695,10965.2,45374,Medium,Northeast,FL,Standard
ST-08706,Dollar Tree #8706,2013-11-02,12639,1386.1,93468,Medium,Mid-Atlantic,KS,Standard
ST-08707,Dollar Tree #8707,2017-02-04,11657,5031.4,69808,Medium,Southeast,CT,Standard
ST-08708,Dollar Tree #8708,2000-10-27,9275,7402.9,31363,Medium,Mid-Atlantic,OH,Standard
ST-08709,Dollar Tree #8709,2012-09-09,9841,2331.1,12432,Low,Northeast,AZ,Standard
ST-08710,Dollar Tree #8710,2002-05-03,12596,610.3,87526,Low,Midwest,NC,Standard
ST-08711,Dollar Tree #8711,2005-10-12,12119,10857.1,48941,Low,Mid-Atlantic,NJ,Plus
ST-08712,Dollar Tree #8712,2016-12-13,8337,1947.2,85134,Medium,Mid-Atlantic,NY,Combo
ST-08713,Dollar Tree #8713,2015-03-25,8269,9537.7,70023,Low,Southwest,OK,Standard
ST-08714,Dollar Tree #8714,2002-09-28,10551,6918.9,14860,Medium,Northeast,MI,Standard
ST-08715,Dollar Tree #8715,2012-03-01,7726,5426.4,47751,High,Midwest,MO,Standard
ST-08716,Dollar Tree #8716,2018-10-03,11464,5348.8,72505,Low,Midwest,OR,Standard
ST-08717,Dollar Tree #8717,2020-02-09,7184,11436.3,23010,Medium,Northeast,IN,Combo
ST-08718,Dollar Tree #8718,2017-02-28,7892,11594.4,96973,Medium,Midwest,CO,Standard
ST-08719,Dollar Tree #8719,2018-01-16,6469,2461.6,39056,Medium,Midwest,OH,Plus
ST-08720,Dollar Tree #8720,2003-12-08,11957,3327.0,49012,Medium,Northeast,TN,Combo
ST-08721,Dollar Tree #8721,2009-11-22,10660,1777.7,26753,Medium,Mid-Atlantic,IN,Standard
ST-08722,Dollar Tree #8722,2013-12-10,6406,9565.3,46722,Medium,Mid-Atlantic,AL,Standard
ST-08723,Dollar Tree #8723,2005-05-04,8179,2820.7,46810,High,Mid-Atlantic,OR,Standard
ST-08724,Dollar Tree #8724,2013-05-14,13508,4856.1,89104,Medium,Northeast,AR,Plus
ST-08725,Dollar Tree #8725,2001-02-05,11997,11060.4,60549,Low,Southeast,NJ,Plus
ST-08726,Dollar Tree #8726,2011-11-19,11017,8606.7,91213,Medium,West,IN,Standard
ST-08727,Dollar Tree #8727,2012-08-12,9428,3507.7,96497,Medium,Southwest,AZ,Plus
ST-08728,Dollar Tree #8728,2014-05-19,11852,1294.8,49677,High,West,NY,Plus
ST-08729,Dollar Tree #8729,2018-12-09,13450,342.8,31762,Medium,Southeast,OH,Standard
ST-08730,Dollar Tree #8730,2013-12-09,12085,4367.1,27799,High,Midwest,CT,Standard
ST-08731,Dollar Tree #8731,2022-11-05,6982,3812.7,22462,Low,Northeast,MI,Plus
ST-08732,Dollar Tree #8732,2016-04-11,13736,7526.6,16917,Medium,West,NY,Plus
ST-08733,Dollar Tree #8733,2017-04-14,8996,1091.5,48381,Medium,West,CA,Standard
ST-08734,Dollar Tree #8734,2019-11-03,10398,10898.7,73081,Medium,Midwest,IL,Plus
ST-08735,Dollar Tree #8735,2014-10-25,6271,629.1,70139,Medium,Southeast,IA,Standard
ST-08736,Dollar Tree #8736,2002-01-18,6405,6075.7,14703,Medium,Midwest,CA,Combo
ST-08737,Dollar Tree #8737,2006-06-09,13396,11555.6,24714,Low,Southwest,NC,Standard
ST-08738,Dollar Tree #8738,2004-12-23,10977,10702.4,32971,High,Southeast,OR,Standard
ST-08739,Dollar Tree #8739,2021-11-18,8724,7111.3,10338,Low,Northeast,PA,Combo
ST-08740,Dollar Tree #8740,2003-06-11,13458,6965.6,85324,Medium,Mid-Atlantic,NJ,Plus
ST-08741,Dollar Tree #8741,2024-03-09,6574,7369.5,67596,Low,Southwest,AZ,Standard
ST-08742,Dollar Tree #8742,2010-04-13,12636,743.6,81549,Low,Northeast,KY,Plus
ST-08743,Dollar Tree #8743,2024-01-07,7063,6665.6,97894,Low,Southeast,OR,Standard
ST-08744,Dollar Tree #8744,2006-09-07,9251,1035.5,47610,Medium,Mid-Atlantic,OR,Plus
ST-08745,Dollar Tree #8745,2003-08-19,7278,9914.0,95763,Medium,Midwest,FL,Standard
ST-08746,Dollar Tree #8746,2017-02-28,6517,1374.1,48568,Medium,West,MO,Standard
ST-08747,Dollar Tree #8747,2012-02-04,10043,2967.6,11898,Low,Northeast,NJ,Standard
ST-08748,Dollar Tree #8748,2017-05-12,6340,10405.0,57516,Medium,Mid-Atlantic,AL,Plus
ST-08749,Dollar Tree #8749,2012-08-08,6720,2546.2,24058,Low,Northeast,IL,Standard
ST-08750,Dollar Tree #8750,2023-03-10,7620,3210.7,97342,Medium,Southwest,OR,Plus
ST-08751,Dollar Tree #8751,2004-10-04,13864,2575.7,59432,Low,Northeast,VA,Standard
ST-08752,Dollar Tree #8752,2018-05-28,8112,370.7,60334,Low,Northeast,AR,Standard
ST-08753,Dollar Tree #8753,2013-12-04,11697,1747.2,54985,High,West,NC,Plus
ST-08754,Dollar Tree #8754,2017-05-09,13651,5530.6,38818,Medium,Southeast,TN,Standard
ST-08755,Dollar Tree #8755,2000-08-10,10224,1486.5,36486,High,Southeast,NJ,Standard
ST-08756,Dollar Tree #8756,2006-12-08,13800,5257.8,91512,Medium,Northeast,KS,Plus
ST-08757,Dollar Tree #8757,2011-02-17,6240,8148.9,68767,High,Midwest,AZ,Standard
ST-08758,Dollar Tree #8758,2017-03-11,13852,4069.4,76933,High,Southeast,WI,Plus
ST-08759,Dollar Tree #8759,2017-12-28,12629,4633.4,28467,Low,Mid-Atlantic,VA,Plus
ST-08760,Dollar Tree #8760,2015-10-01,13557,4189.3,72821,Low,Northeast,OR,Combo
ST-08761,Dollar Tree #8761,2019-01-16,13092,1702.2,42784,High,Mid-Atlantic,WI,Standard
ST-08762,Dollar Tree #8762,2012-04-13,9490,4965.2,35398,Low,Southeast,IA,Plus
ST-08763,Dollar Tree #8763,2023-07-24,7462,8340.2,61973,Low,Southeast,SC,Plus
ST-08764,Dollar Tree #8764,2014-06-10,10009,472.7,97635,Low,Southeast,FL,Standard
ST-08765,Dollar Tree #8765,2006-12-12,10979,9934.4,35009,Medium,Southeast,AL,Standard
ST-08766,Dollar Tree #8766,2005-08-06,10192,9954.3,29542,Medium,West,NY,Standard
ST-08767,Dollar Tree #8767,2013-06-24,11119,9163.0,60061,Low,Midwest,CA,Standard
ST-08768,Dollar Tree #8768,2017-11-15,8306,3799.3,70920,Low,Southwest,NC,Plus
ST-08769,Dollar Tree #8769,2002-04-08,8762,6094.9,30770,Medium,West,MS,Standard
ST-08770,Dollar Tree #8770,2008-12-10,13615,1742.2,52612,Low,Southwest,SC,Plus
ST-08771,Dollar Tree #8771,2009-04-25,10849,3123.8,39217,High,West,AZ,Standard
ST-08772,Dollar Tree #8772,2012-12-05,13144,5182.9,81144,High,Southeast,GA,Plus
ST-08773,Dollar Tree #8773,2003-10-05,10794,3688.9,75836,High,Mid-Atlantic,MO,Standard
ST-08774,Dollar Tree #8774,2011-05-26,8948,5151.6,99112,High,Northeast,KS,Standard
ST-08775,Dollar Tree #8775,2021-02-21,11207,10098.8,81105,Medium,West,NV,Plus
ST-08776,Dollar Tree #8776,2011-10-06,9889,7249.7,88266,Medium,West,NY,Combo
ST-08777,Dollar Tree #8777,2005-10-21,9377,3679.1,47305,Medium,Southeast,IN,Plus
ST-08778,Dollar Tree #8778,2003-10-24,11955,4301.9,20572,High,Northeast,CO,Combo
ST-08779,Dollar Tree #8779,2018-05-04,12787,8738.2,62332,Medium,Midwest,OK,Plus
ST-08780,Dollar Tree #8780,2015-03-19,6790,1608.5,75860,Medium,Midwest,CA,Combo
ST-08781,Dollar Tree #8781,2024-02-26,8095,5476.8,10252,Medium,Southeast,IL,Standard
ST-08782,Dollar Tree #8782,2021-10-26,9088,1501.1,95092,Low,Midwest,WI,Plus
ST-08783,Dollar Tree #8783,2004-11-22,10228,3249.4,44389,High,Southeast,IN,Standard
ST-08784,Dollar Tree #8784,2020-09-28,6238,3322.7,52725,Medium,Northeast,OH,Plus
ST-08785,Dollar Tree #8785,2019-10-12,6949,2101.9,93360,High,Southwest,NV,Standard
ST-08786,Dollar Tree #8786,2024-11-10,12642,5434.1,59050,Medium,Mid-Atlantic,CT,Standard
ST-08787,Dollar Tree #8787,2012-06-04,12981,6143.7,71511,Low,Midwest,IN,Standard
ST-08788,Dollar Tree #8788,2022-03-07,13072,5547.2,26138,High,Mid-Atlantic,OH,Standard
ST-08789,Dollar Tree #8789,2000-07-26,10174,2385.5,27996,Low,Southeast,KS,Standard
ST-08790,Dollar Tree #8790,2016-02-25,7968,11685.2,90887,High,Mid-Atlantic,IN,Plus
ST-08791,Dollar Tree #8791,2021-06-03,11099,9564.3,99405,Medium,Mid-Atlantic,OH,Combo
ST-08792,Dollar Tree #8792,2008-06-05,8167,569.3,57471,Medium,West,IN,Standard
ST-08793,Dollar Tree #8793,2007-06-20,6519,9523.1,84488,High,West,WI,Plus
ST-08794,Dollar Tree #8794,2010-06-06,12955,2200.1,30428,Medium,Southwest,MO,Standard
ST-08795,Dollar Tree #8795,2005-06-21,10794,9560.1,47155,Medium,West,MS,Standard
ST-08796,Dollar Tree #8796,2010-05-05,7292,10129.8,52126,Medium,Mid-Atlantic,WI,Combo
ST-08797,Dollar Tree #8797,2014-03-27,12427,10446.3,85736,Low,Southeast,CO,Plus
ST-08798,Dollar Tree #8798,2021-12-22,10613,4945.2,41236,Low,Mid-Atlantic,NJ,Combo
ST-08799,Dollar Tree #8799,2021-04-15,6234,10157.2,66158,High,Southeast,PA,Standard
ST-08800,Dollar Tree #8800,2001-01-21,6608,5397.1,89746,High,Midwest,NJ,Plus
ST-08801,Dollar Tree #8801,2013-04-05,10877,10629.8,95082,Low,Southwest,KS,Plus
ST-08802,Dollar Tree #8802,2004-02-12,11658,5193.2,71964,Medium,West,CT,Plus
ST-08803,Dollar Tree #8803,2006-08-10,12689,5998.3,41033,High,Northeast,IL,Plus
ST-08804,Dollar Tree #8804,2012-04-28,10231,5244.1,17065,Low,Southwest,KY,Plus
ST-08805,Dollar Tree #8805,2014-02-22,9738,4136.1,75882,Medium,Northeast,VA,Standard
ST-08806,Dollar Tree #8806,2024-02-18,11134,6709.8,53515,Medium,Midwest,OH,Standard
ST-08807,Dollar Tree #8807,2016-09-21,9842,4805.1,26141,Medium,Southeast,IN,Standard
ST-08808,Dollar Tree #8808,2013-01-01,8014,10555.6,21780,Low,Midwest,KS,Plus
ST-08809,Dollar Tree #8809,2017-03-26,10326,5521.4,40881,Medium,Northeast,MO,Standard
ST-08810,Dollar Tree #8810,2018-10-09,11501,9041.2,84154,Medium,Midwest,VA,Standard
ST-08811,Dollar Tree #8811,2000-10-16,6407,5241.4,96636,Medium,Northeast,MS,Combo
ST-08812,Dollar Tree #8812,2015-11-03,11243,2248.8,51989,Low,Midwest,TN,Standard
ST-08813,Dollar Tree #8813,2003-06-28,12933,4077.6,53828,Low,Midwest,KY,Standard
ST-08814,Dollar Tree #8814,2004-08-18,12617,8218.9,34183,Low,Northeast,NJ,Plus
ST-08815,Dollar Tree #8815,2002-02-08,13574,554.9,77364,High,Southeast,CO,Standard
ST-08816,Dollar Tree #8816,2006-02-03,12294,5316.6,91331,Medium,Mid-Atlantic,OK,Standard
ST-08817,Dollar Tree #8817,2011-03-05,13249,9116.3,36883,Medium,Midwest,MS,Standard
ST-08818,Dollar Tree #8818,2017-10-14,6238,8310.4,72945,Low,Mid-Atlantic,KS,Standard
ST-08819,Dollar Tree #8819,2015-07-13,12617,5716.9,96150,Medium,Northeast,AZ,Standard
ST-08820,Dollar Tree #8820,2013-01-11,11872,10538.6,65020,Medium,Northeast,NJ,Standard
ST-08821,Dollar Tree #8821,2002-09-08,7458,6709.7,46109,Low,Mid-Atlantic,CT,Standard
ST-08822,Dollar Tree #8822,2021-05-24,8297,680.3,91303,Low,Midwest,IL,Plus
ST-08823,Dollar Tree #8823,2018-04-11,7844,1394.8,34923,High,Southeast,KS,Standard
ST-08824,Dollar Tree #8824,2013-02-12,13391,8100.7,30487,Low,Midwest,KY,Combo
ST-08825,Dollar Tree #8825,2002-02-08,13631,3274.0,48474,Medium,Northeast,PA,Plus
ST-08826,Dollar Tree #8826,2023-09-19,7091,10502.4,60419,Medium,West,OR,Standard
ST-08827,Dollar Tree #8827,2010-11-06,9864,3030.4,36824,High,Mid-Atlantic,CO,Plus
ST-08828,Dollar Tree #8828,2016-09-11,9341,517.4,63643,Medium,Midwest,VA,Plus
ST-08829,Dollar Tree #8829,2016-11-28,8243,5381.1,89575,Low,Northeast,CO,Standard
ST-08830,Dollar Tree #8830,2015-10-22,10831,5261.6,84081,Low,Southeast,KY,Standard
ST-08831,Dollar Tree #8831,2019-12-09,13131,3229.9,94969,Medium,Midwest,CO,Standard
ST-08832,Dollar Tree #8832,2000-08-21,11692,6725.4,53106,Medium,West,NC,Standard
ST-08833,Dollar Tree #8833,2019-11-24,6507,8874.8,32103,Low,Northeast,MO,Plus
ST-08834,Dollar Tree #8834,2003-05-21,9163,9925.3,14144,High,Mid-Atlantic,NM,Standard
ST-08835,Dollar Tree #8835,2017-07-01,12877,1085.7,19995,Medium,Southeast,IN,Plus
ST-08836,Dollar Tree #8836,2019-02-02,10183,1058.0,81674,High,West,SC,Standard
ST-08837,Dollar Tree #8837,2022-11-25,7794,5778.7,17212,Low,Northeast,CA,Standard
ST-08838,Dollar Tree #8838,2014-01-17,11362,7792.2,46327,High,Midwest,NC,Standard
ST-08839,Dollar Tree #8839,2007-11-05,8859,4990.1,27547,Low,Mid-Atlantic,FL,Plus
ST-08840,Dollar Tree #8840,2021-06-03,13849,10597.2,10992,Medium,Midwest,NJ,Combo
ST-08841,Dollar Tree #8841,2021-11-26,7080,4943.7,78857,High,Southeast,FL,Plus
ST-08842,Dollar Tree #8842,2010-06-03,8457,9705.3,32626,High,Northeast,KS,Standard
ST-08843,Dollar Tree #8843,2000-09-17,10441,9034.4,95556,Medium,Mid-Atlantic,TN,Standard
ST-08844,Dollar Tree #8844,2023-02-10,7965,5602.6,68366,Low,Southeast,OH,Plus
ST-08845,Dollar Tree #8845,2011-06-14,12463,7037.6,99765,Low,Northeast,AR,Standard
ST-08846,Dollar Tree #8846,2018-04-12,8353,6528.2,19417,High,Northeast,CT,Plus
ST-08847,Dollar Tree #8847,2006-03-15,9409,10367.8,19455,Medium,Mid-Atlantic,CO,Combo
ST-08848,Dollar Tree #8848,2001-04-15,13843,5765.1,42383,Low,Northeast,TX,Standard
ST-08849,Dollar Tree #8849,2010-12-26,7582,9434.1,96416,Medium,West,GA,Standard
ST-08850,Dollar Tree #8850,2010-09-11,6936,8396.6,55475,High,Northeast,KY,Standard
ST-08851,Dollar Tree #8851,2018-05-02,11442,436.0,44708,Medium,Southwest,PA,Standard
ST-08852,Dollar Tree #8852,2018-08-25,11101,9787.8,78384,Medium,Northeast,NY,Plus
ST-08853,Dollar Tree #8853,2016-03-04,12197,11196.1,16156,Medium,Southwest,KS,Combo
ST-08854,Dollar Tree #8854,2001-06-22,12281,7019.4,57642,Medium,West,OK,Combo
ST-08855,Dollar Tree #8855,2021-11-15,12310,731.9,28887,Medium,Southeast,OR,Plus
ST-08856,Dollar Tree #8856,2014-07-19,11866,11975.3,72719,High,Southeast,PA,Standard
ST-08857,Dollar Tree #8857,2008-10-13,9130,555.2,73681,Low,Southeast,SC,Combo
ST-08858,Dollar Tree #8858,2015-04-25,12517,6046.6,26654,Low,West,TX,Standard
ST-08859,Dollar Tree #8859,2014-02-05,6949,4956.0,67129,Low,West,AZ,Combo
ST-08860,Dollar Tree #8860,2012-09-21,12294,8321.7,72597,Low,Midwest,OH,Plus
ST-08861,Dollar Tree #8861,2018-01-21,12619,3333.4,62037,Medium,Midwest,CT,Combo
ST-08862,Dollar Tree #8862,2009-05-13,12749,235.3,95766,High,Mid-Atlantic,OK,Plus
ST-08863,Dollar Tree #8863,2016-09-19,8718,11261.6,89348,Medium,Southeast,PA,Standard
ST-08864,Dollar Tree #8864,2019-02-22,12781,9790.0,40073,Low,Mid-Atlantic,CA,Standard
ST-08865,Dollar Tree #8865,2009-03-04,9918,7339.0,37553,Medium,Mid-Atlantic,SC,Standard
ST-08866,Dollar Tree #8866,2013-05-28,8867,9027.2,47121,Medium,Southwest,OH,Standard
ST-08867,Dollar Tree #8867,2000-05-22,12274,9141.8,95064,Medium,Northeast,AZ,Standard
ST-08868,Dollar Tree #8868,2002-07-24,11407,8651.1,60670,Medium,Northeast,MO,Standard
ST-08869,Dollar Tree #8869,2001-01-08,7793,5399.5,12080,Medium,Southwest,NC,Standard
ST-08870,Dollar Tree #8870,2003-03-24,13452,661.6,98216,Medium,Northeast,NJ,Combo
ST-08871,Dollar Tree #8871,2024-09-01,11682,10014.0,52724,Medium,West,NM,Standard
ST-08872,Dollar Tree #8872,2024-03-24,10580,8066.5,22687,High,Southwest,CA,Plus
ST-08873,Dollar Tree #8873,2016-09-01,9595,9759.7,46111,Low,Northeast,MO,Standard
ST-08874,Dollar Tree #8874,2007-01-25,10599,11297.6,68284,Medium,Southeast,PA,Plus
ST-08875,Dollar Tree #8875,2019-07-25,13515,4820.0,68326,Low,Midwest,CO,Standard
ST-08876,Dollar Tree #8876,2016-12-26,9574,11690.7,21708,High,Midwest,OR,Standard
ST-08877,Dollar Tree #8877,2001-09-12,12460,6754.3,45524,Medium,Northeast,OR,Standard
ST-08878,Dollar Tree #8878,2022-07-12,6553,5352.8,75056,Medium,Southeast,NY,Standard
ST-08879,Dollar Tree #8879,2014-02-24,10938,11469.2,51960,Low,Southwest,FL,Plus
ST-08880,Dollar Tree #8880,2003-09-14,9852,909.5,86682,Medium,West,GA,Combo
ST-08881,Dollar Tree #8881,2022-12-26,9887,1855.7,13551,Low,Southwest,NC,Plus
ST-08882,Dollar Tree #8882,2020-06-09,9789,1123.1,38674,Low,Mid-Atlantic,VA,Plus
ST-08883,Dollar Tree #8883,2002-12-19,11772,5014.9,43247,Medium,Northeast,GA,Standard
ST-08884,Dollar Tree #8884,2001-05-22,13932,11536.4,60322,Low,Midwest,KY,Plus
ST-08885,Dollar Tree #8885,2018-02-22,8728,3099.9,94344,High,West,KS,Combo
ST-08886,Dollar Tree #8886,2007-01-11,10559,9499.3,20522,Medium,Southwest,OR,Plus
ST-08887,Dollar Tree #8887,2005-05-01,8299,11085.4,59539,Low,Northeast,AR,Standard
ST-08888,Dollar Tree #8888,2001-07-22,13466,11262.2,18530,Medium,Midwest,CT,Plus
ST-08889,Dollar Tree #8889,2002-07-03,10335,7426.0,29466,Medium,Mid-Atlantic,SC,Plus
ST-08890,Dollar Tree #8890,2010-04-14,9153,9328.2,49182,Medium,Northeast,OK,Standard
ST-08891,Dollar Tree #8891,2017-02-18,9928,6797.2,17460,Low,Southwest,MI,Combo
ST-08892,Dollar Tree #8892,2006-07-21,6612,2286.3,18598,Medium,Southeast,IA,Combo
ST-08893,Dollar Tree #8893,2021-12-13,13168,1350.6,78890,Medium,Mid-Atlantic,FL,Standard
ST-08894,Dollar Tree #8894,2009-02-11,12672,8624.9,18750,Low,Northeast,MS,Combo
ST-08895,Dollar Tree #8895,2020-10-08,12475,9698.6,81606,Medium,Southeast,TX,Standard
ST-08896,Dollar Tree #8896,2021-07-02,12524,2971.9,30934,Medium,West,IN,Plus
ST-08897,Dollar Tree #8897,2022-06-15,7861,5722.8,70505,Medium,Southwest,CT,Combo
ST-08898,Dollar Tree #8898,2022-11-10,11271,1413.8,82101,Medium,Midwest,NJ,Standard
ST-08899,Dollar Tree #8899,2001-08-05,13933,9316.7,89826,Medium,Mid-Atlantic,TX,Standard
ST-08900,Dollar Tree #8900,2015-07-09,10787,3727.1,20435,Low,Southeast,TX,Plus
ST-08901,Dollar Tree #8901,2016-05-24,8616,4460.0,27712,Medium,Midwest,MI,Plus
ST-08902,Dollar Tree #8902,2022-05-26,7026,2195.0,54711,Low,Midwest,FL,Standard
ST-08903,Dollar Tree #8903,2024-07-24,7660,1945.3,51326,Medium,Southwest,KS,Standard
ST-08904,Dollar Tree #8904,2007-04-24,7554,11147.2,37991,Low,Midwest,TN,Standard
ST-08905,Dollar Tree #8905,2020-04-04,6638,1661.4,96013,High,Southeast,MO,Standard
ST-08906,Dollar Tree #8906,2006-12-28,12806,5161.1,91325,Low,West,OH,Combo
ST-08907,Dollar Tree #8907,2003-04-24,13117,4571.1,92848,Low,Mid-Atlantic,NM,Standard
ST-08908,Dollar Tree #8908,2002-02-03,6850,6295.4,13927,Medium,West,IL,Combo
ST-08909,Dollar Tree #8909,2023-01-17,9949,7100.1,37952,Low,Southeast,CA,Plus
ST-08910,Dollar Tree #8910,2020-02-07,10229,9704.0,89261,Low,Mid-Atlantic,KY,Plus
ST-08911,Dollar Tree #8911,2017-07-27,13607,447.9,12343,Medium,Southeast,SC,Plus
ST-08912,Dollar Tree #8912,2013-11-22,11998,6176.3,25496,Medium,Northeast,NC,Standard
ST-08913,Dollar Tree #8913,2006-06-21,12615,11945.0,78066,Medium,Southeast,SC,Standard
ST-08914,Dollar Tree #8914,2011-09-23,10596,298.8,81139,Medium,Southwest,MO,Combo
ST-08915,Dollar Tree #8915,2018-07-17,6296,5595.9,82939,Medium,West,CA,Standard
ST-08916,Dollar Tree #8916,2008-05-14,8140,3425.9,36166,High,Midwest,NM,Plus
ST-08917,Dollar Tree #8917,2016-12-21,11911,4702.7,77406,Medium,Northeast,OR,Combo
ST-08918,Dollar Tree #8918,2024-10-06,11622,9315.5,13837,Low,West,CA,Plus
ST-08919,Dollar Tree #8919,2011-05-05,12521,9974.4,30047,High,Midwest,SC,Plus
ST-08920,Dollar Tree #8920,2017-01-03,8467,5670.9,80894,Medium,West,IA,Standard
ST-08921,Dollar Tree #8921,2012-04-21,11514,7360.2,24124,Medium,West,AZ,Standard
ST-08922,Dollar Tree #8922,2024-09-13,9412,8190.2,23982,Medium,Northeast,IA,Standard
ST-08923,Dollar Tree #8923,2008-09-28,8065,10673.0,46335,Medium,Southeast,TN,Plus
ST-08924,Dollar Tree #8924,2018-04-21,12189,2233.8,64603,Low,Southeast,NC,Standard
ST-08925,Dollar Tree #8925,2021-08-02,10151,8100.6,19395,Medium,Midwest,AR,Plus
ST-08926,Dollar Tree #8926,2012-07-26,6711,11437.4,48191,Medium,Mid-Atlantic,TN,Plus
ST-08927,Dollar Tree #8927,2011-09-22,8196,11225.3,17687,Medium,Mid-Atlantic,CO,Combo
ST-08928,Dollar Tree #8928,2011-08-04,6402,5904.1,60350,Low,Northeast,NC,Standard
ST-08929,Dollar Tree #8929,2005-03-22,7753,9949.8,54485,Medium,Southwest,TX,Plus
ST-08930,Dollar Tree #8930,2011-09-11,12996,4352.6,33298,Medium,Midwest,TX,Plus
ST-08931,Dollar Tree #8931,2021-05-10,7756,5331.9,45563,Medium,West,MS,Standard
ST-08932,Dollar Tree #8932,2017-11-23,11842,8211.0,18692,Medium,Northeast,MO,Standard
ST-08933,Dollar Tree #8933,2010-08-24,8590,5406.0,78584,Low,Southwest,KY,Standard
ST-08934,Dollar Tree #8934,2013-10-23,11564,340.2,14758,Medium,West,OK,Plus
ST-08935,Dollar Tree #8935,2007-11-26,6387,2804.9,56554,Medium,Mid-Atlantic,KS,Standard
ST-08936,Dollar Tree #8936,2014-08-09,9471,5363.5,42871,Low,Southeast,MI,Standard
ST-08937,Dollar Tree #8937,2018-12-22,9739,833.5,54297,Medium,Northeast,NY,Combo
ST-08938,Dollar Tree #8938,2021-04-07,7594,9822.3,48139,Low,Mid-Atlantic,FL,Plus
ST-08939,Dollar Tree #8939,2023-03-22,9988,8455.7,91578,Medium,Mid-Atlantic,GA,Standard
ST-08940,Dollar Tree #8940,2016-09-12,7920,8990.9,12653,Low,Southwest,NV,Standard
ST-08941,Dollar Tree #8941,2021-01-04,8717,8994.7,51925,Low,Southwest,IL,Standard
ST-08942,Dollar Tree #8942,2006-02-02,9644,8491.9,78181,High,Mid-Atlantic,NM,Standard
ST-08943,Dollar Tree #8943,2015-08-17,11632,6666.6,64892,Low,Northeast,NJ,Standard
ST-08944,Dollar Tree #8944,2004-01-24,11709,1234.9,77957,Medium,Southwest,KS,Plus
ST-08945,Dollar Tree #8945,2005-08-06,9270,2876.9,49768,Low,Northeast,IA,Plus
ST-08946,Dollar Tree #8946,2017-02-10,10630,5373.2,67648,High,Midwest,NY,Plus
ST-08947,Dollar Tree #8947,2002-09-23,13095,1690.8,20430,High,Midwest,NV,Combo
ST-08948,Dollar Tree #8948,2003-04-25,6901,7161.3,78906,Low,Mid-Atlantic,SC,Plus
ST-08949,Dollar Tree #8949,2024-03-15,9399,8443.7,45401,Low,West,NC,Plus
ST-08950,Dollar Tree #8950,2007-06-15,12011,1432.2,79294,Medium,Mid-Atlantic,SC,Standard
ST-08951,Dollar Tree #8951,2010-05-16,13906,2924.5,71163,Medium,Midwest,IN,Standard
ST-08952,Dollar Tree #8952,2009-12-26,9663,2383.6,44619,High,Mid-Atlantic,IN,Plus
ST-08953,Dollar Tree #8953,2006-02-23,11329,9864.4,80769,Low,Southwest,FL,Standard
ST-08954,Dollar Tree #8954,2007-04-14,9630,6250.6,99613,Low,Mid-Atlantic,NY,Standard
ST-08955,Dollar Tree #8955,2011-05-26,12251,2084.2,38760,Medium,Southeast,AL,Combo
ST-08956,Dollar Tree #8956,2018-08-15,11438,8477.0,12654,Medium,Mid-Atlantic,NY,Standard
ST-08957,Dollar Tree #8957,2022-06-18,10369,10862.3,20982,Low,Southwest,NC,Standard
ST-08958,Dollar Tree #8958,2004-04-12,10616,9074.1,14286,Medium,Southeast,PA,Plus
ST-08959,Dollar Tree #8959,2014-08-11,12205,4203.6,44083,High,West,MI,Standard
ST-08960,Dollar Tree #8960,2000-05-05,6555,9703.0,99796,Medium,West,MO,Plus
ST-08961,Dollar Tree #8961,2022-09-17,8734,5617.5,10598,Low,Mid-Atlantic,AL,Plus
ST-08962,Dollar Tree #8962,2022-07-22,13961,4806.7,67964,Medium,Southeast,AR,Plus
ST-08963,Dollar Tree #8963,2018-12-06,10042,11097.9,98232,Low,Southwest,KY,Combo
ST-08964,Dollar Tree #8964,2001-12-28,13369,6028.1,78032,Medium,Northeast,OR,Plus
ST-08965,Dollar Tree #8965,2015-12-22,13665,6495.7,88539,High,Southeast,AR,Standard
ST-08966,Dollar Tree #8966,2015-11-24,10722,6236.3,40739,High,Southeast,WI,Standard
ST-08967,Dollar Tree #8967,2000-02-25,7550,4965.0,27079,Medium,Northeast,WI,Combo
ST-08968,Dollar Tree #8968,2006-02-20,8738,9524.8,29647,High,Mid-Atlantic,AZ,Standard
ST-08969,Dollar Tree #8969,2024-07-16,8342,10523.0,52129,Medium,Mid-Atlantic,NV,Standard
ST-08970,Dollar Tree #8970,2023-12-27,7458,1905.7,94463,High,Midwest,TX,Standard
ST-08971,Dollar Tree #8971,2009-11-13,9817,8891.7,78238,High,Midwest,WI,Plus
ST-08972,Dollar Tree #8972,2000-06-19,8713,3292.4,47596,Low,Northeast,TX,Standard
ST-08973,Dollar Tree #8973,2017-10-24,7222,2848.6,38951,High,Southwest,KS,Standard
ST-08974,Dollar Tree #8974,2009-03-28,11798,3554.5,98630,Medium,Mid-Atlantic,WI,Standard
ST-08975,Dollar Tree #8975,2003-04-24,9778,10419.0,33346,High,Midwest,CO,Standard
ST-08976,Dollar Tree #8976,2017-09-28,8427,9956.9,84941,Medium,West,IA,Plus
ST-08977,Dollar Tree #8977,2010-08-08,10332,8307.9,54122,Low,Mid-Atlantic,IN,Standard
ST-08978,Dollar Tree #8978,2003-03-05,6097,5920.4,21255,Medium,West,OK,Plus
ST-08979,Dollar Tree #8979,2020-01-11,9147,264.9,34103,Low,Midwest,MO,Combo
ST-08980,Dollar Tree #8980,2001-04-06,11250,11074.1,21020,Low,Mid-Atlantic,KS,Standard
ST-08981,Dollar Tree #8981,2014-09-01,6487,4782.4,50473,Low,West,OK,Plus
ST-08982,Dollar Tree #8982,2008-03-19,12725,2923.4,57457,Medium,Midwest,CA,Plus
ST-08983,Dollar Tree #8983,2020-10-07,7435,9403.6,10965,Low,Mid-Atlantic,OR,Combo
ST-08984,Dollar Tree #8984,2016-03-22,7048,9654.8,49295,Medium,Mid-Atlantic,MS,Combo
ST-08985,Dollar Tree #8985,2018-02-08,6323,7611.1,23240,Low,West,NJ,Standard
ST-08986,Dollar Tree #8986,2021-08-02,8288,1630.1,34693,Medium,Midwest,TX,Plus
ST-08987,Dollar Tree #8987,2008-02-12,12881,1487.3,26236,Medium,Southeast,OH,Standard
ST-08988,Dollar Tree #8988,2009-02-08,11494,8602.8,31635,High,Mid-Atlantic,AL,Standard
ST-08989,Dollar Tree #8989,2001-02-01,7041,3087.6,35519,High,Southeast,CT,Standard
ST-08990,Dollar Tree #8990,2006-10-19,11222,8245.6,80811,Medium,West,NV,Standard
ST-08991,Dollar Tree #8991,2009-03-16,7912,3939.9,32552,Low,Northeast,OR,Standard
ST-08992,Dollar Tree #8992,2019-02-13,12947,1298.6,21061,Medium,West,VA,Standard
ST-08993,Dollar Tree #8993,2021-03-03,6000,4077.8,72838,Medium,Mid-Atlantic,MI,Combo
ST-08994,Dollar Tree #8994,2005-11-18,6727,9621.3,95584,Low,Mid-Atlantic,VA,Standard
ST-08995,Dollar Tree #8995,2022-11-20,11305,3795.1,26012,Medium,West,IN,Plus
ST-08996,Dollar Tree #8996,2017-02-16,9330,3050.3,97106,Low,West,AR,Combo
ST-08997,Dollar Tree #8997,2023-02-04,8849,3461.0,37394,High,Northeast,AR,Plus
ST-08998,Dollar Tree #8998,2022-08-02,6641,8078.6,24376,Low,Midwest,OK,Plus
ST-08999,Dollar Tree #8999,2016-03-27,6224,4995.9,97099,Medium,Southwest,PA,Combo
ST-09000,Dollar Tree #9000,2020-01-21,6209,7470.6,34696,High,Southeast,OR,Plus
ST-09001,Dollar Tree #9001,2006-07-25,9015,1912.0,97597,Medium,Southeast,CO,Plus
ST-09002,Dollar Tree #9002,2004-06-21,11976,8494.9,16733,High,Mid-Atlantic,VA,Plus
ST-09003,Dollar Tree #9003,2011-07-23,11984,5679.0,22397,Medium,Southwest,AR,Standard
ST-09004,Dollar Tree #9004,2004-08-27,12616,11451.0,90798,Medium,Midwest,OR,Standard
ST-09005,Dollar Tree #9005,2003-04-01,8852,11731.4,69053,Low,Midwest,MS,Standard
ST-09006,Dollar Tree #9006,2007-11-24,7352,3852.1,92591,Medium,Southwest,MS,Standard
ST-09007,Dollar Tree #9007,2014-11-07,6133,4873.3,65748,Medium,West,MO,Plus
ST-09008,Dollar Tree #9008,2013-02-19,7498,11314.7,17961,High,Mid-Atlantic,NV,Standard
ST-09009,Dollar Tree #9009,2022-03-18,11747,4266.7,15911,Medium,Northeast,PA,Plus
ST-09010,Dollar Tree #9010,2024-02-14,13077,4804.0,78140,High,Midwest,VA,Combo
ST-09011,Dollar Tree #9011,2001-02-11,12526,5295.2,95521,Low,Southeast,VA,Plus
ST-09012,Dollar Tree #9012,2008-09-04,11102,9125.4,63408,Low,Midwest,VA,Combo
ST-09013,Dollar Tree #9013,2023-10-18,7522,8536.4,81996,Low,Midwest,NV,Plus
ST-09014,Dollar Tree #9014,2001-06-22,12081,5327.2,90291,Medium,Mid-Atlantic,NY,Plus
ST-09015,Dollar Tree #9015,2004-10-04,7394,4922.5,77269,Low,Midwest,AR,Standard
ST-09016,Dollar Tree #9016,2007-05-12,7845,2464.8,49027,Low,Northeast,CO,Combo
ST-09017,Dollar Tree #9017,2004-07-20,9716,6160.0,95431,Low,Southeast,NY,Standard
ST-09018,Dollar Tree #9018,2022-03-25,13720,789.4,54675,High,Southeast,CA,Combo
ST-09019,Dollar Tree #9019,2011-07-09,8769,7449.5,11278,Low,Midwest,NC,Standard
ST-09020,Dollar Tree #9020,2010-09-26,8934,5358.0,90754,Medium,Northeast,AL,Plus
ST-09021,Dollar Tree #9021,2023-05-23,7996,9359.9,55308,Low,Midwest,NV,Standard
ST-09022,Dollar Tree #9022,2024-12-22,11213,8036.9,83832,High,Southeast,IA,Combo
ST-09023,Dollar Tree #9023,2000-10-12,8293,3978.1,45438,Medium,Northeast,OH,Plus
ST-09024,Dollar Tree #9024,2006-02-27,6801,9713.1,84753,Medium,West,MI,Standard
ST-09025,Dollar Tree #9025,2004-03-27,10207,2991.8,91794,High,West,VA,Combo
ST-09026,Dollar Tree #9026,2016-08-28,8424,2032.4,88598,Medium,Mid-Atlantic,GA,Standard
ST-09027,Dollar Tree #9027,2008-10-28,8627,9918.2,54706,Low,West,MS,Standard
ST-09028,Dollar Tree #9028,2014-09-21,11521,4682.1,47363,Low,Southwest,IL,Plus
ST-09029,Dollar Tree #9029,2017-03-17,11491,11033.8,11755,High,Midwest,CT,Plus
ST-09030,Dollar Tree #9030,2024-03-12,6837,2137.0,25758,Medium,West,CT,Standard
ST-09031,Dollar Tree #9031,2012-03-08,6862,11547.2,66893,Medium,Midwest,AR,Standard
ST-09032,Dollar Tree #9032,2012-04-21,9489,10440.4,10060,Low,Mid-Atlantic,MI,Combo
ST-09033,Dollar Tree #9033,2006-04-11,10759,10264.4,15313,Low,Midwest,AZ,Standard
ST-09034,Dollar Tree #9034,2000-08-22,13336,7628.9,53190,High,Southwest,AL,Standard
ST-09035,Dollar Tree #9035,2002-05-13,13993,8789.2,68069,Low,Midwest,CO,Standard
ST-09036,Dollar Tree #9036,2022-09-07,11913,8217.5,90684,Medium,Southeast,NJ,Plus
ST-09037,Dollar Tree #9037,2014-05-23,6831,7949.4,26063,Medium,Midwest,TN,Combo
ST-09038,Dollar Tree #9038,2012-06-15,9293,3857.3,62095,Low,Southeast,AZ,Standard
ST-09039,Dollar Tree #9039,2010-09-13,6938,5481.9,21040,Low,Southwest,AL,Plus
ST-09040,Dollar Tree #9040,2014-10-13,10908,2860.6,34074,Medium,West,KY,Plus
ST-09041,Dollar Tree #9041,2004-04-10,8321,2570.1,88722,Low,West,NM,Standard
ST-09042,Dollar Tree #9042,2002-06-14,7520,8615.9,37027,Medium,West,IA,Standard
ST-09043,Dollar Tree #9043,2014-08-21,8373,1016.6,38286,Low,Mid-Atlantic,GA,Plus
ST-09044,Dollar Tree #9044,2023-01-04,6435,11475.9,80487,Medium,Southwest,AZ,Combo
ST-09045,Dollar Tree #9045,2001-06-07,8316,9008.8,53881,Low,Southeast,VA,Plus
ST-09046,Dollar Tree #9046,2022-02-14,11508,8927.0,96929,High,Midwest,NM,Standard
ST-09047,Dollar Tree #9047,2019-12-18,11141,10947.0,17258,High,Mid-Atlantic,AZ,Standard
ST-09048,Dollar Tree #9048,2016-05-13,8470,6739.8,74750,Medium,Northeast,WI,Combo
ST-09049,Dollar Tree #9049,2011-08-13,8505,5263.4,13361,Low,Southwest,NV,Standard
ST-09050,Dollar Tree #9050,2021-03-10,7067,6540.8,66497,Medium,Southeast,PA,Plus
ST-09051,Dollar Tree #9051,2003-10-21,7161,1228.8,39322,Medium,Southwest,CT,Standard
ST-09052,Dollar Tree #9052,2013-07-15,7897,12000.0,17323,Medium,Mid-Atlantic,IA,Standard
ST-09053,Dollar Tree #9053,2015-03-16,11575,6038.8,31376,High,Southeast,TN,Standard
ST-09054,Dollar Tree #9054,2022-08-14,6615,11322.3,70232,High,Southwest,TN,Standard
ST-09055,Dollar Tree #9055,2022-12-16,11150,1594.8,43442,Low,Southeast,OH,Plus
ST-09056,Dollar Tree #9056,2003-12-22,12070,11592.6,35660,Medium,West,OR,Standard
ST-09057,Dollar Tree #9057,2010-12-15,7427,3346.7,44414,Medium,Northeast,IN,Plus
ST-09058,Dollar Tree #9058,2008-09-23,13441,2369.6,22630,Medium,West,KY,Standard
ST-09059,Dollar Tree #9059,2000-10-20,13412,11059.8,94581,Medium,West,MS,Standard
ST-09060,Dollar Tree #9060,2017-04-07,10254,7726.1,12217,Medium,Northeast,GA,Combo
ST-09061,Dollar Tree #9061,2007-12-04,8873,4846.3,64752,Medium,Northeast,VA,Standard
ST-09062,Dollar Tree #9062,2007-11-27,11484,675.3,53016,Low,West,SC,Standard
ST-09063,Dollar Tree #9063,2017-11-13,6471,4888.3,62769,High,Southeast,MI,Plus
ST-09064,Dollar Tree #9064,2017-10-12,9413,8946.5,21332,Low,Northeast,AR,Standard
ST-09065,Dollar Tree #9065,2000-09-27,13456,7142.0,56986,Medium,Southwest,IL,Plus
ST-09066,Dollar Tree #9066,2022-11-25,6231,11212.2,17207,Medium,Midwest,NY,Plus
ST-09067,Dollar Tree #9067,2002-07-13,11209,7779.3,98510,Low,Southeast,MS,Standard
ST-09068,Dollar Tree #9068,2012-04-11,8327,6408.8,35404,Medium,Southwest,FL,Combo
ST-09069,Dollar Tree #9069,2024-01-10,12431,6276.2,12603,Medium,West,NM,Standard
ST-09070,Dollar Tree #9070,2010-11-16,13330,3292.2,99121,Medium,West,OR,Combo
ST-09071,Dollar Tree #9071,2015-06-17,11803,11936.1,17010,Low,Midwest,IA,Plus
ST-09072,Dollar Tree #9072,2007-09-15,6545,9956.5,80577,Medium,West,IA,Standard
ST-09073,Dollar Tree #9073,2014-10-23,7883,4192.2,46867,Medium,Mid-Atlantic,NC,Standard
ST-09074,Dollar Tree #9074,2017-12-25,11059,474.6,67364,Low,Mid-Atlantic,CA,Standard
ST-09075,Dollar Tree #9075,2018-12-20,8640,1760.3,19822,Medium,Mid-Atlantic,NJ,Combo
ST-09076,Dollar Tree #9076,2014-11-17,7396,9994.0,58203,High,Mid-Atlantic,AZ,Plus
ST-09077,Dollar Tree #9077,2007-07-07,6385,4432.8,28123,Medium,Northeast,TN,Standard
ST-09078,Dollar Tree #9078,2014-10-19,9567,2897.2,21699,Medium,Southeast,IL,Standard
ST-09079,Dollar Tree #9079,2017-06-13,10513,7625.5,61704,Medium,Mid-Atlantic,VA,Plus
ST-09080,Dollar Tree #9080,2001-12-24,11183,10817.3,25006,Medium,Mid-Atlantic,CA,Combo
ST-09081,Dollar Tree #9081,2007-05-07,6978,11942.8,66152,Low,West,OH,Standard
ST-09082,Dollar Tree #9082,2023-06-13,7508,1660.4,41276,Medium,Southeast,GA,Standard
ST-09083,Dollar Tree #9083,2014-02-25,12525,2241.7,52296,Medium,Midwest,CO,Standard
ST-09084,Dollar Tree #9084,2002-04-21,10381,5212.8,59793,Medium,Southeast,WI,Plus
ST-09085,Dollar Tree #9085,2014-03-26,11463,8031.7,68857,Low,Southeast,NC,Standard
ST-09086,Dollar Tree #9086,2012-05-26,11632,4062.6,40574,Low,Mid-Atlantic,AR,Standard
ST-09087,Dollar Tree #9087,2015-07-21,10788,8481.3,72603,Low,Northeast,IA,Combo
ST-09088,Dollar Tree #9088,2018-07-02,10498,6973.7,70931,Medium,Midwest,GA,Combo
ST-09089,Dollar Tree #9089,2010-10-25,7850,3477.5,95882,Medium,Northeast,TN,Combo
ST-09090,Dollar Tree #9090,2021-02-28,8971,10568.4,94295,Medium,Southeast,GA,Plus
ST-09091,Dollar Tree #9091,2000-07-22,13846,1157.0,98161,Low,Southeast,OK,Standard
ST-09092,Dollar Tree #9092,2006-02-06,7555,454.1,62307,Medium,Southeast,TN,Plus
ST-09093,Dollar Tree #9093,2009-08-08,6321,6601.3,63880,Medium,Northeast,IL,Standard
ST-09094,Dollar Tree #9094,2000-04-24,12116,3407.6,26768,Low,Southwest,PA,Plus
ST-09095,Dollar Tree #9095,2023-10-11,11983,6421.6,11159,Medium,Southeast,MI,Plus
ST-09096,Dollar Tree #9096,2010-02-21,6628,7978.8,78865,High,West,CT,Standard
ST-09097,Dollar Tree #9097,2018-03-03,12662,969.3,50952,Low,Mid-Atlantic,AZ,Plus
ST-09098,Dollar Tree #9098,2017-06-17,9699,2957.8,99308,Medium,Southwest,AZ,Plus
ST-09099,Dollar Tree #9099,2013-12-13,10349,1718.7,37228,Low,Northeast,CT,Plus
ST-09100,Dollar Tree #9100,2006-08-01,7966,10827.2,69372,Medium,Midwest,KS,Plus
ST-09101,Dollar Tree #9101,2008-04-17,11436,4231.6,78788,Medium,Southeast,NJ,Combo
ST-09102,Dollar Tree #9102,2014-01-10,8176,10816.4,54179,Medium,Midwest,OH,Plus
ST-09103,Dollar Tree #9103,2007-06-21,10193,6564.2,72833,High,Midwest,OH,Standard
ST-09104,Dollar Tree #9104,2001-10-09,7912,10317.3,15871,Medium,Midwest,OK,Plus
ST-09105,Dollar Tree #9105,2018-11-24,8162,8990.1,87341,Medium,Southeast,TX,Standard
ST-09106,Dollar Tree #9106,2016-07-27,6405,10942.0,13756,High,Southwest,NJ,Combo
ST-09107,Dollar Tree #9107,2007-10-08,11403,8497.2,87324,Medium,Midwest,IA,Plus
ST-09108,Dollar Tree #9108,2014-07-26,6073,11491.0,43045,Low,Southwest,CA,Plus
ST-09109,Dollar Tree #9109,2016-04-20,9368,9052.7,53978,Medium,Mid-Atlantic,AR,Plus
ST-09110,Dollar Tree #9110,2020-10-10,11176,2525.5,38339,Medium,Mid-Atlantic,TX,Combo
ST-09111,Dollar Tree #9111,2011-04-14,7894,3170.9,92640,Low,Mid-Atlantic,AZ,Plus
ST-09112,Dollar Tree #9112,2016-01-09,12395,9813.5,68203,High,Mid-Atlantic,MS,Plus
ST-09113,Dollar Tree #9113,2001-06-21,11613,9670.8,50636,Medium,Midwest,MS,Standard
ST-09114,Dollar Tree #9114,2018-03-12,10216,2399.3,44350,Medium,Northeast,MI,Plus
ST-09115,Dollar Tree #9115,2000-09-15,8120,4051.0,32662,Low,Mid-Atlantic,WI,Plus
ST-09116,Dollar Tree #9116,2006-02-25,11834,668.8,78322,Medium,Southwest,IA,Plus
ST-09117,Dollar Tree #9117,2012-10-24,8105,9673.9,18587,Medium,Midwest,KS,Standard
ST-09118,Dollar Tree #9118,2012-06-24,10080,937.9,23594,High,Southwest,NV,Plus
ST-09119,Dollar Tree #9119,2021-08-25,8557,11585.2,97907,High,Northeast,TX,Standard
ST-09120,Dollar Tree #9120,2012-07-07,13206,1730.5,33363,Medium,Southwest,IL,Standard
ST-09121,Dollar Tree #9121,2005-06-25,12016,8262.4,74606,Medium,Mid-Atlantic,TN,Standard
ST-09122,Dollar Tree #9122,2007-06-16,10519,4725.9,61260,Medium,Southeast,TN,Standard
ST-09123,Dollar Tree #9123,2007-03-28,6790,1512.3,98649,High,Southeast,NC,Standard
ST-09124,Dollar Tree #9124,2017-07-03,8932,10582.4,73241,Medium,West,WI,Standard
ST-09125,Dollar Tree #9125,2008-12-23,6829,6628.8,55623,Low,West,CO,Plus
ST-09126,Dollar Tree #9126,2016-04-23,7299,5874.1,64915,Low,West,AL,Combo
ST-09127,Dollar Tree #9127,2001-09-05,13503,2789.7,24365,Low,Midwest,AL,Plus
ST-09128,Dollar Tree #9128,2000-03-07,7850,8344.4,76793,Low,Midwest,IN,Combo
ST-09129,Dollar Tree #9129,2007-03-16,12444,11531.2,26894,Medium,Southeast,OR,Plus
ST-09130,Dollar Tree #9130,2010-09-24,11843,8674.8,23450,Medium,Southeast,NJ,Plus
ST-09131,Dollar Tree #9131,2012-12-20,12876,8986.9,68487,Low,West,NJ,Standard
ST-09132,Dollar Tree #9132,2003-05-22,13431,11904.8,67875,Medium,Northeast,AZ,Standard
ST-09133,Dollar Tree #9133,2003-12-11,11041,11660.6,78630,Low,West,MS,Plus
ST-09134,Dollar Tree #9134,2004-11-24,13394,5682.6,61698,Low,Northeast,WI,Combo
ST-09135,Dollar Tree #9135,2018-02-19,7349,6790.9,99953,High,Midwest,IA,Combo
ST-09136,Dollar Tree #9136,2021-05-02,12859,1741.1,94033,High,Northeast,OK,Plus
ST-09137,Dollar Tree #9137,2007-06-22,10548,10791.3,81064,High,West,IN,Standard
ST-09138,Dollar Tree #9138,2020-11-07,9069,7817.7,17965,Medium,Midwest,IA,Plus
ST-09139,Dollar Tree #9139,2009-03-28,6011,3734.6,57500,High,Midwest,NM,Plus
ST-09140,Dollar Tree #9140,2005-09-16,9183,11127.5,97783,Medium,Southwest,IN,Standard
ST-09141,Dollar Tree #9141,2007-09-14,9350,6814.4,19986,Medium,Midwest,KY,Standard
ST-09142,Dollar Tree #9142,2024-10-27,7065,8134.9,21420,Low,Mid-Atlantic,NV,Standard
ST-09143,Dollar Tree #9143,2015-04-07,12577,2243.8,61807,High,Midwest,AR,Standard
ST-09144,Dollar Tree #9144,2016-02-20,11207,3730.8,47558,Medium,West,CA,Standard
ST-09145,Dollar Tree #9145,2000-09-10,7150,9595.7,40623,Medium,West,AL,Standard
ST-09146,Dollar Tree #9146,2018-03-03,8585,5822.8,97560,Medium,Southwest,AR,Standard
ST-09147,Dollar Tree #9147,2022-05-23,10348,9958.5,31387,Medium,Southwest,FL,Standard
ST-09148,Dollar Tree #9148,2000-06-05,11529,10648.1,68635,Low,Northeast,NY,Plus
ST-09149,Dollar Tree #9149,2001-07-06,8342,5235.0,58839,Low,Northeast,KY,Combo
ST-09150,Dollar Tree #9150,2004-03-12,9321,2012.2,48067,Low,Southwest,TN,Standard
ST-09151,Dollar Tree #9151,2019-03-24,13519,649.1,64873,Medium,Midwest,NJ,Plus
ST-09152,Dollar Tree #9152,2020-11-14,12410,6045.5,34856,Medium,Northeast,IN,Standard
ST-09153,Dollar Tree #9153,2002-01-19,13421,10996.2,59114,High,Midwest,MO,Standard
ST-09154,Dollar Tree #9154,2007-09-17,13799,8772.1,54914,High,Southwest,SC,Standard
ST-09155,Dollar Tree #9155,2022-04-15,6761,11709.4,72334,High,Northeast,AR,Combo
ST-09156,Dollar Tree #9156,2022-09-12,12993,11210.1,94211,Medium,West,NY,Combo
ST-09157,Dollar Tree #9157,2002-12-24,9870,10134.8,81629,Low,West,SC,Plus
ST-09158,Dollar Tree #9158,2010-09-25,6724,4441.2,87278,Low,West,KY,Plus
ST-09159,Dollar Tree #9159,2004-04-20,7682,5704.7,45038,Low,West,KY,Plus
ST-09160,Dollar Tree #9160,2002-10-12,9906,1132.6,62729,Low,Northeast,TX,Standard
ST-09161,Dollar Tree #9161,2000-05-16,11790,9457.5,84878,Medium,Northeast,TN,Combo
ST-09162,Dollar Tree #9162,2010-07-17,8778,9681.3,15039,Low,Southeast,NV,Plus
ST-09163,Dollar Tree #9163,2000-09-14,13680,10535.3,49660,Medium,Southeast,AL,Standard
ST-09164,Dollar Tree #9164,2001-03-26,13049,5626.7,48458,Low,Southeast,MO,Plus
ST-09165,Dollar Tree #9165,2006-08-21,9469,1826.9,41064,Low,Mid-Atlantic,KS,Standard
ST-09166,Dollar Tree #9166,2015-01-03,13959,1918.4,99837,Low,Mid-Atlantic,NJ,Plus
ST-09167,Dollar Tree #9167,2022-12-06,11114,1720.0,60817,Medium,Southeast,NV,Standard
ST-09168,Dollar Tree #9168,2012-03-02,6769,11903.2,40422,Medium,Southeast,KS,Standard
ST-09169,Dollar Tree #9169,2008-12-17,12710,6091.8,40041,Low,Southeast,OR,Plus
ST-09170,Dollar Tree #9170,2016-07-05,10114,1492.9,82218,Low,Southeast,NY,Plus
ST-09171,Dollar Tree #9171,2012-12-17,10450,4091.7,57804,Medium,Northeast,IL,Combo
ST-09172,Dollar Tree #9172,2011-09-06,11517,5253.6,75256,High,Midwest,IN,Plus
ST-09173,Dollar Tree #9173,2016-12-17,13383,1869.8,53420,High,West,NV,Standard
ST-09174,Dollar Tree #9174,2019-09-16,10372,1531.1,38385,Low,West,NY,Plus
ST-09175,Dollar Tree #9175,2004-04-25,7065,6732.9,30676,High,Southeast,CO,Standard
ST-09176,Dollar Tree #9176,2022-12-27,9747,3971.7,22147,Low,West,MO,Standard
ST-09177,Dollar Tree #9177,2011-06-10,12601,3521.2,53969,High,Midwest,MO,Standard
ST-09178,Dollar Tree #9178,2011-04-06,8416,11766.0,36405,Medium,West,CA,Plus
ST-09179,Dollar Tree #9179,2001-03-24,11250,3732.6,90485,Low,Midwest,OK,Standard
ST-09180,Dollar Tree #9180,2000-12-16,13085,1357.0,82220,Medium,West,AL,Plus
ST-09181,Dollar Tree #9181,2015-06-24,7668,8323.9,11351,Low,Midwest,AR,Standard
ST-09182,Dollar Tree #9182,2024-05-11,10080,7358.0,28309,Medium,Midwest,GA,Plus
ST-09183,Dollar Tree #9183,2006-08-07,7361,10852.5,85431,Medium,Southeast,IN,Standard
ST-09184,Dollar Tree #9184,2008-05-09,10664,11402.4,25781,Low,Southeast,AZ,Plus
ST-09185,Dollar Tree #9185,2010-02-10,11318,10674.0,41736,Medium,West,OH,Standard
ST-09186,Dollar Tree #9186,2001-10-04,12361,1896.7,55340,High,West,NJ,Standard
ST-09187,Dollar Tree #9187,2009-12-02,7101,7297.7,12211,Medium,West,NJ,Standard
ST-09188,Dollar Tree #9188,2016-12-20,9867,460.4,67053,High,Midwest,CA,Standard
ST-09189,Dollar Tree #9189,2006-08-09,10541,6981.8,75504,Medium,Southeast,TN,Standard
ST-09190,Dollar Tree #9190,2015-07-20,7035,3302.2,19075,Low,Midwest,CT,Plus
ST-09191,Dollar Tree #9191,2020-10-21,7996,1517.8,13015,Medium,Mid-Atlantic,MI,Plus
ST-09192,Dollar Tree #9192,2019-05-01,8683,649.3,53005,Low,Midwest,AL,Standard
ST-09193,Dollar Tree #9193,2019-01-14,12236,916.2,53266,Medium,Mid-Atlantic,MS,Standard
ST-09194,Dollar Tree #9194,2014-01-13,6617,409.3,57447,Low,Northeast,IA,Plus
ST-09195,Dollar Tree #9195,2003-08-26,6859,11685.2,91277,High,Midwest,GA,Plus
ST-09196,Dollar Tree #9196,2004-09-04,9778,5898.5,44352,Low,West,CO,Plus
ST-09197,Dollar Tree #9197,2016-05-16,10730,5408.7,96086,Low,Northeast,MS,Combo
ST-09198,Dollar Tree #9198,2023-02-12,12041,10330.4,52253,High,Northeast,TN,Standard
ST-09199,Dollar Tree #9199,2006-12-08,11649,7763.7,79300,Low,West,SC,Standard
ST-09200,Dollar Tree #9200,2012-08-01,6332,7198.7,43049,Low,West,SC,Plus
ST-09201,Dollar Tree #9201,2017-03-25,10523,8310.1,74381,High,Midwest,MO,Standard
ST-09202,Dollar Tree #9202,2018-11-18,10479,5626.0,34524,High,Mid-Atlantic,IL,Standard
ST-09203,Dollar Tree #9203,2021-08-11,11682,11111.1,72044,Medium,Southwest,AR,Combo
ST-09204,Dollar Tree #9204,2003-07-11,13043,6740.0,23144,High,Southeast,AR,Standard
ST-09205,Dollar Tree #9205,2001-12-28,11079,2611.1,31101,Low,Northeast,TN,Standard
ST-09206,Dollar Tree #9206,2012-03-01,9441,7881.3,73977,Low,West,WI,Standard
ST-09207,Dollar Tree #9207,2013-02-19,11136,3801.7,20797,High,Northeast,OH,Plus
ST-09208,Dollar Tree #9208,2022-11-23,13567,2295.1,62863,Low,Mid-Atlantic,IA,Plus
ST-09209,Dollar Tree #9209,2021-01-06,9568,3881.8,88157,High,Mid-Atlantic,PA,Plus
ST-09210,Dollar Tree #9210,2001-04-03,8838,1466.1,31126,Low,Mid-Atlantic,TN,Standard
ST-09211,Dollar Tree #9211,2020-09-03,11735,9447.2,70652,Low,West,KY,Combo
ST-09212,Dollar Tree #9212,2005-06-15,10351,2526.9,40684,Medium,West,NY,Standard
ST-09213,Dollar Tree #9213,2007-01-11,11657,2798.2,52902,Low,Southwest,CA,Standard
ST-09214,Dollar Tree #9214,2002-11-03,10419,7736.5,34266,Low,Northeast,MO,Standard
ST-09215,Dollar Tree #9215,2016-09-27,13642,6825.3,18019,Low,Mid-Atlantic,PA,Standard
ST-09216,Dollar Tree #9216,2002-03-09,11124,2546.0,99423,Medium,Midwest,PA,Standard
ST-09217,Dollar Tree #9217,2001-02-02,9628,9671.0,45750,Medium,Southeast,NM,Standard
ST-09218,Dollar Tree #9218,2023-06-23,6419,606.3,85579,Low,Northeast,CO,Combo
ST-09219,Dollar Tree #9219,2023-08-04,8634,6152.5,76931,Medium,Mid-Atlantic,NY,Standard
ST-09220,Dollar Tree #9220,2022-02-27,13184,10256.3,52314,Low,Mid-Atlantic,OR,Standard
ST-09221,Dollar Tree #9221,2003-03-27,7323,8759.7,55033,Low,Northeast,NY,Standard
ST-09222,Dollar Tree #9222,2016-08-25,12267,11207.7,17860,Medium,Southeast,AZ,Plus
ST-09223,Dollar Tree #9223,2001-04-19,6450,7150.5,42280,Medium,Northeast,IN,Plus
ST-09224,Dollar Tree #9224,2018-02-10,10957,11462.1,74599,Low,West,FL,Standard
ST-09225,Dollar Tree #9225,2008-06-04,8482,1642.7,59995,High,West,WI,Standard
ST-09226,Dollar Tree #9226,2015-06-25,9354,957.7,84189,Medium,West,GA,Standard
ST-09227,Dollar Tree #9227,2017-12-08,8779,11183.2,18575,Low,Southwest,VA,Standard
ST-09228,Dollar Tree #9228,2013-12-06,8467,11098.9,71997,Medium,West,CT,Standard
ST-09229,Dollar Tree #9229,2011-03-25,7880,8257.0,96573,High,Midwest,MO,Standard
ST-09230,Dollar Tree #9230,2000-10-28,6573,10745.9,82175,Low,Midwest,CT,Plus
ST-09231,Dollar Tree #9231,2006-11-13,13618,10126.2,14599,High,Mid-Atlantic,OK,Standard
ST-09232,Dollar Tree #9232,2016-06-17,10527,1062.1,81478,Medium,Midwest,IN,Plus
ST-09233,Dollar Tree #9233,2002-08-01,9625,10154.8,57296,Medium,Southwest,NV,Plus
ST-09234,Dollar Tree #9234,2004-08-03,6477,10240.6,61110,Low,Northeast,MI,Standard
ST-09235,Dollar Tree #9235,2024-01-08,6171,5778.7,55732,Low,West,AZ,Plus
ST-09236,Dollar Tree #9236,2004-09-03,8636,7546.6,71198,Medium,Northeast,TX,Combo
ST-09237,Dollar Tree #9237,2014-11-28,10598,4732.8,25261,Medium,West,TX,Standard
ST-09238,Dollar Tree #9238,2016-06-08,8134,8626.8,52895,Medium,Northeast,CT,Plus
ST-09239,Dollar Tree #9239,2009-09-04,8117,3729.9,50064,Low,West,NC,Standard
ST-09240,Dollar Tree #9240,2013-12-20,7377,4918.7,32878,Medium,Southeast,CO,Standard
ST-09241,Dollar Tree #9241,2003-10-23,10278,1469.0,39916,Medium,Southeast,IL,Standard
ST-09242,Dollar Tree #9242,2022-10-21,8492,11401.7,51792,Medium,Southeast,AL,Combo
ST-09243,Dollar Tree #9243,2019-03-15,9777,5757.7,98868,Medium,Northeast,IL,Standard
ST-09244,Dollar Tree #9244,2017-10-20,13896,9958.8,63948,Low,Southwest,TX,Standard
ST-09245,Dollar Tree #9245,2002-04-04,6954,3061.5,98236,High,Southwest,WI,Plus
ST-09246,Dollar Tree #9246,2002-09-16,11393,7346.7,70452,High,Mid-Atlantic,WI,Combo
ST-09247,Dollar Tree #9247,2018-03-19,12994,3049.3,85269,Low,Southwest,MO,Standard
ST-09248,Dollar Tree #9248,2010-09-10,6398,9824.8,16790,Medium,Mid-Atlantic,TX,Plus
ST-09249,Dollar Tree #9249,2005-11-11,6212,7110.5,45636,Medium,Mid-Atlantic,AZ,Combo
ST-09250,Dollar Tree #9250,2012-01-11,13239,10993.8,10244,Medium,West,AL,Standard
ST-09251,Dollar Tree #9251,2005-06-24,9028,8862.8,76262,Medium,West,IN,Standard
ST-09252,Dollar Tree #9252,2014-11-18,8157,501.6,96368,Low,Midwest,NV,Standard
ST-09253,Dollar Tree #9253,2018-01-06,8197,9900.9,63780,High,Northeast,MO,Plus
ST-09254,Dollar Tree #9254,2004-04-16,10670,7670.7,40026,Low,West,KS,Standard
ST-09255,Dollar Tree #9255,2010-04-26,12885,2497.4,17348,Low,Mid-Atlantic,AL,Standard
ST-09256,Dollar Tree #9256,2010-02-28,12921,6416.9,66036,Medium,Southwest,TX,Standard
ST-09257,Dollar Tree #9257,2016-06-24,12361,3946.6,32357,Low,Northeast,GA,Plus
ST-09258,Dollar Tree #9258,2024-12-10,11811,3394.2,74028,Low,Midwest,NM,Plus
ST-09259,Dollar Tree #9259,2011-01-07,12724,5786.4,52398,High,Mid-Atlantic,NM,Standard
ST-09260,Dollar Tree #9260,2000-08-09,10544,6276.1,76931,Low,Southwest,SC,Standard
ST-09261,Dollar Tree #9261,2001-02-05,6282,1904.6,24094,Medium,Southeast,AZ,Standard
ST-09262,Dollar Tree #9262,2001-08-22,13558,8219.1,65776,High,Southwest,AL,Standard
ST-09263,Dollar Tree #9263,2022-08-11,11564,5656.9,76264,Medium,West,MS,Plus
ST-09264,Dollar Tree #9264,2004-06-01,12610,520.0,88026,Medium,Southeast,TN,Standard
ST-09265,Dollar Tree #9265,2016-08-26,11877,7791.5,86388,Medium,West,OR,Standard
ST-09266,Dollar Tree #9266,2021-04-04,11182,4290.4,24430,Low,Mid-Atlantic,SC,Standard
ST-09267,Dollar Tree #9267,2015-09-07,6641,11952.3,53249,Medium,Northeast,NM,Plus
ST-09268,Dollar Tree #9268,2001-10-23,7614,8370.9,63719,Medium,Mid-Atlantic,NY,Plus
ST-09269,Dollar Tree #9269,2013-06-17,10155,1212.1,76856,Low,Southwest,AR,Plus
ST-09270,Dollar Tree #9270,2000-07-03,11325,8489.3,20141,Low,Midwest,VA,Combo
ST-09271,Dollar Tree #9271,2001-08-12,10430,3334.3,35653,Medium,Northeast,MS,Combo
ST-09272,Dollar Tree #9272,2015-09-06,12848,10075.3,64920,Medium,Northeast,MS,Plus
ST-09273,Dollar Tree #9273,2006-05-22,8238,3821.2,45990,Low,Southeast,NV,Plus
ST-09274,Dollar Tree #9274,2016-06-23,12970,3890.9,87904,Low,Northeast,WI,Plus
ST-09275,Dollar Tree #9275,2014-02-16,8570,9985.7,59533,High,Mid-Atlantic,GA,Standard
ST-09276,Dollar Tree #9276,2015-10-01,12903,2497.2,76525,Low,West,TN,Plus
ST-09277,Dollar Tree #9277,2006-03-02,6078,5718.7,36722,Medium,Mid-Atlantic,OK,Plus
ST-09278,Dollar Tree #9278,2010-05-08,9644,239.4,26059,Low,Southwest,MS,Plus
ST-09279,Dollar Tree #9279,2018-03-17,10990,5616.5,27877,Low,Midwest,AL,Plus
ST-09280,Dollar Tree #9280,2013-02-20,12385,8213.9,50670,Medium,Southwest,MO,Combo
ST-09281,Dollar Tree #9281,2021-07-02,6791,2817.6,12919,High,West,SC,Plus
ST-09282,Dollar Tree #9282,2004-05-12,7616,1136.2,26160,Medium,Southwest,NY,Plus
ST-09283,Dollar Tree #9283,2004-07-11,7101,2328.1,69767,Low,Mid-Atlantic,TX,Plus
ST-09284,Dollar Tree #9284,2016-05-14,9466,10131.9,67182,Medium,Southwest,NJ,Plus
ST-09285,Dollar Tree #9285,2008-01-10,7504,7708.8,85927,Low,Mid-Atlantic,CA,Standard
ST-09286,Dollar Tree #9286,2014-05-19,13711,5524.6,65614,Medium,Midwest,TN,Plus
ST-09287,Dollar Tree #9287,2002-03-27,6644,8492.6,49242,Medium,West,CT,Plus
ST-09288,Dollar Tree #9288,2013-11-10,6612,3993.7,72153,High,Mid-Atlantic,PA,Standard
ST-09289,Dollar Tree #9289,2021-04-03,11697,11742.6,20881,Low,West,AZ,Plus
ST-09290,Dollar Tree #9290,2007-10-28,11744,10659.0,32127,Medium,Southeast,AL,Plus
ST-09291,Dollar Tree #9291,2013-08-24,7445,2308.8,12143,Medium,Northeast,IA,Combo
ST-09292,Dollar Tree #9292,2002-04-12,6227,9799.3,39820,Low,Southwest,TN,Plus
ST-09293,Dollar Tree #9293,2024-10-10,12710,7378.2,89268,Low,Southwest,SC,Standard
ST-09294,Dollar Tree #9294,2013-08-16,8286,3697.2,34579,Low,Midwest,VA,Plus
ST-09295,Dollar Tree #9295,2003-10-11,13800,10337.0,45558,Medium,Southwest,SC,Standard
ST-09296,Dollar Tree #9296,2015-03-15,11627,4942.0,44149,Low,Mid-Atlantic,OH,Plus
ST-09297,Dollar Tree #9297,2002-08-16,6904,5935.3,60490,Medium,West,AR,Standard
ST-09298,Dollar Tree #9298,2008-05-06,11293,11357.4,34662,Medium,Southwest,IL,Standard
ST-09299,Dollar Tree #9299,2008-08-02,13397,331.0,31960,Medium,Mid-Atlantic,OK,Standard
ST-09300,Dollar Tree #9300,2010-12-23,8221,11896.6,71526,Low,Southeast,CA,Standard
ST-09301,Dollar Tree #9301,2014-04-03,9136,6755.8,80356,Low,Southwest,MS,Plus
ST-09302,Dollar Tree #9302,2005-05-05,8008,7500.3,88687,Medium,Mid-Atlantic,IN,Plus
ST-09303,Dollar Tree #9303,2022-08-11,7622,1700.5,91791,Medium,West,SC,Standard
ST-09304,Dollar Tree #9304,2018-02-18,9935,8474.8,54636,Medium,West,CA,Standard
ST-09305,Dollar Tree #9305,2016-09-10,13711,1582.0,94902,High,Midwest,WI,Standard
ST-09306,Dollar Tree #9306,2008-07-27,8421,8255.1,25110,Low,West,WI,Standard
ST-09307,Dollar Tree #9307,2007-12-09,9287,5531.6,12357,Medium,Northeast,IA,Plus
ST-09308,Dollar Tree #9308,2019-04-18,12500,3330.6,41265,Medium,Northeast,TX,Combo
ST-09309,Dollar Tree #9309,2012-04-16,12959,253.2,99748,Medium,Southeast,FL,Plus
ST-09310,Dollar Tree #9310,2011-01-18,7046,1815.1,18503,Medium,Southeast,MI,Standard
ST-09311,Dollar Tree #9311,2010-05-13,8340,7418.0,52825,Medium,Northeast,IA,Standard
ST-09312,Dollar Tree #9312,2015-06-06,12721,3850.4,11030,Low,Southwest,NJ,Standard
ST-09313,Dollar Tree #9313,2000-05-19,11449,3010.2,68968,Medium,Northeast,MI,Standard
ST-09314,Dollar Tree #9314,2004-08-16,6195,1093.3,57282,Low,Southeast,NV,Plus
ST-09315,Dollar Tree #9315,2015-10-05,11422,6558.2,86838,Low,West,NY,Standard
ST-09316,Dollar Tree #9316,2007-09-22,7013,8858.3,20529,High,West,MO,Standard
ST-09317,Dollar Tree #9317,2020-01-02,12412,6049.8,39288,Low,Southwest,OH,Plus
ST-09318,Dollar Tree #9318,2023-11-09,7736,2172.7,39318,High,Southwest,AZ,Standard
ST-09319,Dollar Tree #9319,2023-11-28,7744,3969.6,72114,Low,West,NC,Standard
ST-09320,Dollar Tree #9320,2004-05-27,9942,2232.4,28141,Low,Southwest,MI,Plus
ST-09321,Dollar Tree #9321,2004-09-28,8026,7771.7,38742,Medium,Mid-Atlantic,GA,Standard
ST-09322,Dollar Tree #9322,2020-07-02,12334,10653.3,99958,High,Southeast,OH,Standard
ST-09323,Dollar Tree #9323,2004-11-15,8705,4630.6,75391,High,Midwest,WI,Standard
ST-09324,Dollar Tree #9324,2009-11-09,11500,10903.8,69818,Low,Northeast,CO,Plus
ST-09325,Dollar Tree #9325,2022-02-24,12495,6283.4,20932,High,Mid-Atlantic,AL,Combo
ST-09326,Dollar Tree #9326,2004-05-24,13455,10387.0,28647,Medium,Northeast,MS,Standard
ST-09327,Dollar Tree #9327,2019-07-08,8918,9764.6,74523,Medium,Southeast,PA,Plus
ST-09328,Dollar Tree #9328,2022-09-08,7220,567.6,91210,Low,West,MO,Standard
ST-09329,Dollar Tree #9329,2019-09-02,12698,513.3,89447,Low,West,GA,Plus
ST-09330,Dollar Tree #9330,2014-08-18,9012,9998.7,46122,Medium,Midwest,NC,Combo
ST-09331,Dollar Tree #9331,2019-05-10,8239,8851.4,28466,Medium,Mid-Atlantic,IN,Standard
ST-09332,Dollar Tree #9332,2015-03-14,10605,2420.3,40295,Low,Midwest,SC,Standard
ST-09333,Dollar Tree #9333,2006-08-22,8891,4588.6,68640,High,Mid-Atlantic,KS,Standard
ST-09334,Dollar Tree #9334,2015-09-11,6756,2936.0,87887,Low,Northeast,NY,Plus
ST-09335,Dollar Tree #9335,2010-04-04,7188,10348.2,65064,Medium,Midwest,AZ,Combo
ST-09336,Dollar Tree #9336,2023-10-13,9643,10942.7,68090,Low,Midwest,MO,Standard
ST-09337,Dollar Tree #9337,2015-02-12,11096,7818.4,95488,Medium,Southeast,NM,Standard
ST-09338,Dollar Tree #9338,2007-04-12,9239,2169.4,92876,High,Midwest,VA,Standard
ST-09339,Dollar Tree #9339,2003-04-11,12244,6702.3,24843,Low,Mid-Atlantic,CT,Standard
ST-09340,Dollar Tree #9340,2023-05-03,6639,10765.2,67817,Low,Mid-Atlantic,PA,Standard
ST-09341,Dollar Tree #9341,2021-11-21,7049,1761.1,20881,Medium,Southeast,AR,Plus
ST-09342,Dollar Tree #9342,2005-03-21,9523,9341.0,15152,Medium,West,AZ,Combo
ST-09343,Dollar Tree #9343,2017-12-24,11264,5083.3,40194,Low,Southwest,TX,Plus
ST-09344,Dollar Tree #9344,2019-07-26,8325,6618.5,80763,Medium,Southeast,NM,Plus
ST-09345,Dollar Tree #9345,2023-10-17,13004,5545.5,66256,Medium,Northeast,AL,Standard
ST-09346,Dollar Tree #9346,2019-10-25,8719,6975.0,20602,Low,Northeast,PA,Plus
ST-09347,Dollar Tree #9347,2016-05-19,11322,2649.6,34908,Medium,Northeast,AR,Plus
ST-09348,Dollar Tree #9348,2007-03-15,9023,2446.6,90962,High,Southwest,CO,Standard
ST-09349,Dollar Tree #9349,2016-12-13,7565,10496.4,96560,Low,Northeast,OR,Standard
ST-09350,Dollar Tree #9350,2007-12-25,6107,10200.6,52326,Low,Southeast,OH,Standard
ST-09351,Dollar Tree #9351,2019-12-13,13483,10087.1,89839,Low,Northeast,OK,Plus
ST-09352,Dollar Tree #9352,2012-07-10,13242,8254.6,24530,Low,Midwest,FL,Combo
ST-09353,Dollar Tree #9353,2012-05-27,11748,9347.6,43045,Medium,Midwest,CO,Standard
ST-09354,Dollar Tree #9354,2006-10-14,12365,4623.4,87977,Medium,West,PA,Plus
ST-09355,Dollar Tree #9355,2018-01-02,10317,374.4,46937,Medium,Northeast,IL,Standard
ST-09356,Dollar Tree #9356,2005-07-02,12085,351.3,79237,Medium,West,MI,Combo
ST-09357,Dollar Tree #9357,2006-10-03,7648,8391.3,45047,Medium,Southwest,GA,Standard
ST-09358,Dollar Tree #9358,2000-06-07,10605,6309.5,94588,High,West,GA,Standard
ST-09359,Dollar Tree #9359,2024-03-20,11762,296.2,45702,Low,West,NV,Standard
ST-09360,Dollar Tree #9360,2007-12-14,7020,5290.1,21199,Low,Mid-Atlantic,CO,Plus
ST-09361,Dollar Tree #9361,2004-12-27,10576,7560.7,37108,High,West,OH,Standard
ST-09362,Dollar Tree #9362,2004-12-27,11243,1315.1,22762,Medium,Northeast,TX,Plus
ST-09363,Dollar Tree #9363,2001-12-20,10015,9732.6,49646,Medium,Southwest,OK,Standard
ST-09364,Dollar Tree #9364,2009-11-21,7265,8455.7,86233,Medium,Mid-Atlantic,KS,Plus
ST-09365,Dollar Tree #9365,2021-07-28,13444,5235.4,41597,Low,Northeast,CA,Plus
ST-09366,Dollar Tree #9366,2009-06-07,6628,7242.6,92865,Medium,Southeast,PA,Standard
ST-09367,Dollar Tree #9367,2012-06-24,12622,3013.0,71976,Low,Midwest,NV,Plus
ST-09368,Dollar Tree #9368,2024-12-06,11273,8205.8,11698,Medium,Southwest,MS,Standard
ST-09369,Dollar Tree #9369,2006-04-27,7043,11716.0,70075,Medium,Northeast,AL,Combo
ST-09370,Dollar Tree #9370,2008-05-27,13230,11061.5,77448,Low,Northeast,MO,Combo
ST-09371,Dollar Tree #9371,2009-12-19,13184,10239.3,64419,Low,Northeast,AZ,Standard
ST-09372,Dollar Tree #9372,2013-12-17,9886,11364.1,60262,Low,Mid-Atlantic,TX,Plus
ST-09373,Dollar Tree #9373,2006-08-06,7245,10120.6,96191,Medium,Southwest,NJ,Plus
ST-09374,Dollar Tree #9374,2008-09-08,9300,2660.8,25590,Medium,Northeast,NY,Standard
ST-09375,Dollar Tree #9375,2016-10-18,10466,1402.1,28821,Medium,Midwest,AR,Plus
ST-09376,Dollar Tree #9376,2017-09-05,7419,11873.3,37351,Low,Mid-Atlantic,KS,Standard
ST-09377,Dollar Tree #9377,2016-07-05,7755,3428.1,28561,High,Southeast,GA,Standard
ST-09378,Dollar Tree #9378,2024-03-05,9422,3764.8,12183,Low,Midwest,KY,Standard
ST-09379,Dollar Tree #9379,2004-04-01,8975,4696.2,61181,Medium,Southwest,IN,Plus
ST-09380,Dollar Tree #9380,2000-12-25,9308,1474.8,93605,Low,Midwest,NY,Plus
ST-09381,Dollar Tree #9381,2008-04-10,7412,1671.7,80968,Medium,Southeast,CO,Plus
ST-09382,Dollar Tree #9382,2016-10-07,11718,11532.3,13497,Low,Mid-Atlantic,NY,Plus
ST-09383,Dollar Tree #9383,2019-07-09,9193,5296.9,77775,Low,Southeast,AR,Plus
ST-09384,Dollar Tree #9384,2021-12-18,9895,3645.2,83318,Medium,Northeast,KY,Combo
ST-09385,Dollar Tree #9385,2003-08-27,13235,5205.3,65971,Low,Southeast,NC,Plus
ST-09386,Dollar Tree #9386,2021-07-21,10519,4046.7,86772,Medium,Southwest,TN,Standard
ST-09387,Dollar Tree #9387,2013-10-06,13533,5309.5,88385,High,Mid-Atlantic,CA,Standard
ST-09388,Dollar Tree #9388,2017-03-16,12895,11304.9,48983,Medium,West,IA,Standard
ST-09389,Dollar Tree #9389,2022-09-06,8720,8624.4,51082,Medium,Southwest,GA,Standard
ST-09390,Dollar Tree #9390,2009-08-22,10575,11968.8,15352,Low,Northeast,IL,Plus
ST-09391,Dollar Tree #9391,2021-07-17,8024,4472.2,30870,High,Mid-Atlantic,OK,Plus
ST-09392,Dollar Tree #9392,2002-04-16,7057,8168.6,32657,Low,Midwest,TN,Combo
ST-09393,Dollar Tree #9393,2011-04-11,7297,984.7,74553,High,Northeast,VA,Plus
ST-09394,Dollar Tree #9394,2004-07-26,10054,5563.7,82170,Low,Northeast,MS,Standard
ST-09395,Dollar Tree #9395,2004-12-24,6401,2469.3,45188,Low,Southeast,CA,Plus
ST-09396,Dollar Tree #9396,2014-10-27,6145,8722.9,93458,Low,Southeast,NM,Standard
ST-09397,Dollar Tree #9397,2011-04-06,8016,6130.9,50481,Low,West,CO,Standard
ST-09398,Dollar Tree #9398,2011-06-01,13608,9658.4,31146,Medium,Northeast,SC,Standard
ST-09399,Dollar Tree #9399,2001-07-07,6580,7230.6,58007,Medium,Midwest,CT,Plus
ST-09400,Dollar Tree #9400,2001-07-13,9686,10730.8,59988,Medium,Mid-Atlantic,TN,Standard
ST-09401,Dollar Tree #9401,2020-10-26,11600,11566.8,97193,High,Southwest,VA,Standard
ST-09402,Dollar Tree #9402,2012-06-03,7084,11949.3,51840,Medium,Southwest,AR,Standard
ST-09403,Dollar Tree #9403,2015-01-09,7345,9460.9,18472,Medium,Northeast,NJ,Standard
ST-09404,Dollar Tree #9404,2007-09-15,9592,11319.3,79284,Medium,Northeast,IA,Standard
ST-09405,Dollar Tree #9405,2000-10-17,8794,3398.8,55336,Low,Southwest,KY,Plus
ST-09406,Dollar Tree #9406,2006-06-21,9889,4902.0,97593,Low,West,KS,Combo
ST-09407,Dollar Tree #9407,2003-03-07,13270,4022.8,48941,High,Southeast,KY,Standard
ST-09408,Dollar Tree #9408,2013-01-13,7266,267.4,74677,Medium,Northeast,PA,Combo
ST-09409,Dollar Tree #9409,2001-11-16,6262,5459.0,71580,Low,Southwest,TN,Plus
ST-09410,Dollar Tree #9410,2001-04-03,9558,10046.9,94243,Medium,Southwest,TX,Plus
ST-09411,Dollar Tree #9411,2022-10-01,8200,10778.9,94409,Medium,Northeast,CA,Standard
ST-09412,Dollar Tree #9412,2010-10-25,7937,8925.4,86535,Medium,Midwest,AL,Standard
ST-09413,Dollar Tree #9413,2008-05-20,11813,7370.5,95589,High,Southwest,FL,Standard
ST-09414,Dollar Tree #9414,2019-01-06,12474,6801.2,89889,High,West,NV,Standard
ST-09415,Dollar Tree #9415,2013-11-06,7141,11344.1,54082,Medium,Southwest,NV,Standard
ST-09416,Dollar Tree #9416,2024-02-20,13468,3278.3,55193,High,Northeast,WI,Combo
ST-09417,Dollar Tree #9417,2019-01-14,9144,495.4,64471,Low,Midwest,TX,Plus
ST-09418,Dollar Tree #9418,2020-02-23,12192,4692.1,20244,Medium,West,IL,Standard
ST-09419,Dollar Tree #9419,2007-04-08,9094,2568.6,52317,Low,West,TX,Standard
ST-09420,Dollar Tree #9420,2021-04-07,7457,8940.1,60625,Medium,Midwest,NC,Standard
ST-09421,Dollar Tree #9421,2016-02-13,8473,7103.9,45831,Medium,Northeast,MS,Standard
ST-09422,Dollar Tree #9422,2005-11-17,9359,6708.6,52972,Medium,Northeast,NJ,Plus
ST-09423,Dollar Tree #9423,2014-05-21,12154,414.9,73795,High,West,NC,Plus
ST-09424,Dollar Tree #9424,2003-08-21,11686,10644.8,13825,Medium,Northeast,OK,Combo
ST-09425,Dollar Tree #9425,2017-02-05,8817,5387.9,18135,Medium,Northeast,PA,Combo
ST-09426,Dollar Tree #9426,2019-09-24,7357,11419.4,44805,Medium,West,NV,Combo
ST-09427,Dollar Tree #9427,2014-02-10,9899,806.8,63705,Medium,Midwest,CO,Plus
ST-09428,Dollar Tree #9428,2010-01-26,12600,415.7,98342,High,Northeast,OH,Standard
ST-09429,Dollar Tree #9429,2021-10-24,9693,7522.0,65237,Medium,Mid-Atlantic,IN,Standard
ST-09430,Dollar Tree #9430,2020-05-23,10561,5033.7,13763,Low,Southwest,VA,Plus
ST-09431,Dollar Tree #9431,2002-03-10,9575,5058.4,53547,Medium,West,NJ,Standard
ST-09432,Dollar Tree #9432,2004-06-03,9456,9546.3,27758,Medium,Mid-Atlantic,KY,Standard
ST-09433,Dollar Tree #9433,2005-07-04,12444,9691.8,46016,Low,Southeast,AR,Plus
ST-09434,Dollar Tree #9434,2021-05-16,8351,4737.4,73790,Medium,Midwest,NV,Standard
ST-09435,Dollar Tree #9435,2006-07-17,6603,7362.8,80729,Low,Mid-Atlantic,NC,Standard
ST-09436,Dollar Tree #9436,2023-07-08,13439,4172.3,82116,Low,Northeast,CT,Combo
ST-09437,Dollar Tree #9437,2020-03-26,9687,11464.3,27963,Medium,Northeast,IN,Standard
ST-09438,Dollar Tree #9438,2008-02-04,7097,1489.0,33665,Medium,Northeast,NJ,Plus
ST-09439,Dollar Tree #9439,2016-12-17,8386,996.4,35688,Medium,Mid-Atlantic,KY,Combo
ST-09440,Dollar Tree #9440,2005-07-21,13004,9259.6,37578,Low,Southeast,OR,Standard
ST-09441,Dollar Tree #9441,2018-05-14,6225,5700.5,19038,High,West,OH,Plus
ST-09442,Dollar Tree #9442,2010-03-04,13843,7156.6,40952,Medium,Midwest,OH,Standard
ST-09443,Dollar Tree #9443,2005-10-07,6996,11428.8,50776,Low,Southeast,FL,Standard
ST-09444,Dollar Tree #9444,2011-05-16,12698,10721.4,69260,High,Mid-Atlantic,KS,Standard
ST-09445,Dollar Tree #9445,2008-10-24,11128,8305.1,79914,High,West,OK,Standard
ST-09446,Dollar Tree #9446,2002-12-06,6141,4669.4,14670,Medium,Southeast,AL,Standard
ST-09447,Dollar Tree #9447,2009-04-25,11805,2169.7,77418,Medium,Midwest,AR,Combo
ST-09448,Dollar Tree #9448,2002-03-27,10893,8042.0,83884,Low,West,IN,Combo
ST-09449,Dollar Tree #9449,2016-09-09,7653,1105.0,67436,Medium,West,NV,Standard
ST-09450,Dollar Tree #9450,2008-09-15,9396,10031.2,33408,Medium,Southeast,TX,Standard
ST-09451,Dollar Tree #9451,2018-03-02,12825,9085.2,79881,Medium,Southwest,CA,Plus
ST-09452,Dollar Tree #9452,2020-10-24,11133,6620.6,29368,Medium,Southeast,AR,Standard
ST-09453,Dollar Tree #9453,2001-02-04,9091,2239.2,76817,Low,Northeast,IA,Plus
ST-09454,Dollar Tree #9454,2017-01-15,7981,11560.4,77968,Low,West,IN,Standard
ST-09455,Dollar Tree #9455,2020-11-21,11905,577.6,74326,Low,Northeast,WI,Plus
ST-09456,Dollar Tree #9456,2019-01-14,9434,10897.2,55902,High,Northeast,OK,Standard
ST-09457,Dollar Tree #9457,2013-06-12,7911,3498.8,13013,Low,Southeast,TN,Combo
ST-09458,Dollar Tree #9458,2015-02-14,6562,5564.3,69946,Medium,Midwest,GA,Combo
ST-09459,Dollar Tree #9459,2019-10-11,8122,10556.0,99011,Low,Mid-Atlantic,KY,Combo
ST-09460,Dollar Tree #9460,2020-07-04,12850,1068.1,63367,Medium,West,NY,Standard
ST-09461,Dollar Tree #9461,2024-12-06,11341,10453.1,76459,Medium,West,OH,Plus
ST-09462,Dollar Tree #9462,2007-01-01,13200,3681.7,45980,Medium,Southeast,OH,Plus
ST-09463,Dollar Tree #9463,2008-07-26,13114,6707.8,71363,Medium,Mid-Atlantic,NY,Plus
ST-09464,Dollar Tree #9464,2013-02-04,10386,4591.4,14759,High,Northeast,FL,Standard
ST-09465,Dollar Tree #9465,2018-03-02,13622,10151.2,72286,Low,Southwest,SC,Combo
ST-09466,Dollar Tree #9466,2013-07-11,8941,8087.7,72042,Low,West,VA,Standard
ST-09467,Dollar Tree #9467,2015-03-19,6350,2452.8,19068,High,Southeast,SC,Plus
ST-09468,Dollar Tree #9468,2010-02-15,9151,11700.1,98919,High,Mid-Atlantic,NM,Combo
ST-09469,Dollar Tree #9469,2020-11-08,11313,5834.2,73576,Low,Midwest,AR,Plus
ST-09470,Dollar Tree #9470,2022-01-13,13720,2457.8,90275,High,Southeast,NY,Standard
ST-09471,Dollar Tree #9471,2024-02-23,8947,1076.6,16096,Low,West,CO,Plus
ST-09472,Dollar Tree #9472,2003-03-20,13057,7159.2,33820,High,Midwest,WI,Plus
ST-09473,Dollar Tree #9473,2003-04-22,6682,1343.8,34911,Medium,West,TX,Plus
ST-09474,Dollar Tree #9474,2014-12-03,6464,10745.8,22089,Low,Northeast,NM,Combo
ST-09475,Dollar Tree #9475,2008-12-11,12892,8132.4,40089,Medium,Southwest,CO,Standard
ST-09476,Dollar Tree #9476,2019-07-08,10273,7957.3,52234,Low,Midwest,CT,Standard
ST-09477,Dollar Tree #9477,2012-09-04,11078,5124.7,32674,Low,Mid-Atlantic,OK,Standard
ST-09478,Dollar Tree #9478,2000-04-28,9634,2950.3,35775,Medium,Mid-Atlantic,AR,Standard
ST-09479,Dollar Tree #9479,2015-01-17,6571,4108.4,80530,High,Northeast,CT,Plus
ST-09480,Dollar Tree #9480,2015-09-08,7754,9296.8,79000,Low,Southwest,FL,Standard
ST-09481,Dollar Tree #9481,2022-12-10,9248,3318.4,56578,Medium,Southwest,NJ,Standard
ST-09482,Dollar Tree #9482,2002-01-02,13648,1803.9,63767,Medium,West,CO,Combo
ST-09483,Dollar Tree #9483,2014-05-28,13682,2355.5,51825,Medium,Northeast,NC,Plus
ST-09484,Dollar Tree #9484,2019-02-06,9054,4326.5,91234,Low,Mid-Atlantic,AZ,Standard
ST-09485,Dollar Tree #9485,2006-10-27,10059,6896.4,46122,Medium,Midwest,TX,Standard
ST-09486,Dollar Tree #9486,2021-12-11,10516,7830.2,64667,Medium,Midwest,NM,Plus
ST-09487,Dollar Tree #9487,2005-08-26,7308,4456.2,53381,Low,West,IL,Combo
ST-09488,Dollar Tree #9488,2004-05-01,12661,10274.0,34683,Low,West,CT,Plus
ST-09489,Dollar Tree #9489,2023-02-05,7327,10598.6,86089,Medium,Southeast,CO,Plus
ST-09490,Dollar Tree #9490,2003-12-11,6296,1463.3,29469,High,Southeast,AL,Standard
ST-09491,Dollar Tree #9491,2003-05-22,7068,8138.7,87249,Low,Northeast,NV,Plus
ST-09492,Dollar Tree #9492,2009-01-04,9619,9956.8,44107,Medium,Mid-Atlantic,NM,Standard
ST-09493,Dollar Tree #9493,2018-03-17,7659,1857.7,84220,Medium,Northeast,NY,Standard
ST-09494,Dollar Tree #9494,2018-12-14,13262,8461.8,69171,Low,Mid-Atlantic,MS,Standard
ST-09495,Dollar Tree #9495,2009-10-03,6600,9082.5,85727,Medium,Southeast,MS,Standard
ST-09496,Dollar Tree #9496,2023-08-21,10565,9256.1,70722,Medium,Southeast,CO,Plus
ST-09497,Dollar Tree #9497,2008-12-13,9612,7360.2,10259,High,Southwest,PA,Standard
ST-09498,Dollar Tree #9498,2024-12-16,12907,6744.1,19606,High,West,OR,Combo
ST-09499,Dollar Tree #9499,2004-08-20,12434,529.6,17282,Medium,Mid-Atlantic,WI,Combo
ST-09500,Dollar Tree #9500,2008-07-10,7455,6488.9,42504,Medium,Midwest,OK,Plus
ST-00001,Dollar Tree #1,2020-02-01,12074,3445.3,39256,Low,Mid-Atlantic,NY,Combo
ST-00002,Dollar Tree #2,2023-09-03,10837,5178.7,13905,Low,Southeast,GA,Plus
ST-00003,Dollar Tree #3,2019-01-18,7628,8649.0,81426,Medium,Southeast,IN,Plus
ST-00004,Dollar Tree #4,2008-01-25,12601,2084.0,65392,Medium,Midwest,PA,Standard
ST-00005,Dollar Tree #5,2024-06-04,6759,4683.1,57052,Medium,West,NC,Standard
ST-00006,Dollar Tree #6,2023-08-18,7022,11682.8,59615,Low,West,MI,Combo
ST-00007,Dollar Tree #7,2019-06-19,7575,8513.9,16006,High,Southeast,IA,Standard
ST-00008,Dollar Tree #8,2002-04-28,6827,4685.5,69429,High,Midwest,OH,Standard
ST-00009,Dollar Tree #9,2011-04-22,8187,8481.5,99593,High,Northeast,CO,Combo
ST-00010,Dollar Tree #10,2005-09-24,8005,2128.1,59735,Medium,Mid-Atlantic,OR,Plus
ST-00011,Dollar Tree #11,2007-11-11,12904,9266.1,17331,Low,Northeast,MS,Standard
ST-00012,Dollar Tree #12,2012-05-03,7728,10975.0,84341,High,Midwest,IL,Combo
ST-00013,Dollar Tree #13,2015-07-21,9758,1885.9,28301,Low,Mid-Atlantic,SC,Plus
ST-00014,Dollar Tree #14,2008-12-19,9509,10794.3,62350,Medium,Southeast,PA,Plus
ST-00015,Dollar Tree #15,2015-02-25,6385,10361.0,30033,High,Southeast,MS,Combo
ST-00016,Dollar Tree #16,2013-10-03,9152,4703.1,71348,Medium,Midwest,SC,Standard
ST-00017,Dollar Tree #17,2021-12-04,11584,10640.5,44973,High,Midwest,NY,Standard
ST-00018,Dollar Tree #18,2013-03-15,6026,11455.0,44522,Medium,Southeast,WI,Standard
ST-00019,Dollar Tree #19,2020-05-27,11234,6190.4,36071,Low,Midwest,IA,Standard
ST-00020,Dollar Tree #20,2017-09-01,10906,4025.0,12552,Low,Midwest,NV,Standard
ST-00021,Dollar Tree #21,2007-01-08,13192,6894.8,20322,Low,Mid-Atlantic,MO,Standard
ST-00022,Dollar Tree #22,2024-09-25,7030,1715.0,72296,Medium,Southeast,NC,Plus
ST-00023,Dollar Tree #23,2019-07-07,13609,6563.7,36365,High,Midwest,AZ,Combo
ST-00024,Dollar Tree #24,2020-06-15,13369,6307.4,25860,Low,Southeast,FL,Standard
ST-00025,Dollar Tree #25,2000-10-18,7885,7143.6,10942,Low,Mid-Atlantic,KY,Standard
ST-00026,Dollar Tree #26,2007-02-02,13042,4099.1,77391,Low,Midwest,OK,Plus
ST-00027,Dollar Tree #27,2006-09-05,11925,11239.1,84847,Medium,Southwest,GA,Plus
ST-00028,Dollar Tree #28,2013-04-04,6794,7976.0,56438,Medium,Southwest,IN,Combo
ST-00029,Dollar Tree #29,2001-11-21,11293,1361.3,62772,High,Midwest,MS,Standard
ST-00030,Dollar Tree #30,2007-04-07,10393,5493.6,65296,Low,Midwest,IN,Standard
ST-00031,Dollar Tree #31,2002-08-26,13056,10300.4,22833,Low,Mid-Atlantic,SC,Standard
ST-00032,Dollar Tree #32,2002-04-06,9329,5930.6,38016,Medium,Northeast,OH,Plus
ST-00033,Dollar Tree #33,2000-07-09,13590,9452.0,69638,Medium,Southwest,OR,Combo
ST-00034,Dollar Tree #34,2017-11-23,9986,2026.6,48890,Low,Northeast,AL,Combo
ST-00035,Dollar Tree #35,2017-01-24,8569,874.6,86569,Medium,West,NM,Plus
ST-00036,Dollar Tree #36,2005-01-17,6656,10245.8,18981,Medium,Northeast,OK,Standard
ST-00037,Dollar Tree #37,2012-02-19,8016,7031.2,15209,Medium,Northeast,TN,Combo
ST-00038,Dollar Tree #38,2018-10-17,8591,11229.5,36772,High,Mid-Atlantic,VA,Standard
ST-00039,Dollar Tree #39,2008-07-05,11502,7816.9,69929,Medium,Northeast,TX,Plus
ST-00040,Dollar Tree #40,2019-10-04,6600,6544.1,76307,Medium,Southeast,NM,Standard
ST-00041,Dollar Tree #41,2002-04-12,8334,2061.4,81200,High,Midwest,CO,Combo
ST-00042,Dollar Tree #42,2016-01-22,12693,6744.3,96951,Low,Southeast,NC,Standard
ST-00043,Dollar Tree #43,2003-12-18,7273,3413.7,89276,Low,Mid-Atlantic,VA,Standard
ST-00044,Dollar Tree #44,2021-11-28,8162,6163.8,42914,Low,Northeast,KY,Plus
ST-00045,Dollar Tree #45,2008-01-01,8732,9299.2,93507,Medium,Southeast,CT,Plus
ST-00046,Dollar Tree #46,2017-12-14,10594,314.1,19862,High,Southeast,SC,Standard
ST-00047,Dollar Tree #47,2011-10-18,7213,5271.5,15482,Medium,Midwest,NV,Standard
ST-00048,Dollar Tree #48,2011-04-22,8044,8069.8,56357,Medium,Southwest,CO,Combo
ST-00049,Dollar Tree #49,2004-04-28,7331,11719.2,33206,Medium,Northeast,OH,Combo
ST-00050,Dollar Tree #50,2010-07-26,11487,10396.0,42527,Medium,Southeast,MS,Combo
ST-00051,Dollar Tree #51,2003-07-28,6317,10331.4,39154,Low,Southwest,NJ,Standard
ST-00052,Dollar Tree #52,2007-04-01,11406,2478.9,53025,Medium,Northeast,IA,Standard
ST-00053,Dollar Tree #53,2011-11-17,9274,8218.3,80282,Medium,Northeast,NY,Standard
ST-00054,Dollar Tree #54,2005-10-09,6313,1479.2,66959,Medium,Mid-Atlantic,MS,Standard
ST-00055,Dollar Tree #55,2013-10-17,6947,4745.3,85574,Low,Midwest,CA,Combo
ST-00056,Dollar Tree #56,2013-01-17,13582,9716.8,97900,Low,Midwest,TN,Standard
ST-00057,Dollar Tree #57,2021-06-20,8571,8028.0,26334,High,Midwest,WI,Standard
ST-00058,Dollar Tree #58,2021-07-11,9296,8427.1,82667,Low,Southeast,TN,Combo
ST-00059,Dollar Tree #59,2012-11-24,13395,2253.5,84593,Medium,Southwest,SC,Standard
ST-00060,Dollar Tree #60,2009-05-07,9521,9472.0,89516,High,Midwest,IN,Plus
ST-00061,Dollar Tree #61,2014-11-07,10187,5783.6,32241,High,Northeast,MI,Plus
ST-00062,Dollar Tree #62,2021-11-20,8745,1302.0,40784,High,Midwest,GA,Standard
ST-00063,Dollar Tree #63,2004-01-02,8005,11810.4,90120,Low,Southwest,TN,Combo
ST-00064,Dollar Tree #64,2018-04-23,11704,4730.9,62383,Low,Southeast,KY,Combo
ST-00065,Dollar Tree #65,2000-02-25,9482,2782.3,77889,Medium,Northeast,SC,Standard
ST-00066,Dollar Tree #66,2003-08-05,12565,5682.8,79616,Medium,West,VA,Plus
ST-00067,Dollar Tree #67,2019-12-17,9495,10000.7,81810,Medium,Southeast,CT,Plus
ST-00068,Dollar Tree #68,2014-05-25,8025,10110.4,46347,Medium,Southwest,KY,Standard
ST-00069,Dollar Tree #69,2008-08-03,11845,3571.6,45614,Medium,Midwest,NV,Plus
ST-00070,Dollar Tree #70,2002-03-05,7894,4719.8,30028,High,Southeast,FL,Plus
ST-00071,Dollar Tree #71,2013-06-18,9816,5106.1,37110,Medium,Southwest,NV,Plus
ST-00072,Dollar Tree #72,2022-01-28,13214,9234.0,59857,Medium,Northeast,NJ,Standard
ST-00073,Dollar Tree #73,2024-07-28,13304,11450.5,64921,Medium,Mid-Atlantic,CT,Plus
ST-00074,Dollar Tree #74,2019-04-16,7797,3420.6,73654,Low,Southwest,VA,Combo
ST-00075,Dollar Tree #75,2021-07-24,7352,10118.0,26728,Medium,West,TX,Plus
ST-00076,Dollar Tree #76,2018-10-22,6222,1190.6,66179,Low,Southwest,OH,Standard
ST-00077,Dollar Tree #77,2008-07-11,7733,5565.5,54236,Medium,Midwest,IA,Plus
ST-00078,Dollar Tree #78,2008-02-16,6158,9038.5,16826,Medium,Southeast,KY,Standard
ST-00079,Dollar Tree #79,2024-11-02,12178,566.2,42411,Low,Northeast,CO,Standard
ST-00080,Dollar Tree #80,2007-03-16,11484,1549.8,38569,Medium,Mid-Atlantic,NC,Standard
ST-00081,Dollar Tree #81,2005-10-20,13894,9025.5,25012,Low,Midwest,NY,Plus
ST-00082,Dollar Tree #82,2000-05-19,11548,10914.7,59192,Medium,Mid-Atlantic,IL,Standard
ST-00083,Dollar Tree #83,2018-12-27,11138,3065.6,49529,High,West,MS,Standard
ST-00084,Dollar Tree #84,2018-01-12,10364,5254.9,58571,Low,West,KY,Standard
ST-00085,Dollar Tree #85,2000-07-27,10015,1445.4,57472,High,Southwest,OR,Standard
ST-00086,Dollar Tree #86,2013-03-24,10274,11592.6,45400,Medium,West,IA,Plus
ST-00087,Dollar Tree #87,2014-07-27,11988,7191.2,52245,Low,Northeast,NC,Plus
ST-00088,Dollar Tree #88,2007-08-19,10999,8084.6,54092,Low,Southwest,KS,Standard
ST-00089,Dollar Tree #89,2005-08-07,8906,9614.4,54608,Medium,West,OR,Standard
ST-00090,Dollar Tree #90,2017-01-17,13766,2454.5,41635,High,Southwest,MO,Plus
ST-00091,Dollar Tree #91,2024-04-23,9900,7821.7,74332,Medium,Northeast,FL,Standard
ST-00092,Dollar Tree #92,2007-07-23,7993,3813.2,86225,Medium,Southwest,SC,Plus
ST-00093,Dollar Tree #93,2011-07-24,10508,4103.3,69473,Medium,Midwest,NC,Standard
ST-00094,Dollar Tree #94,2003-12-07,8584,1610.7,80236,High,Southeast,IL,Standard
ST-00095,Dollar Tree #95,2023-08-09,11935,7157.1,78765,Medium,Midwest,NY,Standard
ST-00096,Dollar Tree #96,2009-04-12,7469,3766.8,80010,Low,Midwest,CA,Standard
ST-00097,Dollar Tree #97,2017-05-23,13733,1690.1,74340,Low,Northeast,AL,Standard
ST-00098,Dollar Tree #98,2015-08-15,8791,2375.5,16734,Medium,Southwest,NY,Standard
ST-00099,Dollar Tree #99,2012-08-03,10726,7627.5,17026,Low,Southeast,MS,Plus
ST-00100,Dollar Tree #100,2009-02-08,6970,6785.3,64548,Medium,West,MS,Plus
ST-00101,Dollar Tree #101,2007-09-13,9690,10920.4,48974,Medium,Southwest,MI,Plus
ST-00102,Dollar Tree #102,2019-01-20,13865,8933.1,37235,High,Southeast,NC,Combo
ST-00103,Dollar Tree #103,2002-03-08,7423,6713.5,30517,Low,Southwest,IN,Combo
ST-00104,Dollar Tree #104,2019-08-10,6267,2931.4,47056,High,Southwest,FL,Combo
ST-00105,Dollar Tree #105,2007-05-26,12481,7575.7,96662,Low,Southwest,NY,Plus
ST-00106,Dollar Tree #106,2007-11-05,13441,3334.5,28643,Low,Northeast,OH,Standard
ST-00107,Dollar Tree #107,2019-12-27,10662,11070.1,67560,Low,Southwest,OR,Standard
ST-00108,Dollar Tree #108,2022-07-09,10099,6571.8,67377,Low,West,CA,Plus
ST-00109,Dollar Tree #109,2023-06-20,8051,505.2,40005,High,West,AL,Standard
ST-00110,Dollar Tree #110,2024-11-27,8207,6999.7,32962,Medium,West,KY,Plus
ST-00111,Dollar Tree #111,2008-03-19,9570,7690.5,74451,Low,Southwest,NJ,Plus
ST-00112,Dollar Tree #112,2010-06-22,6856,10321.3,53228,Medium,Mid-Atlantic,MO,Standard
ST-00113,Dollar Tree #113,2021-07-27,12230,6691.1,69614,Low,Midwest,NC,Standard
ST-00114,Dollar Tree #114,2003-07-28,10215,9934.1,10150,High,West,IN,Plus
ST-00115,Dollar Tree #115,2001-04-17,8963,7547.1,75338,High,Southwest,IA,Standard
ST-00116,Dollar Tree #116,2006-05-18,7073,11146.5,67424,High,Southwest,NY,Standard
ST-00117,Dollar Tree #117,2020-10-26,7960,8575.4,50730,Medium,Northeast,SC,Plus
ST-00118,Dollar Tree #118,2002-04-27,13478,1538.8,25396,High,Southeast,MO,Combo
ST-00119,Dollar Tree #119,2009-09-23,8239,5102.8,73242,Medium,Southeast,IN,Plus
ST-00120,Dollar Tree #120,2004-07-07,13551,7272.7,27892,Low,Midwest,IA,Plus
ST-00121,Dollar Tree #121,2010-09-09,12721,230.3,49132,Medium,West,OK,Plus
ST-00122,Dollar Tree #122,2004-08-18,9967,4272.5,82340,Medium,Southwest,IN,Standard
ST-00123,Dollar Tree #123,2006-12-08,10684,4719.1,63841,Low,Midwest,CT,Plus
ST-00124,Dollar Tree #124,2022-07-13,11436,9550.2,95461,Low,Southwest,CA,Standard
ST-00125,Dollar Tree #125,2016-10-11,13124,1384.3,67711,Low,West,NM,Plus
ST-00126,Dollar Tree #126,2000-12-05,9358,10477.0,30232,Low,Southwest,MS,Standard
ST-00127,Dollar Tree #127,2010-10-23,9256,7868.1,53065,High,West,AZ,Standard
ST-00128,Dollar Tree #128,2020-12-25,9997,10494.1,14705,Medium,Northeast,GA,Combo
ST-00129,Dollar Tree #129,2021-05-08,12117,1266.5,22903,High,Mid-Atlantic,KS,Standard
ST-00130,Dollar Tree #130,2014-03-23,8453,10860.4,16028,Medium,Northeast,MI,Standard
ST-00131,Dollar Tree #131,2011-07-05,8000,6467.8,84177,High,Southeast,OH,Standard
ST-00132,Dollar Tree #132,2002-10-28,9133,7512.6,41566,Medium,West,PA,Standard
ST-00133,Dollar Tree #133,2014-11-09,9764,3212.9,11231,Medium,Midwest,OK,Plus
ST-00134,Dollar Tree #134,2005-02-15,13743,4277.7,87014,Medium,Mid-Atlantic,TN,Combo
ST-00135,Dollar Tree #135,2008-08-28,8474,2550.8,60422,Medium,Northeast,GA,Plus
ST-00136,Dollar Tree #136,2018-06-19,8423,11913.8,48696,Low,Mid-Atlantic,AZ,Standard
ST-00137,Dollar Tree #137,2000-10-28,11618,9384.1,16428,Medium,Mid-Atlantic,MO,Standard
ST-00138,Dollar Tree #138,2024-04-20,12569,4357.4,93442,Low,West,NC,Combo
ST-00139,Dollar Tree #139,2024-12-25,11400,8234.1,27927,High,Northeast,NV,Combo
ST-00140,Dollar Tree #140,2020-01-10,12460,5401.7,85965,Medium,Mid-Atlantic,PA,Standard
ST-00141,Dollar Tree #141,2009-06-24,9403,2272.6,27322,Medium,Midwest,WI,Plus
ST-00142,Dollar Tree #142,2008-03-09,13487,9931.3,73156,Medium,Mid-Atlantic,KS,Standard
ST-00143,Dollar Tree #143,2003-08-03,7153,9099.0,39571,High,Mid-Atlantic,OK,Plus
ST-00144,Dollar Tree #144,2017-06-03,12477,4856.0,44663,Medium,Northeast,IN,Standard
ST-00145,Dollar Tree #145,2021-12-22,8147,7097.8,93695,Medium,Northeast,OK,Standard
ST-00146,Dollar Tree #146,2015-01-20,13243,11329.4,52992,Medium,Southeast,KY,Standard
ST-00147,Dollar Tree #147,2020-08-23,8475,7861.0,25292,Low,Northeast,CA,Standard
ST-00148,Dollar Tree #148,2015-02-04,7923,10669.7,27781,Medium,Southwest,NJ,Combo
ST-00149,Dollar Tree #149,2023-12-18,9433,7130.6,30253,Medium,Mid-Atlantic,NY,Plus
ST-00150,Dollar Tree #150,2019-07-09,6268,8345.3,38477,Medium,Southwest,GA,Standard
ST-00151,Dollar Tree #151,2003-11-12,10460,10840.0,94518,Medium,Northeast,AZ,Standard
ST-00152,Dollar Tree #152,2006-02-28,12751,5565.7,96870,Low,Mid-Atlantic,KY,Plus
ST-00153,Dollar Tree #153,2000-01-26,8732,3074.1,26505,Medium,Southeast,FL,Plus
ST-00154,Dollar Tree #154,2006-10-07,12660,10462.4,53064,Low,West,TX,Standard
ST-00155,Dollar Tree #155,2004-03-18,8053,9622.5,24408,High,Northeast,PA,Standard
ST-00156,Dollar Tree #156,2011-04-19,8652,386.2,44782,Low,Southeast,CT,Plus
ST-00157,Dollar Tree #157,2016-02-24,6520,5819.7,57453,Medium,West,NY,Plus
ST-00158,Dollar Tree #158,2016-04-20,6355,8781.5,96363,Medium,Midwest,IN,Combo
ST-00159,Dollar Tree #159,2000-01-16,12941,4939.1,99928,Low,Southwest,OR,Plus
ST-00160,Dollar Tree #160,2002-02-11,10983,1950.3,26540,Medium,West,KY,Plus
ST-00161,Dollar Tree #161,2017-12-11,9120,11936.6,79541,Medium,Southwest,WI,Plus
ST-00162,Dollar Tree #162,2013-02-26,11748,1550.1,95814,High,West,CT,Standard
ST-00163,Dollar Tree #163,2013-08-08,9389,4199.4,69441,Medium,Southwest,CT,Standard
ST-00164,Dollar Tree #164,2010-07-11,11448,3207.7,30006,High,Southwest,FL,Standard
ST-00165,Dollar Tree #165,2002-02-14,6791,8986.1,58843,Low,West,CA,Plus
ST-00166,Dollar Tree #166,2017-09-11,11488,1642.3,56346,High,Southwest,KS,Combo
ST-00167,Dollar Tree #167,2001-05-20,8559,4349.4,85748,Medium,Southeast,PA,Combo
ST-00168,Dollar Tree #168,2015-04-28,6886,4331.3,82910,Medium,Northeast,IA,Standard
ST-00169,Dollar Tree #169,2018-04-26,9515,10172.8,91490,Medium,Mid-Atlantic,KY,Plus
ST-00170,Dollar Tree #170,2000-10-22,12794,8383.0,13794,Low,Midwest,OR,Standard
ST-00171,Dollar Tree #171,2010-06-01,7486,10464.4,84228,High,Southwest,FL,Standard
ST-00172,Dollar Tree #172,2023-11-01,6751,9004.1,38197,Medium,Southwest,IN,Standard
ST-00173,Dollar Tree #173,2005-06-10,11911,4027.7,84395,Medium,Northeast,NV,Standard
ST-00174,Dollar Tree #174,2004-03-25,11061,787.2,20693,Medium,Southwest,OK,Plus
ST-00175,Dollar Tree #175,2015-10-15,9392,3423.4,77154,Low,Midwest,TN,Standard
ST-00176,Dollar Tree #176,2009-11-22,10858,5942.3,97442,Medium,Northeast,GA,Plus
ST-00177,Dollar Tree #177,2019-01-01,7674,3756.7,37686,Low,Midwest,MI,Standard
ST-00178,Dollar Tree #178,2003-01-16,12119,5281.7,26932,Medium,West,OR,Standard
ST-00179,Dollar Tree #179,2016-09-27,11472,9713.2,19447,Medium,Mid-Atlantic,CA,Plus
ST-00180,Dollar Tree #180,2000-08-03,13062,3894.1,66267,Medium,Southwest,OR,Combo
ST-00181,Dollar Tree #181,2013-05-04,9318,446.1,52568,Low,West,IN,Combo
ST-00182,Dollar Tree #182,2011-02-14,12918,1449.2,67104,Medium,Southwest,WI,Standard
ST-00183,Dollar Tree #183,2012-05-24,8781,2814.6,32037,Low,West,KY,Standard
ST-00184,Dollar Tree #184,2016-09-07,13421,9359.5,56019,High,Mid-Atlantic,AR,Standard
ST-00185,Dollar Tree #185,2007-02-05,8096,2527.8,88957,Low,Mid-Atlantic,FL,Standard
ST-00186,Dollar Tree #186,2024-11-16,9800,9102.5,85952,Medium,Mid-Atlantic,NM,Plus
ST-00187,Dollar Tree #187,2020-11-20,8647,10398.1,92210,Medium,Southeast,IN,Standard
ST-00188,Dollar Tree #188,2015-08-21,8480,9596.7,87518,Low,Midwest,WI,Standard
ST-00189,Dollar Tree #189,2009-08-15,6308,871.3,47627,Low,Mid-Atlantic,KS,Standard
ST-00190,Dollar Tree #190,2019-10-17,9149,5660.0,82655,High,Northeast,IN,Plus
ST-00191,Dollar Tree #191,2020-04-11,10956,5812.4,29773,Low,Southwest,NY,Standard
ST-00192,Dollar Tree #192,2022-02-17,11293,2236.2,42472,High,Southwest,IN,Plus
ST-00193,Dollar Tree #193,2016-10-06,8981,4599.7,47079,Medium,Southwest,IA,Standard
ST-00194,Dollar Tree #194,2021-10-02,12465,7644.5,53863,Low,Midwest,NY,Plus
ST-00195,Dollar Tree #195,2021-07-10,8064,8740.1,96057,Medium,Southeast,VA,Standard
ST-00196,Dollar Tree #196,2018-11-05,13509,4327.9,95990,High,Mid-Atlantic,AZ,Standard
ST-00197,Dollar Tree #197,2019-12-03,8536,6795.3,94343,Medium,Southeast,OK,Combo
ST-00198,Dollar Tree #198,2023-11-17,6765,7823.1,65496,Medium,Midwest,TX,Standard
ST-00199,Dollar Tree #199,2009-03-07,8799,11382.5,73736,Low,Southeast,PA,Standard
ST-00200,Dollar Tree #200,2002-05-28,12456,1393.5,80748,High,West,CA,Combo
ST-00201,Dollar Tree #201,2010-10-05,10892,4645.3,31266,Low,Mid-Atlantic,IA,Plus
ST-00202,Dollar Tree #202,2005-12-15,6357,5048.1,98652,High,Southeast,IN,Plus
ST-00203,Dollar Tree #203,2009-12-26,9677,2961.2,41348,Medium,Southwest,NV,Standard
ST-00204,Dollar Tree #204,2011-11-19,9609,5647.8,46932,Medium,West,WI,Plus
ST-00205,Dollar Tree #205,2005-04-26,10953,1833.1,42768,Low,Mid-Atlantic,MO,Standard
ST-00206,Dollar Tree #206,2017-02-23,12929,6287.7,26341,Medium,Northeast,IA,Standard
ST-00207,Dollar Tree #207,2008-08-17,7207,10006.4,22021,Low,Southwest,NV,Standard
ST-00208,Dollar Tree #208,2000-07-02,9247,6123.7,40903,Medium,Northeast,NJ,Standard
ST-00209,Dollar Tree #209,2000-06-04,12874,8633.5,53947,Low,Southeast,CA,Standard
ST-00210,Dollar Tree #210,2015-12-27,7136,9154.3,71487,Medium,West,TX,Standard
ST-00211,Dollar Tree #211,2000-05-07,12840,1964.3,89807,Medium,Southwest,NY,Standard
ST-00212,Dollar Tree #212,2007-05-04,6391,3013.6,93748,Medium,Southwest,FL,Standard
ST-00213,Dollar Tree #213,2015-10-18,6134,7657.1,85372,Low,Mid-Atlantic,PA,Standard
ST-00214,Dollar Tree #214,2013-01-20,8890,3038.7,64600,Low,Mid-Atlantic,OK,Standard
ST-00215,Dollar Tree #215,2016-06-03,13810,6407.5,76496,Medium,West,TX,Plus
ST-00216,Dollar Tree #216,2015-01-21,9169,11776.3,43246,High,Northeast,NJ,Standard
ST-00217,Dollar Tree #217,2011-04-24,11382,7613.4,86271,High,Midwest,PA,Standard
ST-00218,Dollar Tree #218,2011-09-11,12664,7785.0,99742,Medium,Mid-Atlantic,MO,Combo
ST-00219,Dollar Tree #219,2005-03-03,11865,9359.0,69988,Low,Midwest,IL,Standard
ST-00220,Dollar Tree #220,2006-01-11,13646,3858.9,62196,Medium,Southwest,NC,Standard
ST-00221,Dollar Tree #221,2024-11-07,8343,4412.3,16265,High,Midwest,NC,Standard
ST-00222,Dollar Tree #222,2011-07-13,12089,5388.9,60678,Medium,Southeast,MO,Combo
ST-00223,Dollar Tree #223,2015-06-26,10253,3347.3,20828,High,Southwest,FL,Plus
ST-00224,Dollar Tree #224,2019-03-18,8406,3990.3,20494,Medium,Mid-Atlantic,MI,Standard
ST-00225,Dollar Tree #225,2014-10-23,9490,2166.4,68183,Medium,Southwest,CA,Combo
ST-00226,Dollar Tree #226,2011-10-14,8249,7745.7,17518,Low,Mid-Atlantic,KY,Plus
ST-00227,Dollar Tree #227,2011-09-26,12143,8217.0,14081,Low,West,OK,Plus
ST-00228,Dollar Tree #228,2001-03-03,7933,9386.5,58015,Medium,Southwest,AL,Standard
ST-00229,Dollar Tree #229,2019-03-22,9685,11396.1,58760,Medium,Northeast,AL,Standard
ST-00230,Dollar Tree #230,2016-06-13,8575,7864.8,42717,Low,Northeast,CT,Standard
ST-00231,Dollar Tree #231,2015-09-13,13483,6827.7,44311,Medium,Mid-Atlantic,IN,Standard
ST-00232,Dollar Tree #232,2019-05-23,13507,11983.8,36237,Low,Southeast,KS,Standard
ST-00233,Dollar Tree #233,2014-03-23,9646,11967.7,99381,Medium,Mid-Atlantic,NJ,Combo
ST-00234,Dollar Tree #234,2002-09-18,8378,10717.7,30644,High,Mid-Atlantic,NM,Combo
ST-00235,Dollar Tree #235,2020-03-26,8961,6203.3,25907,Low,Southeast,GA,Plus
ST-00236,Dollar Tree #236,2000-06-18,10688,4553.2,82305,Low,West,NV,Standard
ST-00237,Dollar Tree #237,2002-05-13,11873,8682.7,78903,Medium,Southwest,AR,Plus
ST-00238,Dollar Tree #238,2002-03-11,11262,1075.1,71057,High,West,NJ,Standard
ST-00239,Dollar Tree #239,2024-09-21,10815,2347.2,26912,Medium,West,NM,Standard
ST-00240,Dollar Tree #240,2003-09-05,8491,2143.0,52291,High,Southeast,NJ,Plus
ST-00241,Dollar Tree #241,2009-02-09,7608,7693.7,82199,Medium,Southeast,KY,Standard
ST-00242,Dollar Tree #242,2019-09-03,10117,7763.7,87569,Medium,Southeast,OH,Combo
ST-00243,Dollar Tree #243,2019-12-20,8765,10141.9,83874,Low,Northeast,FL,Standard
ST-00244,Dollar Tree #244,2020-10-09,11334,2687.5,84991,Medium,West,KY,Standard
ST-00245,Dollar Tree #245,2015-11-18,8372,7774.5,49596,Medium,Southeast,MS,Combo
ST-00246,Dollar Tree #246,2012-05-15,6597,8325.6,30719,Medium,Southwest,MO,Plus
ST-00247,Dollar Tree #247,2006-06-20,7176,3888.5,51853,High,Midwest,AZ,Standard
ST-00248,Dollar Tree #248,2024-06-17,10601,1453.0,41685,Medium,Northeast,NC,Plus
ST-00249,Dollar Tree #249,2007-03-04,6414,3624.5,60351,Medium,Southwest,GA,Standard
ST-00250,Dollar Tree #250,2010-10-24,8561,2440.0,30885,Medium,West,IN,Plus
ST-00251,Dollar Tree #251,2009-08-01,6737,11353.7,76249,Medium,Southeast,IL,Plus
ST-00252,Dollar Tree #252,2011-01-02,8304,6039.8,95755,High,Southwest,MI,Plus
ST-00253,Dollar Tree #253,2000-02-14,7097,10613.0,57943,Medium,Midwest,CA,Plus
ST-00254,Dollar Tree #254,2001-10-18,7594,4477.8,47827,Low,Southwest,WI,Plus
ST-00255,Dollar Tree #255,2024-09-09,12760,11871.3,99181,Medium,Northeast,PA,Standard
ST-00256,Dollar Tree #256,2012-06-26,8777,6782.4,57920,Low,Southeast,CO,Plus
ST-00257,Dollar Tree #257,2012-09-02,6371,659.2,53652,Medium,West,IN,Standard
ST-00258,Dollar Tree #258,2019-09-05,8686,11190.2,51750,Low,Southwest,CO,Combo
ST-00259,Dollar Tree #259,2009-10-11,10155,9973.8,79774,Medium,Mid-Atlantic,AL,Standard
ST-00260,Dollar Tree #260,2015-01-12,8713,8150.9,64596,Medium,Midwest,MS,Combo
ST-00261,Dollar Tree #261,2022-11-01,10889,5800.2,95929,Medium,West,GA,Combo
ST-00262,Dollar Tree #262,2001-10-16,7396,6385.9,91230,Medium,Southeast,AR,Combo
ST-00263,Dollar Tree #263,2007-01-19,13767,8466.1,35006,Low,Southwest,VA,Plus
ST-00264,Dollar Tree #264,2004-07-23,7670,5042.5,90147,Medium,Mid-Atlantic,CT,Standard
ST-00265,Dollar Tree #265,2022-03-17,7698,6818.5,96799,Medium,West,AZ,Standard
ST-00266,Dollar Tree #266,2005-08-18,8804,6646.0,98587,High,Mid-Atlantic,KY,Combo
ST-00267,Dollar Tree #267,2008-10-16,7575,11496.6,46569,Medium,Midwest,GA,Standard
ST-00268,Dollar Tree #268,2024-05-23,7698,8344.8,74094,Medium,Southwest,NJ,Plus
ST-00269,Dollar Tree #269,2023-05-10,6998,6967.0,81197,Medium,Southwest,AR,Standard
ST-00270,Dollar Tree #270,2024-03-10,6344,3594.0,20358,Medium,Southwest,KY,Standard
ST-00271,Dollar Tree #271,2023-08-07,7655,9969.8,45537,Medium,Mid-Atlantic,NC,Standard
ST-00272,Dollar Tree #272,2003-10-24,10807,3023.5,16653,High,West,GA,Combo
ST-00273,Dollar Tree #273,2007-01-04,9385,4097.5,71918,Low,Mid-Atlantic,IA,Standard
ST-00274,Dollar Tree #274,2000-09-06,9333,7904.1,72350,Medium,Mid-Atlantic,IL,Standard
ST-00275,Dollar Tree #275,2010-05-21,6484,10913.7,21725,High,West,GA,Plus
ST-00276,Dollar Tree #276,2023-12-28,13673,640.1,32946,Medium,Southeast,NM,Standard
ST-00277,Dollar Tree #277,2012-08-06,13672,9038.2,47941,Low,Northeast,MI,Plus
ST-00278,Dollar Tree #278,2019-02-11,8331,5561.3,94058,Medium,West,MO,Standard
ST-00279,Dollar Tree #279,2016-08-09,7579,9744.0,53343,Low,Mid-Atlantic,IN,Combo
ST-00280,Dollar Tree #280,2008-12-06,6115,8892.1,48669,Medium,Mid-Atlantic,IA,Standard
ST-00281,Dollar Tree #281,2005-10-28,11232,10785.1,66059,Medium,Midwest,FL,Plus
ST-00282,Dollar Tree #282,2021-02-06,7151,5834.0,42512,Low,Midwest,AZ,Standard
ST-00283,Dollar Tree #283,2014-05-11,8473,7073.0,85088,Low,Midwest,KY,Standard
ST-00284,Dollar Tree #284,2022-04-02,11470,1595.1,50213,Low,Southwest,OK,Plus
ST-00285,Dollar Tree #285,2022-05-23,6961,7736.8,48671,Medium,West,GA,Standard
ST-00286,Dollar Tree #286,2004-08-05,9727,9023.3,89395,Medium,Southwest,OR,Plus
ST-00287,Dollar Tree #287,2015-09-26,11440,9942.1,42435,High,West,KS,Standard
ST-00288,Dollar Tree #288,2016-08-17,11765,4469.1,83946,Low,Northeast,AR,Plus
ST-00289,Dollar Tree #289,2016-04-19,10396,1968.3,53007,Medium,Southwest,NY,Combo
ST-00290,Dollar Tree #290,2006-12-19,10004,1273.1,76895,Medium,Northeast,IN,Standard
ST-00291,Dollar Tree #291,2016-07-15,10619,881.3,70604,High,Midwest,CT,Standard
ST-00292,Dollar Tree #292,2012-05-27,6024,9000.5,85800,Low,Northeast,TN,Standard
ST-00293,Dollar Tree #293,2022-02-18,6493,11228.1,19046,Medium,Northeast,MI,Plus
ST-00294,Dollar Tree #294,2005-03-25,11255,11744.3,94656,Medium,Midwest,NV,Plus
ST-00295,Dollar Tree #295,2014-07-13,6657,8256.2,96742,Medium,Southeast,KY,Standard
ST-00296,Dollar Tree #296,2003-03-18,9219,6440.3,39188,Low,Northeast,MI,Plus
ST-00297,Dollar Tree #297,2021-12-18,9474,6476.8,40102,Low,Southwest,NJ,Standard
ST-00298,Dollar Tree #298,2008-04-24,12270,1531.6,96533,Medium,West,IA,Standard
ST-00299,Dollar Tree #299,2007-04-03,6826,7208.5,68515,Medium,Mid-Atlantic,OR,Standard
ST-00300,Dollar Tree #300,2007-12-02,9295,5379.8,80747,Low,Northeast,PA,Plus
ST-00301,Dollar Tree #301,2009-04-27,13507,8831.9,51799,Medium,West,IA,Combo
ST-00302,Dollar Tree #302,2010-04-10,13178,1890.5,96535,Medium,Southeast,TN,Standard
ST-00303,Dollar Tree #303,2008-01-18,13770,7181.7,32955,High,Mid-Atlantic,TN,Plus
ST-00304,Dollar Tree #304,2015-01-12,13713,7791.1,59958,Medium,Midwest,OR,Plus
ST-00305,Dollar Tree #305,2013-03-10,9083,2369.8,80507,Medium,Southeast,KS,Standard
ST-00306,Dollar Tree #306,2009-12-05,12600,5663.7,17552,Medium,Southwest,TN,Plus
ST-00307,Dollar Tree #307,2016-03-13,7989,3208.9,53288,High,Northeast,NM,Plus
ST-00308,Dollar Tree #308,2011-02-18,11935,9987.0,16755,Medium,Southwest,OK,Plus
ST-00309,Dollar Tree #309,2019-01-28,6596,2420.3,87015,High,Mid-Atlantic,SC,Standard
ST-00310,Dollar Tree #310,2015-04-28,13430,4129.0,12009,Low,Southeast,CT,Standard
ST-00311,Dollar Tree #311,2023-08-08,11698,7331.9,36805,Medium,Southeast,SC,Standard
ST-00312,Dollar Tree #312,2024-05-13,9819,6497.1,57088,Medium,Midwest,NJ,Plus
ST-00313,Dollar Tree #313,2015-08-04,12576,11779.6,71537,Medium,Southeast,NJ,Standard
ST-00314,Dollar Tree #314,2013-01-19,13078,2811.0,29126,Low,Midwest,SC,Plus
ST-00315,Dollar Tree #315,2018-12-14,8418,1998.5,53236,Low,Southwest,AL,Standard
ST-00316,Dollar Tree #316,2015-09-21,13728,8281.2,43728,Medium,Mid-Atlantic,KY,Combo
ST-00317,Dollar Tree #317,2015-08-06,12002,9580.7,32185,Low,Mid-Atlantic,SC,Plus
ST-00318,Dollar Tree #318,2005-09-21,13841,893.0,14433,Low,Mid-Atlantic,CA,Standard
ST-00319,Dollar Tree #319,2013-03-27,11166,2930.9,29795,Low,Southeast,WI,Plus
ST-00320,Dollar Tree #320,2011-01-20,11224,8067.7,90808,Medium,Mid-Atlantic,MO,Standard
ST-00321,Dollar Tree #321,2000-09-18,9369,339.8,79391,High,Midwest,SC,Standard
ST-00322,Dollar Tree #322,2000-09-27,11716,8153.6,33496,Low,Northeast,WI,Standard
ST-00323,Dollar Tree #323,2007-04-20,10312,3178.5,56457,Medium,Southwest,FL,Standard
ST-00324,Dollar Tree #324,2012-08-19,7992,11884.7,39603,Medium,Mid-Atlantic,AR,Standard
ST-00325,Dollar Tree #325,2020-11-25,6259,1303.3,59710,Medium,West,MO,Standard
ST-00326,Dollar Tree #326,2020-01-23,7403,1175.7,66873,High,Midwest,AL,Standard
ST-00327,Dollar Tree #327,2016-01-08,7731,10835.0,84289,Medium,Midwest,CA,Standard
ST-00328,Dollar Tree #328,2021-05-18,10616,7965.7,33508,Medium,Northeast,IL,Plus
ST-00329,Dollar Tree #329,2004-12-27,9262,11160.7,49226,Low,West,GA,Plus
ST-00330,Dollar Tree #330,2012-11-18,8717,4729.4,28343,High,Mid-Atlantic,FL,Plus
ST-00331,Dollar Tree #331,2023-06-02,6800,5357.6,19963,Medium,West,IA,Plus
ST-00332,Dollar Tree #332,2019-07-25,8673,549.6,45825,Medium,Southwest,GA,Standard
ST-00333,Dollar Tree #333,2017-07-14,7521,8220.4,96595,Medium,Northeast,IA,Plus
ST-00334,Dollar Tree #334,2009-04-23,6602,1168.0,30214,Medium,Mid-Atlantic,MS,Combo
ST-00335,Dollar Tree #335,2004-12-13,8594,4456.3,21995,Low,Midwest,IN,Standard
ST-00336,Dollar Tree #336,2024-05-04,7085,1230.1,66489,Medium,West,SC,Plus
ST-00337,Dollar Tree #337,2013-02-01,6734,4376.2,22198,Medium,West,MS,Standard
ST-00338,Dollar Tree #338,2012-01-10,9389,4776.0,21101,High,West,NV,Standard
ST-00339,Dollar Tree #339,2018-09-06,11614,4692.6,28198,Medium,Midwest,NC,Plus
ST-00340,Dollar Tree #340,2004-02-06,9560,3456.4,49289,Medium,Northeast,NJ,Standard
ST-00341,Dollar Tree #341,2007-12-21,10061,7206.9,35630,Medium,Northeast,PA,Standard
ST-00342,Dollar Tree #342,2000-07-11,12894,7518.3,53193,Medium,Midwest,TN,Combo
ST-00343,Dollar Tree #343,2019-03-10,8626,7317.9,36326,Medium,Midwest,OH,Plus
ST-00344,Dollar Tree #344,2010-05-24,11693,7668.2,85481,Low,Midwest,AZ,Standard
ST-00345,Dollar Tree #345,2012-06-04,13635,6853.4,87624,Medium,Southeast,OK,Plus
ST-00346,Dollar Tree #346,2000-12-15,13724,8558.7,67469,Medium,Mid-Atlantic,FL,Plus
ST-00347,Dollar Tree #347,2021-08-05,11188,3773.4,43119,High,Southeast,OR,Plus
ST-00348,Dollar Tree #348,2012-02-15,10898,5855.0,62534,Medium,West,NM,Combo
ST-00349,Dollar Tree #349,2013-09-02,12477,11627.5,80373,Medium,Mid-Atlantic,NM,Standard
ST-00350,Dollar Tree #350,2003-04-22,11445,4389.1,94803,Medium,Northeast,AL,Combo
ST-00351,Dollar Tree #351,2021-11-13,13920,9081.7,66420,Low,Northeast,NY,Standard
ST-00352,Dollar Tree #352,2007-09-24,10249,6784.3,85397,Low,Southwest,NJ,Plus
ST-00353,Dollar Tree #353,2014-11-19,11656,6105.5,55215,Low,Southwest,NY,Standard
ST-00354,Dollar Tree #354,2013-02-04,12810,11300.0,28569,Medium,Midwest,VA,Plus
ST-00355,Dollar Tree #355,2006-09-16,8853,5818.7,67431,High,Mid-Atlantic,IN,Standard
ST-00356,Dollar Tree #356,2002-05-02,12637,8587.2,12960,Medium,Mid-Atlantic,NY,Combo
ST-00357,Dollar Tree #357,2005-12-08,10227,2258.5,30989,Medium,West,TN,Plus
ST-00358,Dollar Tree #358,2007-07-21,7511,2399.4,96154,Medium,Southwest,TX,Combo
ST-00359,Dollar Tree #359,2019-04-15,10851,5268.7,10583,High,Southeast,IL,Standard
ST-00360,Dollar Tree #360,2024-12-26,12520,938.3,23336,Medium,Southeast,NJ,Standard
ST-00361,Dollar Tree #361,2006-08-04,8149,8114.3,74157,Medium,Mid-Atlantic,VA,Plus
ST-00362,Dollar Tree #362,2012-10-13,10808,1547.9,56135,Medium,West,OH,Combo
ST-00363,Dollar Tree #363,2022-05-20,10834,1200.1,27556,Medium,Northeast,GA,Standard
ST-00364,Dollar Tree #364,2003-03-12,11680,1868.0,60916,Medium,West,PA,Plus
ST-00365,Dollar Tree #365,2012-07-06,9986,7698.9,94575,Low,West,OH,Plus
ST-00366,Dollar Tree #366,2009-03-06,8577,10135.4,91187,Low,Midwest,TX,Plus
ST-00367,Dollar Tree #367,2004-04-27,9145,11573.2,76248,High,Southwest,TN,Combo
ST-00368,Dollar Tree #368,2015-07-23,12880,5437.5,31922,Low,West,TX,Standard
ST-00369,Dollar Tree #369,2009-01-09,7841,6543.8,32047,Medium,West,CT,Plus
ST-00370,Dollar Tree #370,2017-09-04,10691,1547.6,81186,Medium,West,AR,Standard
ST-00371,Dollar Tree #371,2024-12-15,10475,2778.8,65725,Low,Mid-Atlantic,AR,Combo
ST-00372,Dollar Tree #372,2024-04-10,13166,11991.9,68947,Medium,Midwest,KS,Standard
ST-00373,Dollar Tree #373,2014-02-25,12650,2996.0,87060,High,Midwest,KS,Combo
ST-00374,Dollar Tree #374,2019-11-14,7359,7470.6,37082,Low,Northeast,AL,Standard
ST-00375,Dollar Tree #375,2017-05-20,10413,2186.9,48356,Medium,West,NC,Plus
ST-00376,Dollar Tree #376,2021-02-05,13887,9051.1,63948,Low,Midwest,KS,Combo
ST-00377,Dollar Tree #377,2004-12-28,7087,3146.2,52217,Low,Mid-Atlantic,AZ,Plus
ST-00378,Dollar Tree #378,2004-10-21,8201,7608.2,59174,Medium,Northeast,KY,Standard
ST-00379,Dollar Tree #379,2012-09-24,8279,8397.5,58374,Medium,Southwest,VA,Plus
ST-00380,Dollar Tree #380,2000-12-03,11987,11671.4,93209,High,Mid-Atlantic,NJ,Standard
ST-00381,Dollar Tree #381,2017-07-07,13930,5269.8,37767,Medium,Midwest,VA,Standard
ST-00382,Dollar Tree #382,2010-09-19,7069,6880.5,73614,Medium,Mid-Atlantic,IA,Standard
ST-00383,Dollar Tree #383,2001-02-21,12421,10073.1,12134,Low,Southeast,IN,Plus
ST-00384,Dollar Tree #384,2000-07-07,11640,10931.0,95196,Medium,Southeast,KS,Standard
ST-00385,Dollar Tree #385,2002-11-12,8051,1172.6,97098,High,Southeast,CA,Plus
ST-00386,Dollar Tree #386,2020-05-24,11729,9111.7,66260,High,Northeast,OR,Standard
ST-00387,Dollar Tree #387,2000-04-16,6638,1765.9,39647,Medium,Mid-Atlantic,IN,Standard
ST-00388,Dollar Tree #388,2000-12-11,12693,1623.0,65353,High,Southeast,MO,Standard
ST-00389,Dollar Tree #389,2007-07-03,11986,9710.3,23526,Medium,Midwest,NV,Standard
ST-00390,Dollar Tree #390,2004-07-25,12663,9087.3,27451,High,Mid-Atlantic,PA,Standard
ST-00391,Dollar Tree #391,2016-10-01,10999,7870.2,67684,Medium,Mid-Atlantic,IL,Combo
ST-00392,Dollar Tree #392,2023-03-14,11046,8301.5,38474,Low,Northeast,PA,Standard
ST-00393,Dollar Tree #393,2018-12-13,8879,11566.3,51222,Low,Southeast,NC,Combo
ST-00394,Dollar Tree #394,2002-04-18,10923,7280.1,89638,Medium,Mid-Atlantic,TX,Combo
ST-00395,Dollar Tree #395,2009-04-17,10971,6212.4,61347,Medium,Mid-Atlantic,CA,Standard
ST-00396,Dollar Tree #396,2015-07-04,7974,6095.1,87847,Low,West,NV,Standard
ST-00397,Dollar Tree #397,2011-06-05,9168,10357.6,84498,Medium,Midwest,SC,Combo
ST-00398,Dollar Tree #398,2005-08-25,6597,396.9,18851,Low,Midwest,IL,Standard
ST-00399,Dollar Tree #399,2001-07-17,8346,7617.1,75673,Medium,Southwest,OR,Plus
ST-00400,Dollar Tree #400,2002-11-18,10404,7469.4,46368,Low,Midwest,FL,Plus
ST-00401,Dollar Tree #401,2006-03-18,8676,4810.6,93138,High,Mid-Atlantic,KY,Standard
ST-00402,Dollar Tree #402,2009-12-14,11979,11450.5,41278,Low,Southeast,FL,Plus
ST-00403,Dollar Tree #403,2003-08-20,10987,849.3,97304,High,Mid-Atlantic,CT,Standard
ST-00404,Dollar Tree #404,2003-01-23,7124,8477.7,31473,Medium,Midwest,WI,Plus
ST-00405,Dollar Tree #405,2023-05-06,9046,1697.8,45227,High,Northeast,IA,Standard
ST-00406,Dollar Tree #406,2010-07-09,10291,953.7,85582,High,Northeast,MO,Plus
ST-00407,Dollar Tree #407,2016-06-02,10092,10340.4,31873,Medium,Southeast,NC,Standard
ST-00408,Dollar Tree #408,2018-11-24,6944,2895.2,76692,Low,Northeast,KS,Standard
ST-00409,Dollar Tree #409,2007-01-16,8981,4719.2,29671,Low,Northeast,SC,Combo
ST-00410,Dollar Tree #410,2023-11-14,7839,3997.3,64559,High,Midwest,NC,Standard
ST-00411,Dollar Tree #411,2018-06-04,10112,8145.2,16903,Low,Southeast,MS,Plus
ST-00412,Dollar Tree #412,2001-07-03,13184,5688.1,47002,Medium,Midwest,FL,Plus
ST-00413,Dollar Tree #413,2014-01-12,7643,3640.8,49834,High,West,GA,Plus
ST-00414,Dollar Tree #414,2011-10-16,12329,9355.5,81638,Low,Southeast,TX,Plus
ST-00415,Dollar Tree #415,2000-04-18,8837,7704.1,11257,Medium,Northeast,IA,Combo
ST-00416,Dollar Tree #416,2012-12-24,8519,1426.6,79443,Low,Southwest,MO,Standard
ST-00417,Dollar Tree #417,2004-12-09,6762,718.0,40339,Medium,Southwest,OR,Standard
ST-00418,Dollar Tree #418,2014-12-03,10757,1327.8,27499,High,Southwest,FL,Plus
ST-00419,Dollar Tree #419,2018-01-14,11426,11577.8,41034,Medium,Midwest,KS,Standard
ST-00420,Dollar Tree #420,2012-12-27,12024,4049.8,69343,Medium,Southeast,FL,Standard
ST-00421,Dollar Tree #421,2004-10-04,7273,1446.8,68925,Medium,Midwest,TN,Standard
ST-00422,Dollar Tree #422,2017-06-25,7700,5532.6,70731,Medium,Northeast,FL,Standard
ST-00423,Dollar Tree #423,2021-05-27,11772,8423.2,15286,Low,Midwest,PA,Standard
ST-00424,Dollar Tree #424,2022-04-12,9246,6258.8,98759,Medium,Midwest,AR,Standard
ST-00425,Dollar Tree #425,2000-07-28,9704,6760.3,82105,Low,Northeast,IN,Standard
ST-00426,Dollar Tree #426,2004-02-01,6505,9998.4,39135,Low,Southeast,AR,Plus
ST-00427,Dollar Tree #427,2011-11-21,13680,7807.3,86326,Medium,Midwest,NM,Standard
ST-00428,Dollar Tree #428,2000-02-07,13393,7822.6,26880,Low,Midwest,NY,Standard
ST-00429,Dollar Tree #429,2014-01-06,13570,6971.8,61773,Medium,Northeast,AZ,Combo
ST-00430,Dollar Tree #430,2013-03-12,7758,10918.0,46042,Medium,Southwest,NV,Standard
ST-00431,Dollar Tree #431,2001-10-20,11054,3100.3,48680,Medium,Southwest,NV,Plus
ST-00432,Dollar Tree #432,2015-01-03,8291,4719.6,64949,Low,Mid-Atlantic,NV,Plus
ST-00433,Dollar Tree #433,2007-11-26,10453,9579.2,60134,High,Midwest,MO,Plus
ST-00434,Dollar Tree #434,2015-06-19,10115,3994.9,45446,Low,Northeast,VA,Plus
ST-00435,Dollar Tree #435,2007-01-26,12377,3515.0,71824,Medium,Midwest,IA,Plus
ST-00436,Dollar Tree #436,2007-03-04,8030,7951.0,44934,Medium,Mid-Atlantic,CA,Standard
ST-00437,Dollar Tree #437,2018-07-12,13661,10102.8,32768,Low,Southeast,AL,Standard
ST-00438,Dollar Tree #438,2023-12-12,13487,7180.4,56095,Medium,West,PA,Plus
ST-00439,Dollar Tree #439,2006-08-18,8531,2271.6,14975,Low,Northeast,GA,Plus
ST-00440,Dollar Tree #440,2007-01-17,9915,208.1,90495,Low,Southeast,VA,Combo
ST-00441,Dollar Tree #441,2005-06-02,6179,1943.0,28566,Low,West,KS,Standard
ST-00442,Dollar Tree #442,2002-06-23,13716,8013.2,86810,Low,Midwest,MI,Standard
ST-00443,Dollar Tree #443,2004-03-24,13771,5355.0,93789,Medium,Mid-Atlantic,VA,Standard
ST-00444,Dollar Tree #444,2022-09-23,13287,11160.4,56769,Low,Mid-Atlantic,AL,Standard
ST-00445,Dollar Tree #445,2012-05-24,11640,3675.3,33292,High,Northeast,OR,Plus
ST-00446,Dollar Tree #446,2012-10-02,7491,7308.2,90134,Low,Mid-Atlantic,AL,Standard
ST-00447,Dollar Tree #447,2015-03-11,12105,1118.1,55457,Medium,Southeast,KY,Standard
ST-00448,Dollar Tree #448,2022-11-21,11974,10662.5,68540,Low,Midwest,IL,Standard
ST-00449,Dollar Tree #449,2022-02-12,8102,9486.8,10167,Low,Southwest,IN,Combo
ST-00450,Dollar Tree #450,2013-03-14,10039,10604.9,56036,Medium,Southwest,NY,Plus
ST-00451,Dollar Tree #451,2018-11-25,11629,2861.9,69151,Low,Northeast,MI,Standard
ST-00452,Dollar Tree #452,2010-05-04,6607,4233.3,59212,Low,Mid-Atlantic,FL,Plus
ST-00453,Dollar Tree #453,2002-06-20,11026,10740.1,14062,Medium,Mid-Atlantic,OH,Plus
ST-00454,Dollar Tree #454,2013-03-02,6829,4106.9,34901,Medium,Mid-Atlantic,SC,Combo
ST-00455,Dollar Tree #455,2023-09-09,11411,3522.0,41135,Low,Northeast,AZ,Plus
ST-00456,Dollar Tree #456,2017-08-05,6446,4457.8,66047,Low,Midwest,AR,Combo
ST-00457,Dollar Tree #457,2020-10-16,7635,1344.4,37125,Low,Mid-Atlantic,MI,Standard
ST-00458,Dollar Tree #458,2015-02-10,12429,4890.1,74106,High,Midwest,FL,Combo
ST-00459,Dollar Tree #459,2017-07-06,9039,10648.8,58418,Low,Southwest,CA,Standard
ST-00460,Dollar Tree #460,2014-08-09,7853,10077.5,83956,Low,Southeast,IA,Combo
ST-00461,Dollar Tree #461,2021-02-03,11473,4256.7,80968,Medium,West,GA,Plus
ST-00462,Dollar Tree #462,2001-07-27,10280,5139.9,80190,High,Southwest,AL,Standard
ST-00463,Dollar Tree #463,2015-05-03,9234,10852.8,14551,Medium,West,NV,Plus
ST-00464,Dollar Tree #464,2018-11-20,7207,1619.3,68856,Low,Southeast,IL,Standard
ST-00465,Dollar Tree #465,2004-01-14,6641,11861.7,67067,Low,Mid-Atlantic,PA,Plus
ST-00466,Dollar Tree #466,2008-06-24,13488,9726.7,21406,Medium,West,AZ,Plus
ST-00467,Dollar Tree #467,2010-05-17,9753,11022.5,11620,High,West,AL,Plus
ST-00468,Dollar Tree #468,2013-02-14,7225,1948.8,87061,Medium,Northeast,NM,Standard
ST-00469,Dollar Tree #469,2018-02-26,8343,10436.2,55071,Medium,Midwest,AZ,Combo
ST-00470,Dollar Tree #470,2015-10-20,9875,642.1,46099,Medium,Southeast,CO,Plus
ST-00471,Dollar Tree #471,2021-12-13,6317,4870.4,53449,High,Southeast,CA,Combo
ST-00472,Dollar Tree #472,2015-05-12,6165,4186.8,49722,Medium,Midwest,AR,Plus
ST-00473,Dollar Tree #473,2022-11-04,13966,10453.0,27614,Medium,Mid-Atlantic,IN,Standard
ST-00474,Dollar Tree #474,2008-12-14,10955,7817.5,34633,Medium,Southeast,NM,Plus
ST-00475,Dollar Tree #475,2023-08-25,10231,10432.8,17367,Medium,Southeast,FL,Standard
ST-00476,Dollar Tree #476,2022-09-13,7111,9410.1,78719,Medium,Northeast,OH,Standard
ST-00477,Dollar Tree #477,2006-01-08,6270,5586.1,57235,High,Southeast,NC,Standard
ST-00478,Dollar Tree #478,2014-09-13,11205,11092.3,99282,Low,Southeast,NJ,Plus
ST-00479,Dollar Tree #479,2019-08-06,13868,10471.7,86923,Medium,Midwest,NJ,Standard
ST-00480,Dollar Tree #480,2008-12-27,11643,1266.6,13597,Medium,Northeast,OH,Plus
ST-00481,Dollar Tree #481,2024-04-28,7813,7839.1,98826,Low,Midwest,KY,Plus
ST-00482,Dollar Tree #482,2016-01-28,12392,11612.2,99417,Low,Southwest,NM,Standard
ST-00483,Dollar Tree #483,2020-03-20,12560,299.9,43081,Medium,Midwest,OR,Combo
ST-00484,Dollar Tree #484,2020-05-14,13335,4642.4,55706,Medium,Midwest,IL,Plus
ST-00485,Dollar Tree #485,2009-11-17,12752,7558.6,86609,Low,Northeast,WI,Combo
ST-00486,Dollar Tree #486,2011-09-21,10864,7386.8,49121,High,Northeast,MO,Standard
ST-00487,Dollar Tree #487,2010-05-21,8663,10365.6,44229,High,Mid-Atlantic,NV,Combo
ST-00488,Dollar Tree #488,2009-04-05,10237,9232.6,17441,Medium,Southwest,OK,Standard
ST-00489,Dollar Tree #489,2021-03-24,6208,7933.7,48745,Medium,Southwest,AZ,Plus
ST-00490,Dollar Tree #490,2023-01-19,11800,11938.1,34892,Medium,Mid-Atlantic,OR,Standard
ST-00491,Dollar Tree #491,2021-09-21,12429,5813.7,98063,Medium,West,MI,Standard
ST-00492,Dollar Tree #492,2021-09-06,8406,1351.7,26769,High,Midwest,CT,Plus
ST-00493,Dollar Tree #493,2024-03-22,13369,4160.5,21704,Low,Midwest,GA,Combo
ST-00494,Dollar Tree #494,2009-07-26,13265,4109.5,44152,Medium,Midwest,IN,Standard
ST-00495,Dollar Tree #495,2015-01-28,11196,7086.2,91350,Low,Southwest,NV,Standard
ST-00496,Dollar Tree #496,2016-02-28,11576,4703.7,49106,Medium,Northeast,KS,Standard
ST-00497,Dollar Tree #497,2004-04-11,9352,11848.9,69974,Low,Midwest,KS,Combo
ST-00498,Dollar Tree #498,2005-02-16,8724,7646.2,33176,Medium,Mid-Atlantic,CA,Standard
ST-00499,Dollar Tree #499,2014-05-07,12235,9327.8,85534,Low,Southwest,MS,Standard
ST-00500,Dollar Tree #500,2004-10-14,11189,5267.0,66233,Medium,Southwest,TX,Standard
ST-00501,Dollar Tree #501,2017-04-24,9056,11410.8,52233,Medium,Southeast,TX,Combo
ST-00502,Dollar Tree #502,2000-11-24,8038,2869.9,55134,Medium,Southeast,NY,Plus
ST-00503,Dollar Tree #503,2016-10-10,7368,970.4,15992,Medium,Midwest,IN,Combo
ST-00504,Dollar Tree #504,2016-10-17,8767,5317.2,27536,Medium,Southwest,NJ,Standard
ST-00505,Dollar Tree #505,2005-07-01,7871,2847.0,27197,Low,Mid-Atlantic,TX,Plus
ST-00506,Dollar Tree #506,2016-03-04,9003,8591.1,14897,Medium,Mid-Atlantic,NC,Plus
ST-00507,Dollar Tree #507,2019-01-20,6392,8011.2,95664,Low,Northeast,OR,Standard
ST-00508,Dollar Tree #508,2013-08-13,7012,6657.9,72180,High,Southeast,IL,Combo
ST-00509,Dollar Tree #509,2021-11-01,8466,5166.3,23235,High,West,NC,Plus
ST-00510,Dollar Tree #510,2019-12-05,9431,10001.7,23751,Medium,Mid-Atlantic,CO,Standard
ST-00511,Dollar Tree #511,2009-02-26,6870,6073.3,89823,Low,Midwest,AR,Plus
ST-00512,Dollar Tree #512,2006-06-23,9356,3685.1,15164,Medium,Southwest,NM,Standard
ST-00513,Dollar Tree #513,2022-08-11,7921,232.3,98032,Low,Northeast,AR,Plus
ST-00514,Dollar Tree #514,2021-08-05,13777,1263.0,77070,Low,Mid-Atlantic,CT,Standard
ST-00515,Dollar Tree #515,2008-11-08,9741,11866.3,48800,Medium,Southwest,CA,Standard
ST-00516,Dollar Tree #516,2005-01-28,8380,4450.5,98705,Medium,Southwest,CT,Standard
ST-00517,Dollar Tree #517,2003-01-01,12979,1833.1,94829,Low,Midwest,NJ,Plus
ST-00518,Dollar Tree #518,2019-05-24,6761,4596.9,54921,Low,Northeast,AZ,Plus
ST-00519,Dollar Tree #519,2014-05-27,9159,8340.8,72684,Medium,Mid-Atlantic,NV,Standard
ST-00520,Dollar Tree #520,2003-03-23,11950,892.0,30892,Low,Southwest,NM,Plus
ST-00521,Dollar Tree #521,2015-10-22,9589,2338.9,59774,Medium,West,TX,Combo
ST-00522,Dollar Tree #522,2023-03-16,13539,5959.8,63907,Medium,Northeast,FL,Standard
ST-00523,Dollar Tree #523,2020-06-01,11771,10446.3,78788,High,West,CT,Plus
ST-00524,Dollar Tree #524,2007-11-28,8771,6325.4,91033,Low,Southwest,OK,Combo
ST-00525,Dollar Tree #525,2007-08-12,11437,8180.3,60446,Low,West,NV,Plus
ST-00526,Dollar Tree #526,2001-01-21,13654,2051.7,71510,Medium,Southeast,FL,Plus
ST-00527,Dollar Tree #527,2010-04-11,13947,3482.3,76444,Low,West,KY,Plus
ST-00528,Dollar Tree #528,2012-04-03,9760,5441.4,85108,Medium,Northeast,KS,Plus
ST-00529,Dollar Tree #529,2014-06-04,10074,8993.8,12329,Low,Southwest,TN,Standard
ST-00530,Dollar Tree #530,2017-09-01,12765,1272.6,89194,Medium,Mid-Atlantic,MI,Plus
ST-00531,Dollar Tree #531,2017-04-21,11500,5583.3,54676,Medium,Northeast,AR,Standard
ST-00532,Dollar Tree #532,2014-06-18,12286,7513.1,72014,High,Mid-Atlantic,NJ,Combo
ST-00533,Dollar Tree #533,2014-02-04,12220,7975.1,10287,Medium,Midwest,AR,Combo
ST-00534,Dollar Tree #534,2009-09-17,9062,8484.7,16000,Low,Southwest,PA,Combo
ST-00535,Dollar Tree #535,2023-12-14,6876,3200.6,35679,Low,Northeast,NM,Plus
ST-00536,Dollar Tree #536,2006-08-27,12401,2448.8,54293,Low,Southwest,CA,Combo
ST-00537,Dollar Tree #537,2021-10-04,12325,10722.7,69950,High,West,WI,Standard
ST-00538,Dollar Tree #538,2015-01-17,12031,773.1,66729,Medium,Southwest,NM,Plus
ST-00539,Dollar Tree #539,2024-03-23,10739,2249.1,26827,Low,Southwest,OK,Plus
ST-00540,Dollar Tree #540,2019-06-17,13220,4739.0,89822,High,Southeast,NC,Plus
ST-00541,Dollar Tree #541,2010-05-15,12592,1773.8,64099,Medium,Mid-Atlantic,NV,Combo
ST-00542,Dollar Tree #542,2016-05-27,11746,6664.1,51144,High,Mid-Atlantic,NM,Plus
ST-00543,Dollar Tree #543,2020-04-07,7717,7565.2,48086,High,Midwest,NM,Combo
ST-00544,Dollar Tree #544,2004-12-21,13988,11508.3,76046,Medium,Mid-Atlantic,KY,Standard
ST-00545,Dollar Tree #545,2022-02-25,8885,6834.9,86389,Medium,Mid-Atlantic,OR,Plus
ST-00546,Dollar Tree #546,2021-12-27,10373,3574.0,65363,Low,West,NY,Standard
ST-00547,Dollar Tree #547,2012-03-02,11490,867.9,44993,Low,Midwest,OK,Standard
ST-00548,Dollar Tree #548,2004-01-23,12425,3682.7,80932,Low,Midwest,AR,Plus
ST-00549,Dollar Tree #549,2003-10-28,11533,8926.0,39400,High,Mid-Atlantic,SC,Plus
ST-00550,Dollar Tree #550,2007-09-26,12527,9626.1,47701,High,Mid-Atlantic,CA,Plus
ST-00551,Dollar Tree #551,2012-07-26,13993,8284.8,82368,Low,Northeast,CT,Standard
ST-00552,Dollar Tree #552,2006-10-28,12397,10353.2,68073,Low,Mid-Atlantic,OR,Combo
ST-00553,Dollar Tree #553,2020-06-25,10820,6650.1,89087,Low,Mid-Atlantic,IL,Standard
ST-00554,Dollar Tree #554,2014-03-22,6610,2406.3,32779,High,West,NY,Plus
ST-00555,Dollar Tree #555,2001-07-09,10559,3318.0,31093,Medium,Midwest,TX,Standard
ST-00556,Dollar Tree #556,2014-12-05,6327,2013.7,52287,Medium,Northeast,IA,Combo
ST-00557,Dollar Tree #557,2019-11-10,10018,9520.9,82110,Medium,Northeast,MS,Combo
ST-00558,Dollar Tree #558,2010-09-08,13839,2369.7,18936,Medium,Southeast,TN,Plus
ST-00559,Dollar Tree #559,2017-07-03,8862,2810.1,37964,High,Midwest,VA,Standard
ST-00560,Dollar Tree #560,2009-04-25,11064,6459.9,83575,High,Northeast,NY,Combo
ST-00561,Dollar Tree #561,2011-08-08,13409,7778.7,91412,Low,Northeast,OK,Standard
ST-00562,Dollar Tree #562,2012-02-13,8101,6574.8,47070,Low,West,AR,Standard
ST-00563,Dollar Tree #563,2016-09-15,9987,717.4,95397,Low,Midwest,WI,Standard
ST-00564,Dollar Tree #564,2003-03-25,10407,6491.8,92173,Low,Southeast,OK,Combo
ST-00565,Dollar Tree #565,2024-04-28,11614,5205.7,23621,Low,West,AR,Combo
ST-00566,Dollar Tree #566,2023-07-21,12690,11289.1,99921,Low,Northeast,IN,Combo
ST-00567,Dollar Tree #567,2010-01-03,6600,840.4,43018,Medium,Northeast,AL,Standard
ST-00568,Dollar Tree #568,2008-07-13,9695,7636.6,66757,Medium,Northeast,AZ,Combo
ST-00569,Dollar Tree #569,2003-09-01,11254,8699.4,18288,High,West,CA,Combo
ST-00570,Dollar Tree #570,2002-06-17,6869,3620.1,99899,Medium,West,FL,Standard
ST-00571,Dollar Tree #571,2024-08-13,9236,9901.0,14039,Medium,Southeast,SC,Standard
ST-00572,Dollar Tree #572,2004-12-13,12527,9610.3,81529,Medium,Mid-Atlantic,PA,Standard
ST-00573,Dollar Tree #573,2021-12-21,9056,11497.2,11461,Medium,West,PA,Standard
ST-00574,Dollar Tree #574,2001-01-19,10887,4850.2,81765,Low,Midwest,IL,Combo
ST-00575,Dollar Tree #575,2023-12-12,7734,5069.3,94663,Medium,Southeast,OH,Standard
ST-00576,Dollar Tree #576,2007-10-27,8070,2493.0,33770,High,West,KS,Standard
ST-00577,Dollar Tree #577,2024-09-15,11281,6686.0,48096,High,Northeast,NC,Standard
ST-00578,Dollar Tree #578,2006-12-19,9991,11428.2,56810,Low,Mid-Atlantic,KY,Standard
ST-00579,Dollar Tree #579,2003-05-20,6571,10821.4,51652,Medium,Southwest,VA,Plus
ST-00580,Dollar Tree #580,2021-05-23,10785,1998.3,84299,Medium,Midwest,TN,Standard
ST-00581,Dollar Tree #581,2000-06-08,12436,2814.0,93995,Medium,Midwest,AR,Standard
ST-00582,Dollar Tree #582,2004-11-24,8716,10559.1,70666,Medium,Midwest,IA,Standard
ST-00583,Dollar Tree #583,2015-09-04,7439,7817.5,20744,Medium,Southeast,NV,Plus
ST-00584,Dollar Tree #584,2006-05-24,13260,7594.1,19882,Low,West,KY,Standard
ST-00585,Dollar Tree #585,2018-10-13,12301,7162.4,14804,Medium,Midwest,SC,Plus
ST-00586,Dollar Tree #586,2015-11-25,7217,4516.7,39269,Medium,Mid-Atlantic,KS,Standard
ST-00587,Dollar Tree #587,2004-08-17,10181,1268.5,57692,Medium,Northeast,OK,Standard
ST-00588,Dollar Tree #588,2019-11-06,12203,6266.8,68487,Low,Southeast,AL,Plus
ST-00589,Dollar Tree #589,2021-03-24,11996,5905.3,57028,Low,Southeast,IA,Plus
ST-00590,Dollar Tree #590,2007-02-09,9026,2961.4,97632,Low,West,NM,Standard
ST-00591,Dollar Tree #591,2012-08-15,13221,748.0,95003,Medium,Northeast,OR,Plus
ST-00592,Dollar Tree #592,2020-05-27,12077,3307.1,81349,Medium,Southeast,AZ,Combo
ST-00593,Dollar Tree #593,2012-06-19,11352,10799.1,20202,Medium,Midwest,AZ,Standard
ST-00594,Dollar Tree #594,2016-07-12,12694,10439.1,73813,Medium,West,TX,Plus
ST-00595,Dollar Tree #595,2004-08-06,7884,1109.6,94341,Medium,Southeast,PA,Standard
ST-00596,Dollar Tree #596,2005-06-20,11876,9840.1,96652,Low,Southwest,MS,Standard
ST-00597,Dollar Tree #597,2023-02-16,11531,5850.0,37617,Medium,Southeast,KY,Plus
ST-00598,Dollar Tree #598,2000-04-02,7047,6967.1,31119,Low,Mid-Atlantic,WI,Standard
ST-00599,Dollar Tree #599,2018-03-02,7362,3247.5,33597,Medium,Southwest,CO,Plus
ST-00600,Dollar Tree #600,2020-01-24,11963,8008.6,47152,Low,Southeast,IN,Plus
ST-00601,Dollar Tree #601,2015-08-06,7797,9998.3,88753,Low,West,AR,Standard
ST-00602,Dollar Tree #602,2019-11-17,8166,2179.1,99861,Medium,Southwest,CO,Plus
ST-00603,Dollar Tree #603,2002-04-13,9157,1760.1,12170,Low,West,KS,Plus
ST-00604,Dollar Tree #604,2021-07-27,7225,7345.0,33255,Medium,West,CO,Standard
ST-00605,Dollar Tree #605,2017-09-25,6962,1299.6,96427,Low,West,SC,Standard
ST-00606,Dollar Tree #606,2024-11-21,9534,6360.1,58546,Low,Mid-Atlantic,WI,Plus
ST-00607,Dollar Tree #607,2007-08-26,12296,4698.6,87207,High,Mid-Atlantic,AL,Standard
ST-00608,Dollar Tree #608,2013-03-09,9908,9237.1,20986,Medium,West,NV,Plus
ST-00609,Dollar Tree #609,2013-05-07,6044,8568.0,10932,Medium,West,NY,Plus
ST-00610,Dollar Tree #610,2000-07-21,7682,8315.6,51405,Medium,Midwest,NY,Standard
ST-00611,Dollar Tree #611,2013-11-19,8077,3283.4,80268,Medium,West,NJ,Plus
ST-00612,Dollar Tree #612,2008-11-13,12184,2603.6,82365,Medium,Southwest,OH,Standard
ST-00613,Dollar Tree #613,2017-09-16,8078,11864.4,85713,Medium,Mid-Atlantic,AZ,Combo
ST-00614,Dollar Tree #614,2004-11-04,12126,2911.3,31206,Low,Southeast,WI,Plus
ST-00615,Dollar Tree #615,2010-09-20,11710,8277.9,16822,Low,Southwest,KY,Standard
ST-00616,Dollar Tree #616,2002-03-16,13584,7282.9,21552,Low,Midwest,GA,Standard
ST-00617,Dollar Tree #617,2002-10-02,11935,4735.0,62513,Medium,Mid-Atlantic,WI,Standard
ST-00618,Dollar Tree #618,2022-10-02,13747,9328.6,32973,High,Southwest,IN,Standard
ST-00619,Dollar Tree #619,2006-11-26,10244,3574.9,14405,Medium,West,WI,Combo
ST-00620,Dollar Tree #620,2007-10-06,11521,625.5,41359,High,Northeast,OH,Standard
ST-00621,Dollar Tree #621,2008-07-12,11485,4862.7,86818,Low,West,TX,Combo
ST-00622,Dollar Tree #622,2022-02-03,10502,3557.0,83284,Medium,Midwest,NJ,Standard
ST-00623,Dollar Tree #623,2007-10-07,9725,11170.6,85354,Low,Midwest,OH,Plus
ST-00624,Dollar Tree #624,2016-02-18,6592,6137.4,54560,Low,West,NC,Plus
ST-00625,Dollar Tree #625,2018-05-23,9627,11599.5,83815,Medium,Southeast,IA,Standard
ST-00626,Dollar Tree #626,2024-08-22,9774,10779.0,13584,Medium,Northeast,NC,Standard
ST-00627,Dollar Tree #627,2012-11-26,7805,8187.6,40137,Medium,Southwest,NJ,Plus
ST-00628,Dollar Tree #628,2017-01-23,12817,3307.5,47655,Low,Southwest,OK,Combo
ST-00629,Dollar Tree #629,2010-02-18,13629,2306.1,51139,Medium,Southeast,NV,Plus
ST-00630,Dollar Tree #630,2008-03-24,11596,11177.0,34925,Medium,Mid-Atlantic,IL,Standard
ST-00631,Dollar Tree #631,2023-04-28,8174,2640.0,36577,Low,West,NJ,Standard
ST-00632,Dollar Tree #632,2024-02-04,13538,1126.2,96956,Medium,West,TX,Plus
ST-00633,Dollar Tree #633,2001-08-12,11084,3921.9,85303,Medium,Southwest,OH,Plus
ST-00634,Dollar Tree #634,2008-07-08,12145,7004.6,17097,Medium,Southwest,MO,Plus
ST-00635,Dollar Tree #635,2001-09-12,9225,10352.7,32911,Medium,Northeast,OR,Plus
ST-00636,Dollar Tree #636,2014-06-23,6068,339.5,37623,Medium,West,NY,Standard
ST-00637,Dollar Tree #637,2011-10-28,8127,2408.4,44452,Low,Midwest,MO,Plus
ST-00638,Dollar Tree #638,2010-06-06,10085,5202.5,64931,High,Midwest,NJ,Plus
ST-00639,Dollar Tree #639,2008-08-06,10680,1747.4,85483,High,Southeast,AR,Standard
ST-00640,Dollar Tree #640,2023-05-26,7931,6753.0,59923,Low,Southeast,MS,Combo
ST-00641,Dollar Tree #641,2004-08-26,6079,2284.0,75483,Low,Mid-Atlantic,WI,Plus
ST-00642,Dollar Tree #642,2023-06-26,9986,3740.4,83680,Medium,Northeast,AZ,Standard
ST-00643,Dollar Tree #643,2022-03-02,7765,9803.1,72460,High,Northeast,IN,Combo
ST-00644,Dollar Tree #644,2010-05-12,8951,6812.1,43779,Medium,Northeast,TN,Standard
ST-00645,Dollar Tree #645,2011-11-20,7629,7006.9,95179,High,West,OH,Standard
ST-00646,Dollar Tree #646,2011-06-22,10181,5952.4,68580,Low,Southwest,CO,Standard
ST-00647,Dollar Tree #647,2014-11-05,13112,2177.4,54222,Medium,Mid-Atlantic,CO,Plus
ST-00648,Dollar Tree #648,2012-02-03,7327,4254.8,51088,Medium,Mid-Atlantic,MI,Combo
ST-00649,Dollar Tree #649,2008-10-21,9239,3400.7,68313,Medium,Mid-Atlantic,AL,Plus
ST-00650,Dollar Tree #650,2014-07-06,7506,10279.7,26389,High,Southeast,OK,Standard
ST-00651,Dollar Tree #651,2023-12-24,6655,2684.7,62041,Low,Northeast,FL,Plus
ST-00652,Dollar Tree #652,2017-01-01,12315,4884.7,20911,Low,Midwest,CO,Standard
ST-00653,Dollar Tree #653,2002-11-13,8534,2906.4,47247,Medium,Mid-Atlantic,PA,Standard
ST-00654,Dollar Tree #654,2016-03-01,6287,8029.9,52624,Medium,Southwest,KS,Plus
ST-00655,Dollar Tree #655,2008-09-15,7106,11640.6,80685,Low,West,CO,Plus
ST-00656,Dollar Tree #656,2020-12-21,13186,6855.0,78610,High,Mid-Atlantic,SC,Standard
ST-00657,Dollar Tree #657,2011-08-18,7860,9695.6,67915,Medium,Midwest,TN,Standard
ST-00658,Dollar Tree #658,2004-05-01,6000,6375.1,27865,Medium,Midwest,MO,Plus
ST-00659,Dollar Tree #659,2000-12-16,13757,9114.6,49270,Low,Southwest,MS,Standard
ST-00660,Dollar Tree #660,2019-04-26,6059,6668.9,34716,Medium,West,TN,Plus
ST-00661,Dollar Tree #661,2007-03-23,12038,7822.7,59592,Low,Midwest,FL,Plus
ST-00662,Dollar Tree #662,2020-04-17,12263,9639.5,90375,High,Mid-Atlantic,NC,Standard
ST-00663,Dollar Tree #663,2020-12-18,12625,3372.1,34641,Low,Southeast,PA,Standard
ST-00664,Dollar Tree #664,2003-11-15,11060,5542.7,91625,Medium,Southeast,VA,Standard
ST-00665,Dollar Tree #665,2004-01-18,6181,2394.1,23405,Medium,Midwest,PA,Combo
ST-00666,Dollar Tree #666,2014-12-01,7907,1264.3,11930,Medium,Southeast,VA,Plus
ST-00667,Dollar Tree #667,2009-08-12,9798,8423.8,14159,Medium,Northeast,AR,Standard
ST-00668,Dollar Tree #668,2001-05-25,9214,1042.3,71623,Low,Southeast,NV,Standard
ST-00669,Dollar Tree #669,2012-01-04,13983,9264.1,42631,Medium,Southwest,GA,Combo
ST-00670,Dollar Tree #670,2001-04-15,12023,9297.8,78306,High,Southeast,MO,Plus
ST-00671,Dollar Tree #671,2021-05-11,7299,7624.1,15529,High,West,WI,Standard
ST-00672,Dollar Tree #672,2008-08-21,8447,2544.9,16827,High,Southeast,NY,Standard
ST-00673,Dollar Tree #673,2020-07-11,6123,2174.9,46188,Medium,Northeast,AZ,Standard
ST-00674,Dollar Tree #674,2000-01-19,12418,8350.9,88146,Low,Midwest,IA,Standard
ST-00675,Dollar Tree #675,2007-03-16,6748,8294.1,54357,High,Northeast,CA,Standard
ST-00676,Dollar Tree #676,2020-03-23,10393,9539.3,26492,Medium,Southeast,VA,Plus
ST-00677,Dollar Tree #677,2020-06-26,13305,5376.9,35292,Low,Mid-Atlantic,AZ,Standard
ST-00678,Dollar Tree #678,2023-03-09,13361,666.0,67344,Medium,Midwest,SC,Combo
ST-00679,Dollar Tree #679,2015-04-19,7528,6614.7,52425,High,Southwest,NC,Plus
ST-00680,Dollar Tree #680,2017-03-03,10351,2029.3,48754,Medium,West,NJ,Plus
ST-00681,Dollar Tree #681,2000-11-17,9105,8857.2,12453,Medium,Midwest,IA,Plus
ST-00682,Dollar Tree #682,2007-06-24,6518,7967.8,80642,Medium,Southeast,WI,Combo
ST-00683,Dollar Tree #683,2015-09-05,11022,3540.9,63713,High,Midwest,NY,Standard
ST-00684,Dollar Tree #684,2016-11-03,6358,10055.3,27009,Low,Northeast,IL,Standard
ST-00685,Dollar Tree #685,2015-04-04,6260,6937.9,60934,High,Southwest,WI,Plus
ST-00686,Dollar Tree #686,2022-10-09,6402,4523.0,89423,High,Northeast,TX,Standard
ST-00687,Dollar Tree #687,2020-08-27,6655,5723.1,93744,Low,Midwest,SC,Combo
ST-00688,Dollar Tree #688,2013-06-26,11803,887.9,90862,Medium,West,CA,Combo
ST-00689,Dollar Tree #689,2002-05-03,13738,2747.6,78089,Low,Northeast,CT,Standard
ST-00690,Dollar Tree #690,2017-07-07,7582,6409.1,42605,Medium,Mid-Atlantic,OH,Plus
ST-00691,Dollar Tree #691,2023-09-14,12112,1445.1,93705,Medium,Midwest,OK,Plus
ST-00692,Dollar Tree #692,2022-11-14,13232,1428.4,33644,Medium,Southwest,WI,Standard
ST-00693,Dollar Tree #693,2021-03-18,10914,5427.5,56179,Medium,West,VA,Standard
ST-00694,Dollar Tree #694,2013-11-14,12767,8765.2,89745,Low,West,SC,Standard
ST-00695,Dollar Tree #695,2012-09-24,8081,4448.1,69297,Medium,Southwest,TX,Combo
ST-00696,Dollar Tree #696,2001-05-20,6133,6307.8,49562,Low,Midwest,GA,Standard
ST-00697,Dollar Tree #697,2010-01-25,12733,11331.5,46170,Medium,West,SC,Plus
ST-00698,Dollar Tree #698,2018-03-04,6309,5632.4,30461,Low,Midwest,NJ,Plus
ST-00699,Dollar Tree #699,2007-04-09,12644,3743.6,84774,Medium,West,NM,Standard
ST-00700,Dollar Tree #700,2023-02-24,8659,9556.3,32662,Medium,Mid-Atlantic,OR,Plus
ST-00701,Dollar Tree #701,2003-10-21,8460,641.0,85534,Medium,Northeast,IA,Standard
ST-00702,Dollar Tree #702,2024-06-12,13207,9842.3,64594,Low,Southeast,CT,Combo
ST-00703,Dollar Tree #703,2019-01-21,12368,7659.9,17094,Medium,West,CA,Standard
ST-00704,Dollar Tree #704,2017-10-05,8677,6128.3,38940,Low,Northeast,OK,Combo
ST-00705,Dollar Tree #705,2012-08-25,10875,6988.0,21807,Low,Southwest,MI,Plus
ST-00706,Dollar Tree #706,2004-03-11,6676,5815.1,16463,Medium,Southwest,NC,Standard
ST-00707,Dollar Tree #707,2012-09-14,12339,8434.9,27677,Medium,West,IL,Plus
ST-00708,Dollar Tree #708,2012-11-19,7606,6821.8,78714,Low,Southeast,FL,Standard
ST-00709,Dollar Tree #709,2024-07-11,11609,11104.8,21743,Low,Mid-Atlantic,TN,Plus
ST-00710,Dollar Tree #710,2011-06-07,8627,4265.4,95905,Low,Midwest,OH,Standard
ST-00711,Dollar Tree #711,2019-08-20,7194,5397.5,40603,Low,Mid-Atlantic,NJ,Standard
ST-00712,Dollar Tree #712,2024-12-28,6702,1526.0,17148,Low,West,NM,Standard
ST-00713,Dollar Tree #713,2009-01-11,11683,9690.5,49992,Medium,Southwest,TX,Standard
ST-00714,Dollar Tree #714,2006-12-18,7735,2604.9,78585,Medium,West,MO,Plus
ST-00715,Dollar Tree #715,2023-03-23,11724,8085.5,59362,Medium,Mid-Atlantic,WI,Standard
ST-00716,Dollar Tree #716,2008-03-02,8326,2568.2,90997,Medium,Northeast,IN,Combo
ST-00717,Dollar Tree #717,2000-02-13,11409,3401.5,96520,Medium,Northeast,TX,Standard
ST-00718,Dollar Tree #718,2020-07-08,9118,6200.8,23055,Medium,Southwest,KS,Plus
ST-00719,Dollar Tree #719,2017-02-06,7629,6107.7,70029,Medium,Mid-Atlantic,TX,Standard
ST-00720,Dollar Tree #720,2007-09-10,8732,5981.2,30578,Low,Midwest,OK,Standard
ST-00721,Dollar Tree #721,2011-11-10,7934,11952.7,75700,Medium,Northeast,KY,Standard
ST-00722,Dollar Tree #722,2012-01-18,13775,3506.3,29884,Medium,Southwest,OK,Standard
ST-00723,Dollar Tree #723,2002-12-13,10265,11535.1,90274,High,Mid-Atlantic,GA,Plus
ST-00724,Dollar Tree #724,2007-10-05,9493,11652.3,89346,Medium,Southwest,SC,Standard
ST-00725,Dollar Tree #725,2006-11-05,10759,6588.0,36517,Low,Midwest,OR,Combo
ST-00726,Dollar Tree #726,2016-03-14,13446,11714.2,29025,High,West,NM,Standard
ST-00727,Dollar Tree #727,2010-02-18,10366,11393.5,25517,Low,Midwest,AR,Standard
ST-00728,Dollar Tree #728,2023-01-25,8610,10585.6,64269,Medium,Midwest,IN,Combo
ST-00729,Dollar Tree #729,2020-12-09,7244,9393.5,23994,Low,Southeast,TX,Plus
ST-00730,Dollar Tree #730,2019-05-20,10645,7425.9,88166,Low,Southeast,OK,Standard
ST-00731,Dollar Tree #731,2011-02-23,12388,5823.9,75840,Medium,Southwest,OR,Combo
ST-00732,Dollar Tree #732,2011-03-28,9174,5999.1,28024,Low,Southeast,GA,Standard
ST-00733,Dollar Tree #733,2013-01-09,13784,5073.9,97993,Low,Southeast,FL,Standard
ST-00734,Dollar Tree #734,2014-10-16,11634,4033.8,69971,Low,Southwest,AZ,Standard
ST-00735,Dollar Tree #735,2019-12-27,9116,8698.4,61662,Medium,Mid-Atlantic,AL,Plus
ST-00736,Dollar Tree #736,2017-09-21,13174,8508.5,15047,Medium,Northeast,IN,Plus
ST-00737,Dollar Tree #737,2001-04-17,10406,4868.2,15144,Medium,Southwest,WI,Combo
ST-00738,Dollar Tree #738,2001-04-10,9600,4896.9,49918,Medium,Southwest,OH,Plus
ST-00739,Dollar Tree #739,2009-10-02,11652,6300.2,28643,Medium,Mid-Atlantic,IN,Standard
ST-00740,Dollar Tree #740,2023-09-04,7472,9389.0,81618,Low,Southwest,TN,Standard
ST-00741,Dollar Tree #741,2014-01-06,9716,7165.7,36467,Medium,Northeast,NC,Standard
ST-00742,Dollar Tree #742,2022-11-23,12524,2135.1,26193,Low,Northeast,OR,Plus
ST-00743,Dollar Tree #743,2020-06-03,10291,8545.9,77065,Medium,Southeast,AZ,Plus
ST-00744,Dollar Tree #744,2012-01-25,7399,10964.6,84120,High,Southeast,OH,Standard
ST-00745,Dollar Tree #745,2005-12-02,9437,3835.1,68491,Medium,Mid-Atlantic,OH,Standard
ST-00746,Dollar Tree #746,2004-04-01,11100,9231.7,11600,Medium,Southwest,KS,Plus
ST-00747,Dollar Tree #747,2017-01-20,13231,6022.9,38426,Medium,Mid-Atlantic,MO,Plus
ST-00748,Dollar Tree #748,2013-08-03,10925,7281.2,42075,Medium,Midwest,CO,Combo
ST-00749,Dollar Tree #749,2017-04-02,7514,1949.4,95626,Medium,Northeast,PA,Standard
ST-00750,Dollar Tree #750,2021-10-27,10942,3721.6,21495,Low,Northeast,TN,Standard
ST-00751,Dollar Tree #751,2005-11-10,11006,7998.9,87983,Medium,West,OH,Plus
ST-00752,Dollar Tree #752,2023-10-12,13630,622.9,49229,Medium,Midwest,NV,Plus
ST-00753,Dollar Tree #753,2002-07-27,10509,966.1,71710,Low,Northeast,OR,Standard
ST-00754,Dollar Tree #754,2010-09-14,10297,2676.2,37400,Medium,Northeast,NY,Plus
ST-00755,Dollar Tree #755,2023-11-17,6718,5907.2,89269,High,Midwest,TN,Plus
ST-00756,Dollar Tree #756,2010-05-17,10711,11941.3,56380,Low,West,AL,Plus
ST-00757,Dollar Tree #757,2016-12-21,10077,6011.6,33580,Medium,Southeast,OR,Standard
ST-00758,Dollar Tree #758,2006-01-04,6196,5685.7,25456,High,Southeast,MS,Plus
ST-00759,Dollar Tree #759,2013-07-02,8734,4325.9,93558,Low,Northeast,KY,Standard
ST-00760,Dollar Tree #760,2022-05-09,12473,1000.5,49358,Medium,West,VA,Standard
ST-00761,Dollar Tree #761,2003-11-11,8796,4873.4,84569,Medium,Northeast,AR,Standard
ST-00762,Dollar Tree #762,2006-06-27,8768,11082.9,72797,Medium,Northeast,KY,Standard
ST-00763,Dollar Tree #763,2015-03-21,9773,10726.3,80381,Medium,Southwest,MS,Plus
ST-00764,Dollar Tree #764,2023-01-27,10268,3732.3,98892,Medium,West,SC,Standard
ST-00765,Dollar Tree #765,2006-10-22,8717,9634.5,56346,Low,Southeast,NC,Standard
ST-00766,Dollar Tree #766,2010-07-21,10376,10140.4,84839,Medium,Southwest,OH,Plus
ST-00767,Dollar Tree #767,2003-05-23,13027,3911.1,14145,Medium,Southwest,FL,Plus
ST-00768,Dollar Tree #768,2007-06-15,12794,11418.6,38329,Medium,Midwest,OH,Standard
ST-00769,Dollar Tree #769,2011-01-25,7655,10977.6,68166,Medium,Northeast,MS,Plus
ST-00770,Dollar Tree #770,2016-03-07,8786,11098.9,78632,Medium,Midwest,PA,Standard
ST-00771,Dollar Tree #771,2016-11-05,7680,8749.9,70210,Medium,Mid-Atlantic,KS,Plus
ST-00772,Dollar Tree #772,2003-01-10,13637,719.6,87894,Low,Midwest,IN,Standard
ST-00773,Dollar Tree #773,2003-09-25,11398,8997.5,12946,Medium,Midwest,KY,Standard
ST-00774,Dollar Tree #774,2010-04-07,8347,3464.5,51831,Medium,Mid-Atlantic,NY,Standard
ST-00775,Dollar Tree #775,2004-03-09,6937,380.0,91650,Medium,West,NY,Standard
ST-00776,Dollar Tree #776,2017-06-18,8609,3398.4,47128,Medium,Southeast,OH,Standard
ST-00777,Dollar Tree #777,2009-10-11,10428,5435.0,27049,Low,Southwest,NV,Combo
ST-00778,Dollar Tree #778,2001-02-13,6440,1216.2,61369,Low,Mid-Atlantic,CO,Plus
ST-00779,Dollar Tree #779,2020-12-23,9652,7472.5,50952,Medium,Southeast,OR,Combo
ST-00780,Dollar Tree #780,2017-02-25,12262,5695.2,27274,Low,Mid-Atlantic,IN,Standard
ST-00781,Dollar Tree #781,2014-05-22,11279,8580.5,71000,Medium,Southeast,GA,Standard
ST-00782,Dollar Tree #782,2019-05-12,9211,2363.6,97186,Medium,Midwest,IN,Plus
ST-00783,Dollar Tree #783,2000-02-16,6924,4347.0,70455,Low,Midwest,IA,Standard
ST-00784,Dollar Tree #784,2019-10-05,10161,1414.6,24022,Medium,West,KY,Standard
ST-00785,Dollar Tree #785,2009-09-15,9283,7168.3,41270,Medium,Southeast,SC,Standard
ST-00786,Dollar Tree #786,2015-07-03,8791,2657.2,87459,Medium,Southwest,AL,Standard
ST-00787,Dollar Tree #787,2017-12-08,7417,8018.8,20209,High,Mid-Atlantic,AL,Plus
ST-00788,Dollar Tree #788,2003-10-20,9792,4039.5,22799,Medium,Southeast,MI,Plus
ST-00789,Dollar Tree #789,2002-10-04,11615,9806.0,59664,Medium,Southwest,KY,Combo
ST-00790,Dollar Tree #790,2001-02-07,12693,1839.2,86122,High,Northeast,IA,Standard
ST-00791,Dollar Tree #791,2021-03-15,10352,3639.7,90684,Medium,Southwest,IL,Standard
ST-00792,Dollar Tree #792,2021-06-10,10671,9573.3,99071,Medium,Southwest,OR,Standard
ST-00793,Dollar Tree #793,2002-10-01,11009,11839.8,62978,Low,Midwest,CA,Standard
ST-00794,Dollar Tree #794,2017-01-01,11761,6808.4,57086,Low,Midwest,KS,Standard
ST-00795,Dollar Tree #795,2007-07-23,10834,4852.4,51697,High,Southwest,AZ,Plus
ST-00796,Dollar Tree #796,2013-09-07,11427,2246.2,28228,Low,West,AZ,Standard
ST-00797,Dollar Tree #797,2013-03-10,13149,8106.8,27600,Low,Northeast,KY,Standard
ST-00798,Dollar Tree #798,2004-12-16,11389,5353.5,27796,Low,Southeast,KY,Plus
ST-00799,Dollar Tree #799,2014-12-20,13621,5223.3,33566,Medium,West,TN,Plus
ST-00800,Dollar Tree #800,2014-07-12,7849,2392.3,89242,Low,West,MO,Combo
ST-00801,Dollar Tree #801,2007-12-17,8205,5047.9,81587,Medium,Midwest,CA,Standard
ST-00802,Dollar Tree #802,2018-08-23,9019,1535.3,73115,High,Northeast,PA,Combo
ST-00803,Dollar Tree #803,2023-09-28,12148,9390.7,70940,Medium,Northeast,WI,Plus
ST-00804,Dollar Tree #804,2002-04-16,11166,8951.9,97650,Low,Mid-Atlantic,KY,Plus
ST-00805,Dollar Tree #805,2018-05-20,6432,10862.3,80127,Low,Southwest,IN,Plus
ST-00806,Dollar Tree #806,2015-10-24,8715,5168.0,48616,Medium,Southeast,CA,Combo
ST-00807,Dollar Tree #807,2019-12-10,11955,9463.3,44136,Low,Mid-Atlantic,MO,Plus
ST-00808,Dollar Tree #808,2005-10-02,11376,11886.3,91830,Low,Midwest,MO,Standard
ST-00809,Dollar Tree #809,2004-09-03,12975,9448.4,43036,Low,West,NC,Standard
ST-00810,Dollar Tree #810,2008-01-24,6913,7325.1,87564,High,Southeast,OK,Plus
ST-00811,Dollar Tree #811,2011-03-09,12410,8469.1,73559,Low,West,KS,Standard
ST-00812,Dollar Tree #812,2010-02-05,10878,11220.5,30204,Medium,Southwest,IA,Plus
ST-00813,Dollar Tree #813,2007-11-15,11947,7723.4,37637,Medium,Mid-Atlantic,AR,Standard
ST-00814,Dollar Tree #814,2001-11-09,12188,9870.5,16884,Low,Southwest,AZ,Plus
ST-00815,Dollar Tree #815,2009-08-24,13768,9078.6,79798,Low,Southwest,OK,Combo
ST-00816,Dollar Tree #816,2012-08-09,7189,6459.2,66981,Low,Midwest,NM,Plus
ST-00817,Dollar Tree #817,2012-11-11,13878,6457.0,15376,Low,West,KY,Standard
ST-00818,Dollar Tree #818,2013-10-21,13031,3416.6,45432,Medium,Northeast,NC,Combo
ST-00819,Dollar Tree #819,2018-07-15,12333,8168.4,41692,High,Mid-Atlantic,AL,Standard
ST-00820,Dollar Tree #820,2016-06-22,11654,11919.9,51060,Medium,Northeast,OK,Standard
ST-00821,Dollar Tree #821,2002-01-14,6800,6398.1,99849,Medium,Midwest,GA,Combo
ST-00822,Dollar Tree #822,2009-05-07,6278,479.7,22050,Low,West,OK,Standard
ST-00823,Dollar Tree #823,2019-11-04,11800,11502.0,21322,Medium,Southeast,AZ,Combo
ST-00824,Dollar Tree #824,2024-11-19,12579,11612.6,24528,High,Southeast,NC,Standard
ST-00825,Dollar Tree #825,2014-11-03,11232,5550.6,46226,Medium,Mid-Atlantic,NV,Combo
ST-00826,Dollar Tree #826,2024-06-09,7326,9412.6,46344,Low,Southwest,AZ,Standard
ST-00827,Dollar Tree #827,2001-05-27,8168,2299.6,19096,Medium,Southeast,CO,Plus
ST-00828,Dollar Tree #828,2005-11-16,6888,1897.7,66525,Low,West,KY,Standard
ST-00829,Dollar Tree #829,2014-12-09,6846,611.4,19229,Medium,Mid-Atlantic,NC,Plus
ST-00830,Dollar Tree #830,2000-08-05,11348,7756.0,14959,High,Southwest,NC,Standard
ST-00831,Dollar Tree #831,2022-06-13,10707,243.7,74314,Medium,Southwest,AZ,Combo
ST-00832,Dollar Tree #832,2024-02-18,7850,239.0,73185,Low,West,SC,Standard
ST-00833,Dollar Tree #833,2010-11-10,9281,851.3,94813,Low,Midwest,SC,Standard
ST-00834,Dollar Tree #834,2002-08-25,12279,3621.5,36623,Low,West,CA,Plus
ST-00835,Dollar Tree #835,2021-04-10,11700,4803.2,23994,High,Mid-Atlantic,NJ,Plus
ST-00836,Dollar Tree #836,2002-11-15,12023,2435.7,14679,Low,Northeast,CT,Plus
ST-00837,Dollar Tree #837,2007-08-13,6516,9554.3,94332,Medium,Southwest,SC,Plus
ST-00838,Dollar Tree #838,2000-01-11,6459,4185.1,15611,Medium,Northeast,IL,Combo
ST-00839,Dollar Tree #839,2021-09-15,13701,8201.3,80328,Low,Mid-Atlantic,AL,Standard
ST-00840,Dollar Tree #840,2002-01-24,7159,5969.0,12498,Medium,West,CA,Standard
ST-00841,Dollar Tree #841,2022-11-05,6117,2232.5,16548,Medium,Northeast,IN,Plus
ST-00842,Dollar Tree #842,2005-10-03,12699,9846.2,24965,Medium,West,MS,Plus
ST-00843,Dollar Tree #843,2007-02-26,7660,5229.3,98918,Medium,Midwest,NY,Combo
ST-00844,Dollar Tree #844,2018-09-05,8634,10069.8,37948,Low,West,OH,Standard
ST-00845,Dollar Tree #845,2002-02-09,7157,9139.1,32026,High,Midwest,SC,Standard
ST-00846,Dollar Tree #846,2014-04-19,6333,1773.8,92863,Medium,Southwest,IA,Standard
ST-00847,Dollar Tree #847,2000-08-03,6052,285.2,21683,High,Mid-Atlantic,AL,Standard
ST-00848,Dollar Tree #848,2013-12-26,12490,9316.2,26632,Low,Southeast,KY,Standard
ST-00849,Dollar Tree #849,2016-08-14,7959,11269.5,90024,High,Northeast,CO,Standard
ST-00850,Dollar Tree #850,2022-08-20,13784,1238.7,49478,Medium,Southwest,TX,Plus
ST-00851,Dollar Tree #851,2007-04-04,10343,11726.1,91123,Medium,West,WI,Standard
ST-00852,Dollar Tree #852,2014-11-22,7704,3461.8,35391,Low,Southeast,OK,Plus
ST-00853,Dollar Tree #853,2015-03-06,11489,11087.5,17081,High,Midwest,MI,Standard
ST-00854,Dollar Tree #854,2013-05-11,11052,9700.8,69394,Low,Northeast,CT,Standard
ST-00855,Dollar Tree #855,2017-03-06,12434,543.0,77489,Low,Northeast,NV,Standard
ST-00856,Dollar Tree #856,2023-08-19,10749,4046.5,36050,High,Mid-Atlantic,NV,Standard
ST-00857,Dollar Tree #857,2007-02-11,7865,1357.2,64079,Low,Southwest,NV,Standard
ST-00858,Dollar Tree #858,2002-08-19,9968,841.2,67129,Low,Southeast,NM,Plus
ST-00859,Dollar Tree #859,2014-03-13,9059,1809.6,35448,High,Midwest,NC,Standard
ST-00860,Dollar Tree #860,2010-03-02,11670,6910.3,46779,Low,Northeast,KS,Plus
ST-00861,Dollar Tree #861,2014-07-06,12228,4254.2,48687,Medium,Southeast,MS,Combo
ST-00862,Dollar Tree #862,2019-03-19,13947,6722.5,40107,Low,Southwest,KS,Plus
ST-00863,Dollar Tree #863,2015-04-19,9878,10076.5,46591,Low,Mid-Atlantic,TN,Combo
ST-00864,Dollar Tree #864,2007-04-11,9557,7037.7,87564,Low,West,NV,Standard
ST-00865,Dollar Tree #865,2013-01-02,9855,8855.0,76088,Low,Southwest,WI,Plus
ST-00866,Dollar Tree #866,2015-12-27,6802,5538.8,41524,Low,West,IA,Standard
ST-00867,Dollar Tree #867,2022-12-14,13781,2772.5,56976,Medium,Southeast,KY,Standard
ST-00868,Dollar Tree #868,2000-08-22,8497,2109.3,70199,Medium,Mid-Atlantic,AL,Standard
ST-00869,Dollar Tree #869,2014-08-25,7135,10515.5,63131,Low,Midwest,KY,Plus
ST-00870,Dollar Tree #870,2022-11-01,13048,7602.2,60446,High,Midwest,WI,Standard
ST-00871,Dollar Tree #871,2009-07-25,8210,8437.0,90281,Medium,West,MS,Standard
ST-00872,Dollar Tree #872,2021-02-20,13215,4161.2,17184,Medium,Mid-Atlantic,NJ,Standard
ST-00873,Dollar Tree #873,2003-07-12,9812,7505.8,57916,Medium,Southeast,KY,Plus
ST-00874,Dollar Tree #874,2022-02-18,11810,9328.2,28141,Medium,Southeast,SC,Standard
ST-00875,Dollar Tree #875,2020-08-24,13693,9076.9,37498,High,Southeast,VA,Standard
ST-00876,Dollar Tree #876,2008-09-22,9464,3470.3,18305,Medium,Midwest,IN,Plus
ST-00877,Dollar Tree #877,2016-09-27,7005,5747.9,79717,High,West,NV,Standard
ST-00878,Dollar Tree #878,2014-10-12,12552,8145.0,18601,Low,Southwest,FL,Standard
ST-00879,Dollar Tree #879,2012-03-10,13850,11488.2,24334,Low,Midwest,NY,Combo
ST-00880,Dollar Tree #880,2004-08-05,13167,2610.2,92218,Low,Midwest,TN,Combo
ST-00881,Dollar Tree #881,2017-03-16,8840,5157.5,94500,Low,Midwest,IL,Standard
ST-00882,Dollar Tree #882,2000-04-27,13761,6331.5,54024,Medium,West,VA,Combo
ST-00883,Dollar Tree #883,2020-06-16,10860,8057.1,79489,Medium,Southwest,IN,Standard
ST-00884,Dollar Tree #884,2018-03-26,8510,2226.5,44079,Low,Southwest,NJ,Standard
ST-00885,Dollar Tree #885,2024-01-05,8892,3555.7,31805,Medium,Southeast,OR,Plus
ST-00886,Dollar Tree #886,2009-03-06,12875,8555.7,97340,Low,Southeast,GA,Standard
ST-00887,Dollar Tree #887,2001-06-19,7036,5402.5,58453,Low,Southeast,SC,Combo
ST-00888,Dollar Tree #888,2001-11-11,8816,1945.7,68776,Medium,Southeast,SC,Standard
ST-00889,Dollar Tree #889,2003-01-13,13627,6093.1,29055,Medium,Midwest,PA,Standard
ST-00890,Dollar Tree #890,2023-09-17,8713,7837.5,48739,Medium,Midwest,IA,Plus
ST-00891,Dollar Tree #891,2021-03-26,10630,8796.8,67947,Medium,Mid-Atlantic,NY,Combo
ST-00892,Dollar Tree #892,2015-01-05,11554,6701.3,50380,Low,Southwest,CO,Standard
ST-00893,Dollar Tree #893,2014-06-03,8673,849.4,94058,Low,West,WI,Standard
ST-00894,Dollar Tree #894,2024-05-07,6184,1186.4,68387,High,Mid-Atlantic,FL,Plus
ST-00895,Dollar Tree #895,2012-04-16,8603,7317.4,77050,Low,Mid-Atlantic,NJ,Plus
ST-00896,Dollar Tree #896,2004-12-28,9503,4561.6,58867,Low,Midwest,NJ,Standard
ST-00897,Dollar Tree #897,2009-08-28,10595,1233.7,68224,High,Southwest,MS,Plus
ST-00898,Dollar Tree #898,2009-03-26,11963,11650.3,65552,High,Southwest,PA,Plus
ST-00899,Dollar Tree #899,2019-02-05,7702,3778.1,78852,Medium,Northeast,NM,Plus
ST-00900,Dollar Tree #900,2024-07-03,6054,5031.6,45825,Medium,Southeast,SC,Plus
ST-00901,Dollar Tree #901,2022-10-25,13494,1815.7,34380,Medium,Midwest,SC,Plus
ST-00902,Dollar Tree #902,2001-05-27,10794,3786.2,83306,High,Southwest,GA,Standard
ST-00903,Dollar Tree #903,2000-03-09,8458,11481.1,93435,Medium,Northeast,KY,Combo
ST-00904,Dollar Tree #904,2009-07-06,10029,10900.2,94513,Low,Northeast,NY,Standard
ST-00905,Dollar Tree #905,2015-02-20,12107,4468.8,72978,Medium,Southwest,KS,Standard
ST-00906,Dollar Tree #906,2020-11-16,13981,8392.1,25674,Medium,West,CT,Plus
ST-00907,Dollar Tree #907,2000-05-06,10764,890.4,51901,Medium,Mid-Atlantic,PA,Standard
ST-00908,Dollar Tree #908,2005-01-09,8958,5150.3,56659,Low,Midwest,MI,Plus
ST-00909,Dollar Tree #909,2020-02-17,7587,9244.0,34018,Low,West,IA,Standard
ST-00910,Dollar Tree #910,2017-06-28,8590,9956.5,99780,Medium,Midwest,OK,Combo
ST-00911,Dollar Tree #911,2022-06-04,10377,7044.6,28837,Low,Southeast,WI,Standard
ST-00912,Dollar Tree #912,2011-08-14,8787,11066.7,31368,Low,Southeast,PA,Plus
ST-00913,Dollar Tree #913,2007-04-26,13348,6792.1,78898,Medium,Mid-Atlantic,SC,Combo
ST-00914,Dollar Tree #914,2024-02-14,9772,11009.2,25278,Low,Northeast,MO,Standard
ST-00915,Dollar Tree #915,2009-12-12,7138,9841.1,88335,Medium,Midwest,OH,Combo
ST-00916,Dollar Tree #916,2009-01-24,12672,1599.4,26870,High,Southeast,OR,Standard
ST-00917,Dollar Tree #917,2009-03-07,7066,11777.1,65680,High,Northeast,FL,Standard
ST-00918,Dollar Tree #918,2024-08-25,9532,701.7,24131,Low,Mid-Atlantic,WI,Plus
ST-00919,Dollar Tree #919,2001-08-04,13442,3185.5,18683,Medium,Mid-Atlantic,TX,Standard
ST-00920,Dollar Tree #920,2003-10-07,10813,10833.9,34219,High,Midwest,TX,Standard
ST-00921,Dollar Tree #921,2004-12-09,13772,7041.1,56163,Low,West,IA,Combo
ST-00922,Dollar Tree #922,2019-04-17,10671,1006.4,85777,Low,West,IL,Combo
ST-00923,Dollar Tree #923,2006-05-06,13386,9097.4,10567,High,Northeast,NM,Standard
ST-00924,Dollar Tree #924,2016-12-16,9002,8438.0,34264,Medium,Mid-Atlantic,NY,Standard
ST-00925,Dollar Tree #925,2011-07-14,7755,6268.2,63422,Low,Midwest,NY,Plus
ST-00926,Dollar Tree #926,2003-09-05,10061,9194.8,47784,Medium,Mid-Atlantic,CA,Standard
ST-00927,Dollar Tree #927,2010-08-04,9152,3546.6,88694,High,Midwest,OK,Plus
ST-00928,Dollar Tree #928,2007-09-14,8380,11822.6,66093,Low,Northeast,NV,Plus
ST-00929,Dollar Tree #929,2021-06-06,6104,11984.9,74441,High,Northeast,AZ,Plus
ST-00930,Dollar Tree #930,2016-11-22,6696,1606.8,61748,Medium,Mid-Atlantic,AL,Standard
ST-00931,Dollar Tree #931,2023-03-03,8979,11707.4,54385,Low,West,KS,Plus
ST-00932,Dollar Tree #932,2003-04-27,9479,8757.4,46505,High,West,AL,Standard
ST-00933,Dollar Tree #933,2024-11-13,8917,5814.8,89058,Medium,Southwest,WI,Standard
ST-00934,Dollar Tree #934,2004-08-04,7000,3158.1,75178,Low,Mid-Atlantic,PA,Standard
ST-00935,Dollar Tree #935,2003-12-02,12801,1005.1,98880,Low,Southeast,AZ,Plus
ST-00936,Dollar Tree #936,2021-06-05,8480,7539.2,22626,Low,Mid-Atlantic,IA,Plus
ST-00937,Dollar Tree #937,2024-08-26,9817,2582.8,96781,Medium,Southwest,WI,Standard
ST-00938,Dollar Tree #938,2017-06-26,13042,6578.2,12316,Low,Southwest,NV,Standard
ST-00939,Dollar Tree #939,2012-08-11,12986,4640.8,70248,Low,Northeast,OH,Plus
ST-00940,Dollar Tree #940,2021-05-23,7344,5999.5,27627,Medium,Mid-Atlantic,AZ,Plus
ST-00941,Dollar Tree #941,2024-02-19,11529,5988.5,82585,High,West,AL,Plus
ST-00942,Dollar Tree #942,2015-09-28,7280,6178.9,61299,Medium,Southwest,AL,Plus
ST-00943,Dollar Tree #943,2019-11-12,12278,11737.8,52006,Low,Northeast,AL,Standard
ST-00944,Dollar Tree #944,2004-06-12,12631,8956.3,13525,High,Midwest,AZ,Standard
ST-00945,Dollar Tree #945,2013-06-12,9374,4345.0,96670,Low,Southeast,GA,Combo
ST-00946,Dollar Tree #946,2009-10-03,13457,8318.3,49965,Low,Midwest,OH,Standard
ST-00947,Dollar Tree #947,2017-06-02,9775,7961.7,65374,Medium,West,NV,Plus
ST-00948,Dollar Tree #948,2008-01-23,9847,7138.3,51486,Medium,West,AZ,Standard
ST-00949,Dollar Tree #949,2018-02-26,10000,1380.7,98488,Low,Midwest,MO,Plus
ST-00950,Dollar Tree #950,2024-11-11,7365,7455.0,57622,Medium,Southeast,MO,Combo
ST-00951,Dollar Tree #951,2002-09-07,8354,3328.8,48970,Medium,Southwest,MS,Standard
ST-00952,Dollar Tree #952,2019-12-03,11879,10161.4,22416,Medium,Midwest,NC,Standard
ST-00953,Dollar Tree #953,2018-09-16,9498,2674.9,20048,High,Midwest,WI,Standard
ST-00954,Dollar Tree #954,2013-11-18,8566,2560.9,62730,Medium,West,WI,Plus
ST-00955,Dollar Tree #955,2021-09-06,13216,419.5,77662,Low,West,MO,Standard
ST-00956,Dollar Tree #956,2021-12-15,8194,11258.5,79824,Medium,Southwest,NM,Plus
ST-00957,Dollar Tree #957,2023-11-02,10278,2567.6,70619,Low,Southeast,PA,Combo
ST-00958,Dollar Tree #958,2021-05-28,9566,5041.1,18444,High,Southeast,KS,Plus
ST-00959,Dollar Tree #959,2008-05-21,7315,3226.1,88804,Low,Southwest,GA,Standard
ST-00960,Dollar Tree #960,2004-04-01,8011,9605.1,50703,Medium,Southwest,SC,Plus
ST-00961,Dollar Tree #961,2013-11-02,7654,2080.4,27882,Low,Midwest,MS,Standard
ST-00962,Dollar Tree #962,2021-09-06,11278,10259.7,73680,Low,Northeast,KS,Standard
ST-00963,Dollar Tree #963,2010-10-10,13103,950.3,63347,Medium,Mid-Atlantic,OK,Standard
ST-00964,Dollar Tree #964,2012-12-27,7151,2985.3,84838,High,West,NM,Standard
ST-00965,Dollar Tree #965,2016-11-27,10754,11406.2,78846,Medium,Southwest,NV,Standard
ST-00966,Dollar Tree #966,2007-10-04,12333,9718.9,53160,Medium,Mid-Atlantic,AZ,Combo
ST-00967,Dollar Tree #967,2023-04-14,7785,1902.5,32957,Low,Midwest,IN,Plus
ST-00968,Dollar Tree #968,2008-10-02,10017,6494.9,24806,Medium,West,TN,Plus
ST-00969,Dollar Tree #969,2021-04-09,13204,9454.4,28993,Medium,Southwest,OR,Standard
ST-00970,Dollar Tree #970,2009-01-21,13920,10881.7,14562,High,Mid-Atlantic,MS,Standard
ST-00971,Dollar Tree #971,2022-11-08,8072,6722.2,50536,High,Mid-Atlantic,NJ,Combo
ST-00972,Dollar Tree #972,2003-09-28,7936,10320.2,60917,Low,Southwest,NM,Standard
ST-00973,Dollar Tree #973,2009-02-27,12198,2978.4,37575,Low,Southwest,KY,Standard
ST-00974,Dollar Tree #974,2024-11-14,12466,599.8,20498,Medium,Southwest,CT,Plus
ST-00975,Dollar Tree #975,2010-12-14,13182,11038.8,23159,Low,Mid-Atlantic,NC,Plus
ST-00976,Dollar Tree #976,2002-06-14,10932,8804.9,81791,High,Midwest,IN,Combo
ST-00977,Dollar Tree #977,2000-01-21,11255,2368.1,68117,High,Southeast,TX,Plus
ST-00978,Dollar Tree #978,2006-11-10,8570,6994.6,24526,Low,Southeast,WI,Combo
ST-00979,Dollar Tree #979,2024-11-25,7065,10194.1,99883,Medium,Midwest,IN,Plus
ST-00980,Dollar Tree #980,2023-03-09,7421,8312.1,52936,Medium,Southeast,FL,Plus
ST-00981,Dollar Tree #981,2011-03-13,13179,4652.4,84762,Low,Northeast,TX,Plus
ST-00982,Dollar Tree #982,2020-10-21,7873,10900.8,70610,Low,Midwest,OR,Standard
ST-00983,Dollar Tree #983,2001-07-20,9513,7284.6,29562,Low,Midwest,OH,Plus
ST-00984,Dollar Tree #984,2003-01-23,10307,5334.9,69468,High,Southwest,NY,Standard
ST-00985,Dollar Tree #985,2022-04-07,13750,10370.9,44891,Medium,Mid-Atlantic,MO,Plus
ST-00986,Dollar Tree #986,2004-07-28,7692,7281.0,47089,High,Mid-Atlantic,IL,Plus
ST-00987,Dollar Tree #987,2005-07-26,7195,539.5,44314,Low,West,IN,Standard
ST-00988,Dollar Tree #988,2011-10-22,11302,5606.3,11352,Medium,Southeast,KS,Standard
ST-00989,Dollar Tree #989,2022-07-22,7738,8617.4,65481,High,West,NC,Standard
ST-00990,Dollar Tree #990,2003-09-02,6426,4127.8,40781,Medium,Midwest,CO,Combo
ST-00991,Dollar Tree #991,2019-12-24,12634,737.0,43247,Medium,West,AZ,Standard
ST-00992,Dollar Tree #992,2012-11-12,7083,11623.1,83342,Low,West,OH,Standard
ST-00993,Dollar Tree #993,2005-09-16,13621,4202.3,71352,Low,Northeast,VA,Combo
ST-00994,Dollar Tree #994,2016-07-05,8133,1578.7,15788,Low,Southwest,KS,Standard
ST-00995,Dollar Tree #995,2023-06-14,8317,10853.0,44500,Medium,Midwest,WI,Standard
ST-00996,Dollar Tree #996,2013-03-11,12036,11935.9,29826,Medium,Mid-Atlantic,KY,Plus
ST-00997,Dollar Tree #997,2001-04-05,6447,2912.4,14700,Medium,Midwest,OH,Combo
ST-00998,Dollar Tree #998,2014-07-04,13333,11141.0,15346,Medium,Midwest,OR,Plus
ST-00999,Dollar Tree #999,2015-08-16,6921,10180.9,29405,Low,Midwest,FL,Standard
ST-01000,Dollar Tree #1000,2009-03-27,7378,9049.3,45755,Medium,Mid-Atlantic,AL,Standard
ST-01001,Dollar Tree #1001,2018-01-17,12282,6935.3,64580,Low,Southeast,IA,Plus
ST-01002,Dollar Tree #1002,2021-02-11,6212,3554.5,99212,Low,Southwest,NJ,Plus
ST-01003,Dollar Tree #1003,2003-06-05,6236,1156.5,96447,Medium,Southwest,KY,Standard
ST-01004,Dollar Tree #1004,2019-11-01,8698,11643.3,96005,Medium,Southwest,VA,Combo
ST-01005,Dollar Tree #1005,2023-10-05,7731,10386.7,94363,Medium,Midwest,MS,Standard
ST-01006,Dollar Tree #1006,2023-02-18,13797,7307.0,22130,Medium,Midwest,OH,Standard
ST-01007,Dollar Tree #1007,2024-07-03,6168,10257.7,31356,Medium,Southwest,MI,Combo
ST-01008,Dollar Tree #1008,2024-11-05,6987,3722.9,66670,High,Midwest,NV,Combo
ST-01009,Dollar Tree #1009,2019-03-12,11451,1334.1,58163,Medium,Southeast,MO,Plus
ST-01010,Dollar Tree #1010,2012-08-09,10612,7284.0,21825,Medium,Midwest,CO,Standard
ST-01011,Dollar Tree #1011,2013-11-14,6761,677.2,54793,Medium,Mid-Atlantic,GA,Combo
ST-01012,Dollar Tree #1012,2021-12-05,13624,6044.8,92517,High,West,FL,Standard
ST-01013,Dollar Tree #1013,2014-07-03,13431,9658.2,49373,Low,Southeast,OK,Standard
ST-01014,Dollar Tree #1014,2007-09-14,8420,6908.7,82219,Low,Northeast,WI,Standard
ST-01015,Dollar Tree #1015,2016-07-14,6774,5682.9,84511,Medium,Midwest,NC,Plus
ST-01016,Dollar Tree #1016,2002-09-01,6933,8938.1,70670,Low,Southeast,AR,Plus
ST-01017,Dollar Tree #1017,2001-02-14,13182,8511.7,51149,Medium,Mid-Atlantic,IN,Combo
ST-01018,Dollar Tree #1018,2014-10-26,8171,4227.7,34535,Low,Southeast,FL,Combo
ST-01019,Dollar Tree #1019,2019-05-28,11516,1454.7,80041,Low,Northeast,AZ,Standard
ST-01020,Dollar Tree #1020,2000-03-21,9908,5629.9,63096,High,Mid-Atlantic,CO,Combo
ST-01021,Dollar Tree #1021,2015-05-20,12661,11692.3,57281,High,Mid-Atlantic,OR,Combo
ST-01022,Dollar Tree #1022,2012-05-03,7024,1794.3,35008,Low,Northeast,OR,Standard
ST-01023,Dollar Tree #1023,2000-04-16,11313,1912.8,41690,Medium,Mid-Atlantic,KS,Plus
ST-01024,Dollar Tree #1024,2006-02-10,12305,5668.4,72126,Medium,Northeast,NY,Standard
ST-01025,Dollar Tree #1025,2004-12-23,9647,11573.6,71799,Low,Southwest,AL,Standard
ST-01026,Dollar Tree #1026,2006-05-19,12794,10039.3,16674,Medium,Northeast,NY,Combo
ST-01027,Dollar Tree #1027,2022-07-14,12951,6049.3,85846,Medium,Mid-Atlantic,SC,Standard
ST-01028,Dollar Tree #1028,2001-08-13,9982,6257.6,90149,High,Southwest,GA,Combo
ST-01029,Dollar Tree #1029,2001-09-01,9457,7001.6,82516,Low,Midwest,NV,Combo
ST-01030,Dollar Tree #1030,2013-08-04,10053,7547.8,94696,Medium,Southwest,OR,Plus
ST-01031,Dollar Tree #1031,2000-03-10,11949,2468.0,55068,Medium,Southeast,WI,Standard
ST-01032,Dollar Tree #1032,2018-11-11,13550,7304.8,96108,Medium,Southeast,NV,Standard
ST-01033,Dollar Tree #1033,2023-12-13,13862,5119.0,98225,High,Mid-Atlantic,NJ,Plus
ST-01034,Dollar Tree #1034,2005-10-07,8313,8350.2,21297,High,Southwest,PA,Standard
ST-01035,Dollar Tree #1035,2006-03-20,10031,1390.7,64523,Medium,Midwest,GA,Standard
ST-01036,Dollar Tree #1036,2017-01-01,8939,10594.7,56798,High,Southeast,OH,Plus
ST-01037,Dollar Tree #1037,2001-02-11,9527,1544.8,39712,Low,West,GA,Plus
ST-01038,Dollar Tree #1038,2008-06-26,8910,9278.6,83010,Medium,Southeast,KS,Combo
ST-01039,Dollar Tree #1039,2016-10-22,6853,8535.6,67386,Medium,Northeast,NY,Plus
ST-01040,Dollar Tree #1040,2019-02-27,10607,695.2,23816,Low,Mid-Atlantic,NY,Standard
ST-01041,Dollar Tree #1041,2011-03-24,8393,8556.3,76308,Medium,Mid-Atlantic,KS,Standard
ST-01042,Dollar Tree #1042,2004-11-12,8741,9866.1,26119,Low,Southwest,TN,Standard
ST-01043,Dollar Tree #1043,2007-08-11,8349,6159.3,21171,Medium,Midwest,OR,Plus
ST-01044,Dollar Tree #1044,2011-11-22,8010,1989.0,79422,Medium,Southeast,PA,Plus
ST-01045,Dollar Tree #1045,2013-07-15,13797,10258.2,99417,Medium,Northeast,IN,Standard
ST-01046,Dollar Tree #1046,2024-01-23,12604,6304.7,19120,Low,Midwest,VA,Plus
ST-01047,Dollar Tree #1047,2024-03-14,6503,4840.5,14861,High,Mid-Atlantic,PA,Plus
ST-01048,Dollar Tree #1048,2001-11-23,12545,7992.3,78128,Medium,Southwest,AZ,Combo
ST-01049,Dollar Tree #1049,2022-09-28,8493,8714.3,51116,Medium,Northeast,AR,Standard
ST-01050,Dollar Tree #1050,2016-10-05,11736,4966.5,94394,Low,West,CO,Plus
ST-01051,Dollar Tree #1051,2020-08-23,8828,10674.6,95033,Medium,Southeast,NV,Standard
ST-01052,Dollar Tree #1052,2002-01-18,8740,4801.9,26515,Medium,West,MI,Standard
ST-01053,Dollar Tree #1053,2002-09-18,8557,6351.8,93320,Low,Northeast,TX,Plus
ST-01054,Dollar Tree #1054,2018-05-08,12817,9335.1,65410,Medium,Northeast,CT,Standard
ST-01055,Dollar Tree #1055,2011-05-21,10157,4382.8,16256,High,Northeast,IN,Standard
ST-01056,Dollar Tree #1056,2018-12-01,9712,4200.0,40945,High,West,AL,Combo
ST-01057,Dollar Tree #1057,2020-11-18,12918,7227.5,55919,Medium,Midwest,OK,Combo
ST-01058,Dollar Tree #1058,2018-11-05,11851,4656.5,42457,Low,Midwest,WI,Plus
ST-01059,Dollar Tree #1059,2006-06-15,6802,1929.3,65796,Medium,Northeast,FL,Standard
ST-01060,Dollar Tree #1060,2013-03-16,7759,5464.7,58404,High,West,AZ,Plus
ST-01061,Dollar Tree #1061,2017-09-25,9234,10489.8,86585,Medium,Mid-Atlantic,TN,Plus
ST-01062,Dollar Tree #1062,2022-08-24,13973,5119.7,31344,Low,West,PA,Plus
ST-01063,Dollar Tree #1063,2022-08-05,13930,8513.4,79355,Low,Mid-Atlantic,IL,Plus
ST-01064,Dollar Tree #1064,2015-01-24,7284,11340.0,58409,Low,West,KS,Plus
ST-01065,Dollar Tree #1065,2003-02-12,10683,3617.2,78521,Low,Northeast,NJ,Standard
ST-01066,Dollar Tree #1066,2011-05-10,9980,530.1,28726,Low,West,TN,Standard
ST-01067,Dollar Tree #1067,2009-05-07,7499,9865.7,74067,Low,Northeast,SC,Standard
ST-01068,Dollar Tree #1068,2002-01-14,9941,6962.1,84155,Medium,Midwest,MS,Plus
ST-01069,Dollar Tree #1069,2015-12-27,10961,1767.2,28156,Medium,Mid-Atlantic,IN,Plus
ST-01070,Dollar Tree #1070,2021-08-05,13097,8788.8,21706,Medium,Mid-Atlantic,CO,Plus
ST-01071,Dollar Tree #1071,2012-04-13,8777,6583.7,97876,Medium,Mid-Atlantic,NC,Combo
ST-01072,Dollar Tree #1072,2002-03-23,6203,6949.5,50481,Medium,Mid-Atlantic,NY,Combo
ST-01073,Dollar Tree #1073,2017-02-07,13824,7500.7,85609,Low,West,WI,Standard
ST-01074,Dollar Tree #1074,2024-08-17,13347,420.2,96278,Medium,Southeast,TX,Standard
ST-01075,Dollar Tree #1075,2006-04-27,11780,10099.2,85963,Medium,Northeast,MS,Plus
ST-01076,Dollar Tree #1076,2019-06-13,10824,730.8,13049,Medium,Southwest,OH,Plus
ST-01077,Dollar Tree #1077,2000-09-11,9129,3234.7,25026,Low,West,OH,Standard
ST-01078,Dollar Tree #1078,2004-03-09,12293,1257.6,50212,Medium,Mid-Atlantic,OH,Standard
ST-01079,Dollar Tree #1079,2019-06-06,6222,8616.9,49062,Medium,Northeast,VA,Standard
ST-01080,Dollar Tree #1080,2013-06-09,9076,11310.6,25855,Low,Southeast,GA,Plus
ST-01081,Dollar Tree #1081,2018-04-16,10166,9078.2,60469,Low,Midwest,CA,Standard
ST-01082,Dollar Tree #1082,2014-09-14,6536,5913.2,63411,High,Southeast,NM,Standard
ST-01083,Dollar Tree #1083,2008-09-19,11530,1397.8,82706,High,Southeast,MI,Plus
ST-01084,Dollar Tree #1084,2013-08-03,12932,7702.4,36667,Low,Midwest,SC,Standard
ST-01085,Dollar Tree #1085,2007-09-14,13875,10955.6,69210,Low,Northeast,AR,Plus
ST-01086,Dollar Tree #1086,2019-05-21,13963,2175.1,17887,Medium,Midwest,CO,Standard
ST-01087,Dollar Tree #1087,2021-07-12,12901,7660.0,86697,Medium,Midwest,CA,Standard
ST-01088,Dollar Tree #1088,2023-09-19,6572,3747.5,61813,High,Northeast,AR,Standard
ST-01089,Dollar Tree #1089,2023-09-09,13194,5297.2,90012,Medium,Midwest,NV,Combo
ST-01090,Dollar Tree #1090,2010-11-09,12166,8551.5,45784,Low,Mid-Atlantic,VA,Standard
ST-01091,Dollar Tree #1091,2006-08-20,8690,387.3,27527,High,Northeast,CO,Plus
ST-01092,Dollar Tree #1092,2000-01-22,7421,5075.3,74091,Medium,West,FL,Combo
ST-01093,Dollar Tree #1093,2020-02-18,6253,10732.4,98029,Medium,Mid-Atlantic,NY,Standard
ST-01094,Dollar Tree #1094,2012-10-12,9168,2290.8,11105,Low,Southwest,NJ,Standard
ST-01095,Dollar Tree #1095,2014-01-08,12087,433.4,46848,High,Mid-Atlantic,NJ,Standard
ST-01096,Dollar Tree #1096,2002-10-21,8483,9739.3,38986,Low,Southwest,NJ,Standard
ST-01097,Dollar Tree #1097,2008-08-23,11791,7351.1,10935,Low,Mid-Atlantic,AZ,Standard
ST-01098,Dollar Tree #1098,2008-10-17,10046,2211.6,35397,High,Mid-Atlantic,AL,Combo
ST-01099,Dollar Tree #1099,2021-10-19,7437,971.3,26809,High,Northeast,PA,Standard
ST-01100,Dollar Tree #1100,2018-04-17,11971,9430.6,35146,High,Northeast,OR,Combo
ST-01101,Dollar Tree #1101,2017-10-09,11576,6809.4,69497,Low,Southwest,KY,Combo
ST-01102,Dollar Tree #1102,2020-01-28,13690,4011.4,63330,Medium,Northeast,OK,Plus
ST-01103,Dollar Tree #1103,2014-08-12,10237,9156.5,39431,Low,Midwest,NM,Plus
ST-01104,Dollar Tree #1104,2017-08-11,6042,4823.9,53870,Low,West,MS,Standard
ST-01105,Dollar Tree #1105,2023-04-23,9471,11501.8,42765,Low,Southeast,VA,Standard
ST-01106,Dollar Tree #1106,2002-11-21,6792,528.9,66616,Low,West,MS,Combo
ST-01107,Dollar Tree #1107,2010-05-08,6883,5788.2,54669,Low,Midwest,WI,Standard
ST-01108,Dollar Tree #1108,2002-10-20,9592,9216.4,91965,Medium,West,NY,Standard
ST-01109,Dollar Tree #1109,2001-01-13,8566,10703.0,18523,Low,Northeast,NM,Plus
ST-01110,Dollar Tree #1110,2001-05-20,11129,5295.7,23346,High,Northeast,SC,Standard
ST-01111,Dollar Tree #1111,2009-07-13,6785,7484.2,63884,Low,West,MS,Combo
ST-01112,Dollar Tree #1112,2019-01-15,9145,5677.7,66112,Medium,West,NY,Standard
ST-01113,Dollar Tree #1113,2020-11-26,6212,5558.1,53017,Medium,Southeast,NY,Standard
ST-01114,Dollar Tree #1114,2000-10-23,6553,7196.1,35377,Medium,Southeast,KY,Plus
ST-01115,Dollar Tree #1115,2008-06-14,9943,8750.6,68277,Low,Southeast,PA,Standard
ST-01116,Dollar Tree #1116,2001-03-10,10788,5343.0,95420,Medium,Midwest,AL,Plus
ST-01117,Dollar Tree #1117,2024-03-05,9846,3842.4,54944,Medium,Midwest,TX,Plus
ST-01118,Dollar Tree #1118,2018-11-22,7184,876.3,76467,Medium,Northeast,TN,Standard
ST-01119,Dollar Tree #1119,2006-04-21,13442,2574.9,18965,Medium,Southeast,OK,Plus
ST-01120,Dollar Tree #1120,2022-12-15,10913,8370.5,85813,Medium,Midwest,CO,Standard
ST-01121,Dollar Tree #1121,2013-06-06,6858,5560.8,15530,Medium,Southeast,NM,Standard
ST-01122,Dollar Tree #1122,2020-04-23,7886,5705.1,37936,Low,Southwest,CT,Standard
ST-01123,Dollar Tree #1123,2023-07-07,9279,2374.1,10881,Medium,Northeast,FL,Standard
ST-01124,Dollar Tree #1124,2000-09-04,7166,3628.8,35480,High,West,NM,Standard
ST-01125,Dollar Tree #1125,2001-01-07,7620,3552.4,38697,Medium,Mid-Atlantic,OH,Standard
ST-01126,Dollar Tree #1126,2017-04-06,7605,453.6,44313,Low,Northeast,AR,Combo
ST-01127,Dollar Tree #1127,2004-07-21,12450,10643.1,54352,Low,Midwest,IN,Standard
ST-01128,Dollar Tree #1128,2011-06-22,7403,11305.7,91684,Medium,Mid-Atlantic,FL,Standard
ST-01129,Dollar Tree #1129,2004-03-26,7553,2461.8,59570,High,Midwest,VA,Plus
ST-01130,Dollar Tree #1130,2013-11-08,13544,745.1,90744,Medium,Southeast,KS,Plus
ST-01131,Dollar Tree #1131,2009-03-11,8024,828.5,46709,Low,West,AL,Plus
ST-01132,Dollar Tree #1132,2006-12-03,12427,5753.9,96966,Medium,Northeast,OH,Plus
ST-01133,Dollar Tree #1133,2012-11-25,10171,4616.3,78012,Medium,Southeast,VA,Combo
ST-01134,Dollar Tree #1134,2011-09-23,9959,8644.7,74853,Medium,Midwest,AL,Plus
ST-01135,Dollar Tree #1135,2020-10-21,6299,2645.0,36607,Medium,Southeast,AZ,Standard
ST-01136,Dollar Tree #1136,2009-07-13,10680,2055.1,59034,Medium,West,FL,Standard
ST-01137,Dollar Tree #1137,2024-02-10,9641,6322.1,40169,Medium,Northeast,IN,Plus
ST-01138,Dollar Tree #1138,2019-06-14,9695,5717.1,63602,Medium,Southwest,VA,Standard
ST-01139,Dollar Tree #1139,2012-01-06,9618,2958.7,94587,Low,Midwest,NV,Standard
ST-01140,Dollar Tree #1140,2009-09-17,10478,7795.1,46231,Low,Northeast,NY,Standard
ST-01141,Dollar Tree #1141,2011-01-18,7640,4138.3,98487,Medium,Midwest,MI,Combo
ST-01142,Dollar Tree #1142,2024-11-28,8248,2449.6,89171,Low,Mid-Atlantic,CT,Plus
ST-01143,Dollar Tree #1143,2008-01-25,8453,3525.8,55433,Medium,Southwest,AR,Plus
ST-01144,Dollar Tree #1144,2024-11-01,9866,7918.3,29566,Medium,Southeast,GA,Combo
ST-01145,Dollar Tree #1145,2023-04-16,7914,6286.7,82432,Medium,Mid-Atlantic,AR,Plus
ST-01146,Dollar Tree #1146,2010-02-11,12928,2416.6,64747,Low,Southwest,IN,Plus
ST-01147,Dollar Tree #1147,2000-06-05,10730,10510.3,50051,High,Northeast,MO,Combo
ST-01148,Dollar Tree #1148,2011-06-08,9433,5223.5,62870,High,West,MI,Standard
ST-01149,Dollar Tree #1149,2018-01-19,12433,580.1,28236,Low,Midwest,AL,Combo
ST-01150,Dollar Tree #1150,2019-10-19,13102,4812.5,59980,Low,Southwest,FL,Plus
ST-01151,Dollar Tree #1151,2012-04-16,6889,4080.3,69183,High,Midwest,FL,Standard
ST-01152,Dollar Tree #1152,2003-11-18,7455,578.3,89084,Medium,Northeast,OH,Standard
ST-01153,Dollar Tree #1153,2002-07-10,7686,2949.9,96451,Medium,Northeast,IN,Standard
ST-01154,Dollar Tree #1154,2011-09-01,7407,4055.9,63852,Medium,Southeast,NY,Standard
ST-01155,Dollar Tree #1155,2017-07-16,12087,1011.4,37063,Low,Southeast,MI,Plus
ST-01156,Dollar Tree #1156,2022-11-16,7300,7323.8,50673,Medium,Southeast,WI,Combo
ST-01157,Dollar Tree #1157,2021-08-09,7652,287.8,28702,Medium,Northeast,AR,Plus
ST-01158,Dollar Tree #1158,2019-04-17,8694,10941.6,74350,Medium,Southwest,AL,Standard
ST-01159,Dollar Tree #1159,2023-02-10,11294,10595.7,69809,Medium,Mid-Atlantic,AR,Combo
ST-01160,Dollar Tree #1160,2009-07-20,12745,9757.8,32954,Medium,Southeast,OH,Plus
ST-01161,Dollar Tree #1161,2023-07-15,9151,10947.8,34044,High,West,NY,Plus
ST-01162,Dollar Tree #1162,2022-01-08,13254,10472.4,45884,High,West,MI,Combo
ST-01163,Dollar Tree #1163,2002-12-24,11917,10846.4,74682,Medium,West,NY,Standard
ST-01164,Dollar Tree #1164,2002-02-17,12279,9398.2,63752,Medium,Southeast,NC,Standard
ST-01165,Dollar Tree #1165,2016-01-15,6218,1063.7,98555,High,Southwest,AZ,Standard
ST-01166,Dollar Tree #1166,2023-07-28,7592,4880.8,11407,Medium,Northeast,OR,Standard
ST-01167,Dollar Tree #1167,2010-11-24,9803,5920.2,18943,Low,West,OK,Standard
ST-01168,Dollar Tree #1168,2022-08-05,9856,9881.0,31150,Low,Northeast,CO,Standard
ST-01169,Dollar Tree #1169,2005-05-04,10379,8949.1,32079,Low,Mid-Atlantic,IA,Standard
ST-01170,Dollar Tree #1170,2021-05-05,9609,4425.4,38399,High,Northeast,NV,Combo
ST-01171,Dollar Tree #1171,2017-04-15,11707,763.5,93203,Medium,Mid-Atlantic,OK,Combo
ST-01172,Dollar Tree #1172,2021-02-13,11655,3838.2,16870,Medium,Northeast,CA,Plus
ST-01173,Dollar Tree #1173,2024-04-08,9069,10923.3,36212,Low,Northeast,TN,Standard
ST-01174,Dollar Tree #1174,2000-06-27,7574,8223.5,18280,Low,Northeast,MS,Combo
ST-01175,Dollar Tree #1175,2005-12-06,6360,5105.0,24114,Medium,Midwest,SC,Combo
ST-01176,Dollar Tree #1176,2006-10-07,13654,6592.1,66083,Low,Southeast,IL,Standard
ST-01177,Dollar Tree #1177,2011-06-06,6122,4945.2,51450,Low,Southwest,IL,Plus
ST-01178,Dollar Tree #1178,2007-02-22,12677,3485.8,91777,Medium,Northeast,FL,Standard
ST-01179,Dollar Tree #1179,2013-05-25,10905,6095.0,23344,High,West,MS,Plus
ST-01180,Dollar Tree #1180,2005-05-04,10914,4027.4,92689,High,Southwest,OK,Combo
ST-01181,Dollar Tree #1181,2004-06-06,11204,9188.3,51676,High,Southwest,FL,Standard
ST-01182,Dollar Tree #1182,2000-10-19,9677,4712.0,93963,High,Southeast,WI,Plus
ST-01183,Dollar Tree #1183,2022-01-08,6173,7472.9,26260,Medium,Southeast,CT,Plus
ST-01184,Dollar Tree #1184,2024-04-20,6650,907.1,59089,Medium,Midwest,IL,Standard
ST-01185,Dollar Tree #1185,2012-04-21,6310,3009.2,88390,Medium,Mid-Atlantic,NV,Standard
ST-01186,Dollar Tree #1186,2004-05-11,11272,9486.3,15191,Medium,Southwest,KY,Standard
ST-01187,Dollar Tree #1187,2024-01-08,12938,8847.9,54922,Low,Southeast,SC,Standard
ST-01188,Dollar Tree #1188,2021-04-26,11630,8416.1,39156,Medium,Southwest,WI,Standard
ST-01189,Dollar Tree #1189,2005-08-21,6049,962.5,74440,Low,Southeast,CA,Combo
ST-01190,Dollar Tree #1190,2004-04-05,6751,2249.4,81938,Low,Southeast,WI,Standard
ST-01191,Dollar Tree #1191,2013-12-15,8551,2137.1,35891,Low,Southwest,OH,Plus
ST-01192,Dollar Tree #1192,2007-05-10,10722,5489.6,93309,Low,Midwest,KS,Plus
ST-01193,Dollar Tree #1193,2002-06-13,9094,2179.6,67852,Medium,West,CO,Combo
ST-01194,Dollar Tree #1194,2013-03-27,13813,9564.0,12596,Medium,Southwest,KS,Standard
ST-01195,Dollar Tree #1195,2024-05-20,10400,2003.0,33029,Medium,Southwest,IN,Standard
ST-01196,Dollar Tree #1196,2014-05-13,10605,7351.1,19429,Medium,Southeast,OR,Plus
ST-01197,Dollar Tree #1197,2006-03-07,6034,351.4,75627,High,Mid-Atlantic,NJ,Plus
ST-01198,Dollar Tree #1198,2012-07-13,13950,8957.9,60336,Medium,Midwest,KY,Plus
ST-01199,Dollar Tree #1199,2002-07-02,13549,1668.8,84135,Low,Southeast,IA,Plus
ST-01200,Dollar Tree #1200,2008-12-12,10174,8567.7,93228,High,Midwest,OR,Standard
ST-01201,Dollar Tree #1201,2020-07-14,12026,3112.1,72616,Low,Midwest,KY,Combo
ST-01202,Dollar Tree #1202,2021-01-23,11453,7814.9,44253,Medium,Southwest,OK,Standard
ST-01203,Dollar Tree #1203,2008-04-20,10737,11431.0,31158,Low,Northeast,IA,Standard
ST-01204,Dollar Tree #1204,2020-12-13,9257,8531.6,20531,Medium,Southeast,NV,Plus
ST-01205,Dollar Tree #1205,2005-07-09,11667,3766.2,79887,High,Southwest,AL,Standard
ST-01206,Dollar Tree #1206,2023-07-25,13179,11107.0,21648,Low,Mid-Atlantic,AL,Standard
ST-01207,Dollar Tree #1207,2004-05-24,7716,11174.2,62162,High,Midwest,TX,Standard
ST-01208,Dollar Tree #1208,2015-01-04,6572,9330.2,64767,Medium,Southwest,KY,Standard
ST-01209,Dollar Tree #1209,2023-07-06,7445,4620.9,27607,Low,Southwest,OH,Plus
ST-01210,Dollar Tree #1210,2003-08-19,12671,2708.4,36337,Low,Mid-Atlantic,OH,Standard
ST-01211,Dollar Tree #1211,2008-07-15,11135,10973.1,24312,High,Southeast,FL,Standard
ST-01212,Dollar Tree #1212,2002-07-04,8267,958.3,13888,Medium,Southeast,MO,Plus
ST-01213,Dollar Tree #1213,2021-02-01,6500,3339.8,10947,High,West,MS,Standard
ST-01214,Dollar Tree #1214,2003-04-17,12486,285.7,89034,Medium,Midwest,NM,Plus
ST-01215,Dollar Tree #1215,2015-06-20,9518,4171.3,99372,Medium,Midwest,AR,Standard
ST-01216,Dollar Tree #1216,2011-11-13,9100,7407.5,56665,Medium,Northeast,TX,Plus
ST-01217,Dollar Tree #1217,2022-07-24,12843,10678.1,28201,Low,West,NY,Plus
ST-01218,Dollar Tree #1218,2008-12-25,12676,3132.7,69233,Medium,Mid-Atlantic,OK,Plus
ST-01219,Dollar Tree #1219,2016-07-22,7539,236.9,93633,Medium,Northeast,KY,Standard
ST-01220,Dollar Tree #1220,2001-12-11,11553,5442.8,89529,Medium,Southwest,CT,Plus
ST-01221,Dollar Tree #1221,2002-06-14,13692,11191.5,72406,High,Mid-Atlantic,NV,Standard
ST-01222,Dollar Tree #1222,2023-07-10,10973,2501.9,28764,Medium,West,MS,Combo
ST-01223,Dollar Tree #1223,2016-01-05,10079,9602.5,49498,High,West,KS,Plus
ST-01224,Dollar Tree #1224,2005-08-04,9949,8019.2,41575,Low,Southeast,OH,Combo
ST-01225,Dollar Tree #1225,2022-02-04,9562,11921.7,13830,Low,Midwest,NV,Plus
ST-01226,Dollar Tree #1226,2024-05-08,11891,3240.0,72429,High,Northeast,OK,Standard
ST-01227,Dollar Tree #1227,2017-11-24,10030,1267.2,53620,Low,West,IA,Plus
ST-01228,Dollar Tree #1228,2002-11-11,9088,10940.0,60023,High,Mid-Atlantic,MS,Plus
ST-01229,Dollar Tree #1229,2013-04-08,8122,1565.1,21492,Low,Northeast,VA,Combo
ST-01230,Dollar Tree #1230,2018-04-24,13716,1570.1,58200,Low,Midwest,AZ,Plus
ST-01231,Dollar Tree #1231,2023-01-10,6506,7162.7,34885,Medium,Southwest,VA,Standard
ST-01232,Dollar Tree #1232,2021-03-17,11437,7299.1,39116,Low,Southwest,TX,Plus
ST-01233,Dollar Tree #1233,2014-06-05,12685,11326.1,38692,Medium,Mid-Atlantic,IN,Standard
ST-01234,Dollar Tree #1234,2019-05-05,12119,8051.1,14501,Medium,Midwest,MI,Plus
ST-01235,Dollar Tree #1235,2022-02-09,12944,8537.0,72689,High,Southeast,MO,Standard
ST-01236,Dollar Tree #1236,2022-07-02,12637,4131.1,37605,High,Southeast,OR,Combo
ST-01237,Dollar Tree #1237,2001-03-28,9993,8783.3,49203,High,Southeast,TX,Plus
ST-01238,Dollar Tree #1238,2012-06-14,11553,5786.4,55653,Medium,Southwest,FL,Plus
ST-01239,Dollar Tree #1239,2023-05-10,11704,11092.2,81828,Medium,Northeast,PA,Standard
ST-01240,Dollar Tree #1240,2024-10-28,12595,838.7,49855,Medium,Mid-Atlantic,OH,Plus
ST-01241,Dollar Tree #1241,2004-08-23,9952,3634.8,28982,Low,Southeast,MS,Combo
ST-01242,Dollar Tree #1242,2006-12-21,6074,4474.3,85455,Low,Mid-Atlantic,MS,Standard
ST-01243,Dollar Tree #1243,2012-07-22,12894,2185.0,17383,Low,Midwest,MO,Standard
ST-01244,Dollar Tree #1244,2001-02-17,11325,4194.1,66861,Low,Mid-Atlantic,CT,Plus
ST-01245,Dollar Tree #1245,2007-01-04,7973,4880.4,49674,High,West,OH,Combo
ST-01246,Dollar Tree #1246,2023-07-25,11667,11895.7,97914,High,Northeast,IA,Plus
ST-01247,Dollar Tree #1247,2020-07-09,11180,7907.7,58145,Low,Northeast,NY,Standard
ST-01248,Dollar Tree #1248,2003-08-21,11478,10920.0,39482,Low,West,AL,Plus
ST-01249,Dollar Tree #1249,2015-05-23,12105,1315.7,87709,Low,Southwest,MO,Combo
ST-01250,Dollar Tree #1250,2022-07-10,10681,1677.8,52628,Low,Mid-Atlantic,NM,Plus
ST-01251,Dollar Tree #1251,2005-07-27,11740,433.0,82883,Medium,West,MO,Standard
ST-01252,Dollar Tree #1252,2016-10-18,11847,9862.2,95419,Low,Southeast,OK,Standard
ST-01253,Dollar Tree #1253,2005-10-23,7474,262.8,68619,Medium,Northeast,CA,Standard
ST-01254,Dollar Tree #1254,2018-04-21,7320,1236.3,43654,Low,Northeast,NY,Plus
ST-01255,Dollar Tree #1255,2009-06-18,7405,5192.0,96266,Low,Southeast,MI,Standard
ST-01256,Dollar Tree #1256,2016-05-22,10375,5450.1,85637,Medium,Mid-Atlantic,VA,Plus
ST-01257,Dollar Tree #1257,2011-10-18,10182,2676.1,22977,High,Northeast,GA,Standard
ST-01258,Dollar Tree #1258,2006-03-10,13013,10025.0,27590,Medium,West,IL,Plus
ST-01259,Dollar Tree #1259,2011-05-05,11972,7543.3,19746,Medium,Midwest,NC,Plus
ST-01260,Dollar Tree #1260,2020-03-13,9736,1182.4,43315,High,Southwest,OR,Standard
ST-01261,Dollar Tree #1261,2017-04-03,11157,8845.6,92984,High,Mid-Atlantic,IL,Combo
ST-01262,Dollar Tree #1262,2011-10-22,11306,9882.0,89291,Low,Southwest,AR,Standard
ST-01263,Dollar Tree #1263,2010-07-13,6212,11575.4,42440,Low,Midwest,NY,Plus
ST-01264,Dollar Tree #1264,2003-11-18,9332,978.3,93909,Low,Midwest,NM,Standard
ST-01265,Dollar Tree #1265,2024-05-05,13117,9617.5,45867,Low,Northeast,AZ,Standard
ST-01266,Dollar Tree #1266,2012-02-26,13582,1657.3,79006,High,Midwest,AL,Plus
ST-01267,Dollar Tree #1267,2003-09-12,11738,6951.5,46961,Medium,Midwest,CO,Standard
ST-01268,Dollar Tree #1268,2001-03-11,13753,9072.1,33681,Medium,Mid-Atlantic,OK,Plus
ST-01269,Dollar Tree #1269,2017-10-28,9298,5827.0,26721,Medium,Northeast,OK,Plus
ST-01270,Dollar Tree #1270,2022-03-22,7035,1883.5,84391,High,Midwest,CA,Combo
ST-01271,Dollar Tree #1271,2020-06-23,12369,3139.5,89783,Medium,Mid-Atlantic,IN,Standard
ST-01272,Dollar Tree #1272,2014-06-26,9839,6126.3,46152,Medium,West,OR,Standard
ST-01273,Dollar Tree #1273,2009-11-28,6712,11380.0,63282,Medium,Northeast,KY,Standard
ST-01274,Dollar Tree #1274,2002-12-08,13740,1304.9,85407,Low,Northeast,CT,Standard
ST-01275,Dollar Tree #1275,2017-08-26,13162,326.2,65572,High,West,NM,Combo
ST-01276,Dollar Tree #1276,2004-08-16,10218,8284.4,98706,Medium,Mid-Atlantic,NY,Plus
ST-01277,Dollar Tree #1277,2000-10-07,13461,10010.5,10955,High,Southwest,OR,Plus
ST-01278,Dollar Tree #1278,2023-06-08,12053,8001.9,79220,High,West,CA,Plus
ST-01279,Dollar Tree #1279,2014-03-22,13620,10606.8,78618,Low,Southeast,FL,Standard
ST-01280,Dollar Tree #1280,2004-09-12,13802,800.7,74947,Medium,Southeast,NJ,Standard
ST-01281,Dollar Tree #1281,2010-11-08,12813,6561.6,25448,Medium,Midwest,MO,Standard
ST-01282,Dollar Tree #1282,2008-04-01,12045,7647.9,61592,Low,Midwest,NM,Combo
ST-01283,Dollar Tree #1283,2016-01-15,13311,7489.4,73998,Low,Midwest,TX,Plus
ST-01284,Dollar Tree #1284,2014-06-10,8899,1464.5,55838,High,Southeast,AZ,Standard
ST-01285,Dollar Tree #1285,2000-02-14,10030,2531.0,79349,Medium,Southeast,TN,Standard
ST-01286,Dollar Tree #1286,2015-01-05,12303,7948.3,39634,Medium,Southwest,NJ,Standard
ST-01287,Dollar Tree #1287,2011-07-06,10394,9776.2,24246,Medium,Mid-Atlantic,AR,Plus
ST-01288,Dollar Tree #1288,2005-03-12,12120,5320.7,57085,High,Southeast,NY,Standard
ST-01289,Dollar Tree #1289,2009-01-05,9232,5168.5,53412,Low,Southeast,OK,Standard
ST-01290,Dollar Tree #1290,2015-11-09,6973,5168.9,82105,Medium,Mid-Atlantic,OR,Standard
ST-01291,Dollar Tree #1291,2010-07-17,11947,11098.0,60967,Low,Northeast,NY,Standard
ST-01292,Dollar Tree #1292,2004-03-12,10096,361.1,99710,Low,Northeast,OK,Standard
ST-01293,Dollar Tree #1293,2013-10-24,6065,5325.1,47940,Medium,Southwest,FL,Plus
ST-01294,Dollar Tree #1294,2007-10-05,11974,6232.6,42698,Medium,Northeast,KS,Standard
ST-01295,Dollar Tree #1295,2022-04-22,12722,5264.1,72114,High,Northeast,OR,Combo
ST-01296,Dollar Tree #1296,2016-10-06,7545,11912.1,87489,High,Mid-Atlantic,PA,Standard
ST-01297,Dollar Tree #1297,2003-03-13,6314,3431.6,35189,Low,Southwest,TX,Plus
ST-01298,Dollar Tree #1298,2006-02-28,6417,4688.2,78809,Medium,Mid-Atlantic,KY,Standard
ST-01299,Dollar Tree #1299,2007-06-14,9925,923.9,65977,High,Northeast,MI,Standard
ST-01300,Dollar Tree #1300,2008-06-09,13725,4342.1,64797,Low,Midwest,NV,Standard
ST-01301,Dollar Tree #1301,2005-01-01,6427,7993.1,52157,Low,Midwest,MO,Standard
ST-01302,Dollar Tree #1302,2019-02-14,7514,3176.7,74393,Medium,Midwest,MI,Standard
ST-01303,Dollar Tree #1303,2003-11-01,11594,6710.9,27079,Medium,Midwest,CT,Standard
ST-01304,Dollar Tree #1304,2023-10-17,10953,4584.8,95229,Medium,Southeast,AL,Plus
ST-01305,Dollar Tree #1305,2002-02-05,11157,8962.5,25775,Low,West,NM,Combo
ST-01306,Dollar Tree #1306,2006-04-23,9651,11120.9,19814,Medium,West,VA,Standard
ST-01307,Dollar Tree #1307,2023-08-25,7654,6496.0,30142,Low,Southeast,IL,Plus
ST-01308,Dollar Tree #1308,2017-12-09,13303,10549.5,83445,Medium,Midwest,IN,Combo
ST-01309,Dollar Tree #1309,2022-02-14,6554,5897.3,78650,Medium,Northeast,OH,Plus
ST-01310,Dollar Tree #1310,2008-12-05,8372,736.3,84209,Low,Mid-Atlantic,IL,Combo
ST-01311,Dollar Tree #1311,2012-08-22,10361,10469.0,19828,Low,Southwest,IA,Plus
ST-01312,Dollar Tree #1312,2012-09-25,9196,4930.0,45585,Low,Southeast,TX,Standard
ST-01313,Dollar Tree #1313,2018-04-19,11707,304.6,77213,Medium,West,OR,Combo
ST-01314,Dollar Tree #1314,2016-05-10,12983,2800.0,45194,Medium,Northeast,OH,Standard
ST-01315,Dollar Tree #1315,2001-09-08,8390,661.3,29416,Medium,Southeast,NC,Standard
ST-01316,Dollar Tree #1316,2020-04-27,7720,6508.2,10183,High,Midwest,KY,Plus
ST-01317,Dollar Tree #1317,2011-06-03,13753,8524.4,81994,Medium,Mid-Atlantic,PA,Plus
ST-01318,Dollar Tree #1318,2019-05-11,6469,7586.3,11364,Medium,Southeast,CT,Standard
ST-01319,Dollar Tree #1319,2005-05-01,10402,7956.3,86449,Low,Mid-Atlantic,CT,Combo
ST-01320,Dollar Tree #1320,2012-11-09,13127,7589.5,89212,Medium,Southeast,AR,Plus
ST-01321,Dollar Tree #1321,2007-06-09,7670,7063.6,61834,Low,Southwest,GA,Combo
ST-01322,Dollar Tree #1322,2023-07-12,7215,10845.6,22280,Medium,Southeast,IN,Standard
ST-01323,Dollar Tree #1323,2005-04-19,10018,11331.6,33646,High,Midwest,TX,Standard
ST-01324,Dollar Tree #1324,2005-03-27,9229,8310.9,34621,Low,Southeast,FL,Plus
ST-01325,Dollar Tree #1325,2007-08-21,13949,4949.6,79045,Low,Mid-Atlantic,IA,Standard
ST-01326,Dollar Tree #1326,2019-02-13,9145,444.4,11776,High,Northeast,PA,Standard
ST-01327,Dollar Tree #1327,2024-02-09,7168,11275.5,88595,Low,Northeast,MS,Standard
ST-01328,Dollar Tree #1328,2017-12-27,8772,10262.1,21136,Low,Southeast,MO,Plus
ST-01329,Dollar Tree #1329,2014-03-10,8717,5851.1,41956,Low,West,OR,Standard
ST-01330,Dollar Tree #1330,2020-09-04,6173,9934.1,23476,Medium,Midwest,NY,Plus
ST-01331,Dollar Tree #1331,2013-03-01,13472,2846.9,39710,Medium,Southwest,PA,Standard
ST-01332,Dollar Tree #1332,2020-05-08,13550,10572.1,60429,High,Mid-Atlantic,AR,Standard
ST-01333,Dollar Tree #1333,2015-03-04,7839,1400.5,46937,Medium,Northeast,CO,Standard
ST-01334,Dollar Tree #1334,2003-06-03,13336,711.5,29805,Low,Southwest,WI,Standard
ST-01335,Dollar Tree #1335,2019-03-22,9483,1972.6,97460,High,Midwest,CO,Standard
ST-01336,Dollar Tree #1336,2011-02-09,13505,6091.2,58380,Medium,Mid-Atlantic,MS,Standard
ST-01337,Dollar Tree #1337,2000-03-25,11372,1929.8,29369,Medium,Southwest,CT,Plus
ST-01338,Dollar Tree #1338,2002-02-19,9501,11523.1,46500,Low,Northeast,VA,Standard
ST-01339,Dollar Tree #1339,2005-07-12,8615,6031.6,73083,High,Southwest,CO,Combo
ST-01340,Dollar Tree #1340,2010-03-26,13733,7916.7,42231,Medium,Southwest,SC,Plus
ST-01341,Dollar Tree #1341,2017-09-16,10362,6527.3,40161,Medium,Northeast,AL,Combo
ST-01342,Dollar Tree #1342,2013-09-19,12361,8383.3,38748,High,Northeast,GA,Standard
ST-01343,Dollar Tree #1343,2000-04-28,6140,4476.3,72118,Low,Northeast,CA,Standard
ST-01344,Dollar Tree #1344,2011-03-10,9771,1900.9,82286,Medium,Southeast,IL,Standard
ST-01345,Dollar Tree #1345,2001-12-05,6960,11552.2,28753,Medium,Mid-Atlantic,TX,Combo
ST-01346,Dollar Tree #1346,2013-06-02,11745,1450.9,86232,Low,Southwest,AR,Plus
ST-01347,Dollar Tree #1347,2005-01-05,8992,1867.1,42118,Low,Northeast,AL,Plus
ST-01348,Dollar Tree #1348,2004-03-16,12091,1853.3,79133,High,Midwest,MO,Plus
ST-01349,Dollar Tree #1349,2023-06-15,12401,7809.2,11731,Medium,Northeast,PA,Standard
ST-01350,Dollar Tree #1350,2020-01-20,12153,2248.2,31017,Low,Southwest,AR,Plus
ST-01351,Dollar Tree #1351,2021-08-18,11827,9988.3,84981,Medium,Midwest,OR,Standard
ST-01352,Dollar Tree #1352,2013-03-09,13971,1284.9,59487,Low,Mid-Atlantic,IL,Plus
ST-01353,Dollar Tree #1353,2019-01-08,9213,2367.6,83307,Medium,Northeast,AR,Combo
ST-01354,Dollar Tree #1354,2014-08-11,11346,7774.3,59868,Low,Northeast,MS,Standard
ST-01355,Dollar Tree #1355,2020-07-07,8211,1479.1,20198,Medium,West,IA,Standard
ST-01356,Dollar Tree #1356,2000-04-10,7333,6590.5,18561,Low,West,TX,Standard
ST-01357,Dollar Tree #1357,2006-09-07,11229,11164.6,41501,Medium,Northeast,AL,Plus
ST-01358,Dollar Tree #1358,2001-10-26,9963,739.0,51232,Low,Midwest,TX,Standard
ST-01359,Dollar Tree #1359,2024-05-13,10097,2499.6,61202,High,Midwest,PA,Combo
ST-01360,Dollar Tree #1360,2021-02-11,9336,10778.8,76005,Low,West,MS,Standard
ST-01361,Dollar Tree #1361,2000-10-26,9130,5828.0,14903,Medium,Southeast,PA,Combo
ST-01362,Dollar Tree #1362,2014-02-21,6764,11443.3,40352,Low,Mid-Atlantic,KY,Standard
ST-01363,Dollar Tree #1363,2024-12-06,13894,6119.1,89788,High,West,NM,Standard
ST-01364,Dollar Tree #1364,2014-03-11,8382,4451.7,66479,Low,Mid-Atlantic,IA,Combo
ST-01365,Dollar Tree #1365,2012-04-07,11000,7361.1,29975,Medium,Mid-Atlantic,MO,Standard
ST-01366,Dollar Tree #1366,2000-03-25,13130,3852.6,21425,Medium,Northeast,IN,Standard
ST-01367,Dollar Tree #1367,2005-05-06,6558,3505.4,57622,Medium,Northeast,FL,Standard
ST-01368,Dollar Tree #1368,2022-08-09,9876,11746.1,67939,High,Southeast,NY,Plus
ST-01369,Dollar Tree #1369,2015-01-12,13036,3582.2,63612,Medium,Mid-Atlantic,PA,Plus
ST-01370,Dollar Tree #1370,2011-09-28,11116,11434.1,58979,Low,Mid-Atlantic,TN,Plus
ST-01371,Dollar Tree #1371,2014-05-22,6349,7523.2,94392,Low,Mid-Atlantic,MS,Standard
ST-01372,Dollar Tree #1372,2022-09-01,7266,10266.1,48097,Medium,Southeast,AL,Plus
ST-01373,Dollar Tree #1373,2002-04-13,13161,5654.9,22255,Medium,Southwest,IN,Combo
ST-01374,Dollar Tree #1374,2017-08-04,6703,2327.2,24201,Medium,Southwest,IL,Plus
ST-01375,Dollar Tree #1375,2010-02-11,8805,11958.0,73739,Low,Mid-Atlantic,CT,Plus
ST-01376,Dollar Tree #1376,2003-05-15,6313,6632.0,71599,Low,Mid-Atlantic,IL,Standard
ST-01377,Dollar Tree #1377,2018-01-20,12342,4687.4,57381,Medium,Southwest,IL,Standard
ST-01378,Dollar Tree #1378,2006-01-25,11600,5190.5,43039,High,Southeast,FL,Standard
ST-01379,Dollar Tree #1379,2002-05-13,6669,3720.4,69168,Medium,West,IL,Combo
ST-01380,Dollar Tree #1380,2008-03-27,6440,1290.8,66168,Medium,Midwest,OH,Standard
ST-01381,Dollar Tree #1381,2011-07-16,9895,6519.0,31061,High,Southwest,NJ,Combo
ST-01382,Dollar Tree #1382,2018-07-27,6081,6818.7,88266,Low,Northeast,CT,Combo
ST-01383,Dollar Tree #1383,2018-10-05,8652,8035.9,51486,Low,Southeast,NV,Plus
ST-01384,Dollar Tree #1384,2004-08-28,8592,1540.6,98335,Medium,Midwest,WI,Combo
ST-01385,Dollar Tree #1385,2000-08-27,13022,1683.5,68894,High,West,NY,Standard
ST-01386,Dollar Tree #1386,2006-12-07,9442,8418.1,31771,Medium,Southwest,IL,Standard
ST-01387,Dollar Tree #1387,2006-04-22,10725,11470.2,58530,Medium,Northeast,MI,Standard
ST-01388,Dollar Tree #1388,2016-02-23,10088,7857.2,69768,Medium,Southwest,NJ,Standard
ST-01389,Dollar Tree #1389,2017-07-17,13979,9228.0,24860,Low,Southwest,TN,Standard
ST-01390,Dollar Tree #1390,2005-09-20,7332,6604.6,60012,Medium,Mid-Atlantic,OR,Combo
ST-01391,Dollar Tree #1391,2013-11-10,11751,7520.4,23005,Low,Northeast,FL,Combo
ST-01392,Dollar Tree #1392,2000-10-14,6849,6057.6,91766,Medium,Northeast,KY,Plus
ST-01393,Dollar Tree #1393,2016-10-26,6267,8079.0,65134,Low,Southeast,IA,Plus
ST-01394,Dollar Tree #1394,2017-07-04,7602,10304.8,26310,Medium,Southwest,TN,Combo
ST-01395,Dollar Tree #1395,2022-12-13,6062,11287.5,39351,Medium,Midwest,NC,Combo
ST-01396,Dollar Tree #1396,2008-05-27,13394,9582.6,64357,High,Southeast,TX,Plus
ST-01397,Dollar Tree #1397,2001-01-01,7256,9528.0,78021,High,West,VA,Standard
ST-01398,Dollar Tree #1398,2005-10-14,7981,6757.7,61296,Low,West,KY,Plus
ST-01399,Dollar Tree #1399,2001-10-14,7055,11284.8,61172,High,Southeast,AZ,Standard
ST-01400,Dollar Tree #1400,2016-03-14,7892,1375.0,26558,Medium,Northeast,KY,Plus
ST-01401,Dollar Tree #1401,2012-11-09,12859,6724.3,52258,Low,Northeast,FL,Standard
ST-01402,Dollar Tree #1402,2013-01-21,12308,7200.8,13646,Medium,Mid-Atlantic,SC,Standard
ST-01403,Dollar Tree #1403,2018-07-01,12081,8863.2,69468,High,Mid-Atlantic,IA,Standard
ST-01404,Dollar Tree #1404,2005-04-21,13355,2816.7,35405,Medium,Southeast,CT,Plus
ST-01405,Dollar Tree #1405,2024-05-22,6423,3444.6,28844,High,Northeast,KY,Plus
ST-01406,Dollar Tree #1406,2003-02-15,13595,7231.6,24034,Low,Midwest,NC,Standard
ST-01407,Dollar Tree #1407,2002-02-16,12919,4464.5,37259,Medium,Northeast,MO,Standard
ST-01408,Dollar Tree #1408,2013-02-16,13857,7583.1,37563,High,Southwest,AZ,Standard
ST-01409,Dollar Tree #1409,2020-08-26,7319,2321.7,11329,Low,Mid-Atlantic,AL,Combo
ST-01410,Dollar Tree #1410,2019-01-04,13994,4245.2,55453,Medium,West,CO,Plus
ST-01411,Dollar Tree #1411,2000-03-17,12075,3203.1,25937,Low,West,TX,Plus
ST-01412,Dollar Tree #1412,2000-09-17,12233,1997.7,57826,Low,Southeast,TX,Standard
ST-01413,Dollar Tree #1413,2004-04-03,11961,8360.9,26591,Medium,Midwest,MO,Standard
ST-01414,Dollar Tree #1414,2002-06-23,10517,7892.7,71216,High,Southwest,TN,Plus
ST-01415,Dollar Tree #1415,2012-04-09,7416,2534.9,46842,Medium,Northeast,AL,Plus
ST-01416,Dollar Tree #1416,2009-03-26,7686,11454.4,73941,Medium,Southwest,TN,Plus
ST-01417,Dollar Tree #1417,2023-05-27,8611,7550.3,89599,Medium,Southwest,IL,Plus
ST-01418,Dollar Tree #1418,2011-06-21,12712,958.3,31921,Low,West,NC,Plus
ST-01419,Dollar Tree #1419,2013-05-20,12772,10551.6,79533,Medium,Southwest,TX,Standard
ST-01420,Dollar Tree #1420,2005-06-14,12479,2393.8,42154,Low,Southeast,OK,Standard
ST-01421,Dollar Tree #1421,2011-03-25,8575,1643.2,51758,High,Northeast,OR,Standard
ST-01422,Dollar Tree #1422,2006-08-19,12514,3994.4,40493,Medium,Northeast,AZ,Standard
ST-01423,Dollar Tree #1423,2019-04-17,7781,1414.5,46444,High,West,NV,Combo
ST-01424,Dollar Tree #1424,2002-10-21,9454,8249.2,67043,Medium,Midwest,IL,Standard
ST-01425,Dollar Tree #1425,2001-08-16,6383,11885.1,65212,Low,Northeast,IN,Standard
ST-01426,Dollar Tree #1426,2019-06-19,9136,2989.8,12787,Medium,Northeast,KY,Plus
ST-01427,Dollar Tree #1427,2000-08-10,7073,10131.4,62797,Low,West,NM,Plus
ST-01428,Dollar Tree #1428,2001-06-21,6133,1019.6,22467,Medium,Mid-Atlantic,MI,Standard
ST-01429,Dollar Tree #1429,2010-06-13,6653,6766.1,51048,Medium,West,CA,Plus
ST-01430,Dollar Tree #1430,2009-12-15,10041,10214.3,25913,Medium,West,NY,Standard
ST-01431,Dollar Tree #1431,2007-01-27,6085,1837.1,52317,High,Mid-Atlantic,TN,Standard
ST-01432,Dollar Tree #1432,2005-02-07,11931,10846.9,58349,Medium,Northeast,NM,Combo
ST-01433,Dollar Tree #1433,2001-05-26,6352,1507.5,49883,Low,Midwest,VA,Combo
ST-01434,Dollar Tree #1434,2019-07-09,11723,2210.0,28056,Medium,Southwest,NY,Standard
ST-01435,Dollar Tree #1435,2010-03-25,10785,10676.0,64171,High,Southwest,OK,Standard
ST-01436,Dollar Tree #1436,2016-09-08,10734,5839.5,74238,Medium,Midwest,IA,Combo
ST-01437,Dollar Tree #1437,2015-04-03,8161,9241.2,20852,Medium,West,AR,Standard
ST-01438,Dollar Tree #1438,2021-11-24,13011,2629.5,20225,Low,Southwest,CA,Standard
ST-01439,Dollar Tree #1439,2000-11-07,9835,9858.4,34630,Medium,Northeast,VA,Standard
ST-01440,Dollar Tree #1440,2018-09-17,13032,3897.6,50871,High,Southwest,KY,Standard
ST-01441,Dollar Tree #1441,2016-02-05,7792,11017.0,60538,Medium,West,WI,Standard
ST-01442,Dollar Tree #1442,2024-07-07,6562,3478.5,31521,High,Midwest,KS,Plus
ST-01443,Dollar Tree #1443,2020-02-05,9776,10539.1,24444,Low,Northeast,NV,Plus
ST-01444,Dollar Tree #1444,2005-05-01,9901,8010.2,69328,Medium,Midwest,NY,Plus
ST-01445,Dollar Tree #1445,2002-06-14,7737,1977.3,75823,Medium,West,VA,Standard
ST-01446,Dollar Tree #1446,2014-05-12,6801,779.8,60137,High,Southwest,IL,Standard
ST-01447,Dollar Tree #1447,2006-07-06,10866,3455.9,89619,Medium,West,TN,Standard
ST-01448,Dollar Tree #1448,2021-01-21,8039,11515.9,38780,Low,Northeast,NV,Standard
ST-01449,Dollar Tree #1449,2018-05-08,6539,6479.2,46105,Low,West,OR,Combo
ST-01450,Dollar Tree #1450,2012-07-13,6829,2794.7,45162,Medium,Southeast,OH,Standard
ST-01451,Dollar Tree #1451,2011-11-10,11782,7236.5,10407,Low,Southeast,WI,Combo
ST-01452,Dollar Tree #1452,2019-08-24,8501,10260.3,41276,Low,Midwest,OK,Standard
ST-01453,Dollar Tree #1453,2005-03-11,13371,5571.6,11669,High,Southwest,TN,Standard
ST-01454,Dollar Tree #1454,2000-03-09,13219,1108.3,99024,Low,West,NJ,Plus
ST-01455,Dollar Tree #1455,2018-01-16,13153,3120.6,24337,Low,Northeast,AL,Combo
ST-01456,Dollar Tree #1456,2009-04-17,10121,2174.2,29212,Low,Northeast,MI,Combo
ST-01457,Dollar Tree #1457,2010-08-16,12019,4339.2,81527,Medium,Mid-Atlantic,MO,Standard
ST-01458,Dollar Tree #1458,2011-08-01,12780,4361.0,53743,Medium,Mid-Atlantic,KS,Plus
ST-01459,Dollar Tree #1459,2015-02-09,11617,6327.8,93859,Low,Southeast,TN,Standard
ST-01460,Dollar Tree #1460,2021-03-12,10078,564.7,85705,High,Mid-Atlantic,TN,Standard
ST-01461,Dollar Tree #1461,2006-12-03,7587,11063.6,59516,High,Northeast,NC,Combo
ST-01462,Dollar Tree #1462,2021-09-15,13850,10537.9,32931,Medium,Mid-Atlantic,NJ,Standard
ST-01463,Dollar Tree #1463,2012-10-14,13743,11928.5,50543,Low,Northeast,AL,Plus
ST-01464,Dollar Tree #1464,2022-06-27,11016,1650.9,69641,Medium,Midwest,MI,Standard
ST-01465,Dollar Tree #1465,2000-08-22,7205,5702.5,29690,Medium,Midwest,CO,Plus
ST-01466,Dollar Tree #1466,2021-03-10,9988,3601.5,48630,Low,Southwest,CA,Standard
ST-01467,Dollar Tree #1467,2009-10-04,6435,5962.7,10667,Medium,Midwest,OK,Standard
ST-01468,Dollar Tree #1468,2001-05-05,8868,10568.9,75797,High,West,PA,Standard
ST-01469,Dollar Tree #1469,2022-05-05,12005,2521.4,86706,Low,Midwest,GA,Standard
ST-01470,Dollar Tree #1470,2015-06-08,12649,8206.3,60625,Medium,Southwest,NV,Standard
ST-01471,Dollar Tree #1471,2008-05-20,8545,2245.0,67123,High,Midwest,MS,Plus
ST-01472,Dollar Tree #1472,2004-11-25,7634,3150.2,64566,Medium,Southeast,MI,Standard
ST-01473,Dollar Tree #1473,2002-05-19,13594,7614.2,81543,Low,Southwest,MS,Plus
ST-01474,Dollar Tree #1474,2003-03-17,9620,8390.8,76036,High,Mid-Atlantic,NJ,Plus
ST-01475,Dollar Tree #1475,2011-07-15,9444,11545.1,70461,Low,West,TX,Plus
ST-01476,Dollar Tree #1476,2002-03-20,13428,3768.2,41804,Medium,West,NJ,Standard
ST-01477,Dollar Tree #1477,2019-09-19,13190,3661.4,61466,Low,Southwest,OK,Standard
ST-01478,Dollar Tree #1478,2014-09-15,12874,841.3,17168,Medium,Mid-Atlantic,NY,Standard
ST-01479,Dollar Tree #1479,2019-02-27,8380,6872.2,53425,Low,Northeast,CT,Plus
ST-01480,Dollar Tree #1480,2021-09-24,11873,825.6,36878,Medium,Southeast,SC,Combo
ST-01481,Dollar Tree #1481,2015-03-08,13332,8173.0,30286,Medium,Mid-Atlantic,MI,Combo
ST-01482,Dollar Tree #1482,2000-08-20,11634,2568.3,18800,Low,Southeast,CO,Standard
ST-01483,Dollar Tree #1483,2016-02-08,7673,1422.6,13231,Medium,Southwest,AZ,Standard
ST-01484,Dollar Tree #1484,2003-05-13,9962,11795.8,40792,Medium,Midwest,AR,Plus
ST-01485,Dollar Tree #1485,2021-08-28,11391,7482.5,66669,Low,Mid-Atlantic,TX,Standard
ST-01486,Dollar Tree #1486,2004-12-22,7971,2215.2,81654,Low,Southwest,MO,Standard
ST-01487,Dollar Tree #1487,2009-11-04,13856,7147.4,58147,High,Midwest,AZ,Plus
ST-01488,Dollar Tree #1488,2022-02-15,9415,9799.2,29420,Low,Midwest,IN,Standard
ST-01489,Dollar Tree #1489,2018-07-01,10755,3772.6,94555,High,Mid-Atlantic,CO,Plus
ST-01490,Dollar Tree #1490,2001-06-05,9833,10612.6,70076,Medium,Northeast,OH,Standard
ST-01491,Dollar Tree #1491,2016-09-07,8857,10850.1,78820,Medium,West,FL,Standard
ST-01492,Dollar Tree #1492,2020-03-12,11373,8686.7,54471,Medium,Mid-Atlantic,KS,Standard
ST-01493,Dollar Tree #1493,2008-11-10,13565,4848.4,94559,Medium,Southwest,MO,Plus
ST-01494,Dollar Tree #1494,2021-03-19,11804,11143.5,96364,Medium,Midwest,PA,Combo
ST-01495,Dollar Tree #1495,2010-10-19,8851,7097.0,62923,Low,Northeast,TX,Combo
ST-01496,Dollar Tree #1496,2005-04-04,11449,1453.4,99040,Medium,Midwest,IA,Standard
ST-01497,Dollar Tree #1497,2024-12-26,7938,1444.1,32806,High,Southwest,IA,Plus
ST-01498,Dollar Tree #1498,2002-01-20,8051,1550.8,19552,Medium,Midwest,CO,Combo
ST-01499,Dollar Tree #1499,2000-03-11,6881,8445.0,59496,Low,Mid-Atlantic,AL,Plus
ST-01500,Dollar Tree #1500,2006-04-09,10023,5362.7,47498,Low,Southeast,CT,Standard
ST-01501,Dollar Tree #1501,2013-09-26,12471,2469.1,86298,Low,Mid-Atlantic,OK,Standard
ST-01502,Dollar Tree #1502,2006-01-26,7151,10740.8,57128,Medium,West,SC,Standard
ST-01503,Dollar Tree #1503,2010-03-22,11979,11501.4,94178,Medium,Southwest,IL,Standard
ST-01504,Dollar Tree #1504,2018-08-17,8884,4406.5,83229,Low,Northeast,IN,Plus
ST-01505,Dollar Tree #1505,2020-07-28,6580,6916.0,26671,Medium,Midwest,NY,Standard
ST-01506,Dollar Tree #1506,2015-04-02,10927,6578.3,12954,Low,Midwest,NM,Standard
ST-01507,Dollar Tree #1507,2012-12-12,6556,10494.8,30691,Medium,Northeast,SC,Plus
ST-01508,Dollar Tree #1508,2007-09-20,10096,3884.4,91087,Low,West,OR,Standard
ST-01509,Dollar Tree #1509,2018-08-09,11351,553.7,54308,Medium,Midwest,IL,Standard
ST-01510,Dollar Tree #1510,2024-01-05,7673,6655.6,53202,High,Northeast,GA,Plus
ST-01511,Dollar Tree #1511,2002-10-20,11759,10053.0,14634,Medium,Northeast,TN,Plus
ST-01512,Dollar Tree #1512,2023-10-03,13270,6706.8,26969,Medium,Mid-Atlantic,CA,Standard
ST-01513,Dollar Tree #1513,2001-08-17,7845,7874.0,66559,Medium,Midwest,MS,Standard
ST-01514,Dollar Tree #1514,2000-01-01,12337,9425.5,35712,Medium,West,KS,Plus
ST-01515,Dollar Tree #1515,2021-11-24,6148,6719.5,16834,Medium,Southwest,OR,Standard
ST-01516,Dollar Tree #1516,2013-12-14,10501,1825.7,67403,Low,West,NV,Standard
ST-01517,Dollar Tree #1517,2011-04-11,9576,11033.2,41217,Low,Northeast,AL,Standard
ST-01518,Dollar Tree #1518,2007-07-24,12165,10682.4,80283,Medium,Northeast,MS,Standard
ST-01519,Dollar Tree #1519,2023-04-27,6465,1104.0,26608,Medium,Southeast,MI,Standard
ST-01520,Dollar Tree #1520,2010-06-20,11367,10707.0,48327,Low,West,AZ,Plus
ST-01521,Dollar Tree #1521,2021-02-22,6629,1101.3,81256,Low,Southwest,OR,Combo
ST-01522,Dollar Tree #1522,2011-04-15,11841,3772.1,58094,Medium,Midwest,KS,Combo
ST-01523,Dollar Tree #1523,2007-09-09,8612,8433.7,75987,Low,Northeast,NJ,Plus
ST-01524,Dollar Tree #1524,2022-10-16,8291,1125.7,27974,Medium,Southeast,MI,Combo
ST-01525,Dollar Tree #1525,2017-04-04,9050,8753.9,28607,Low,Southeast,OR,Plus
ST-01526,Dollar Tree #1526,2020-08-04,6174,6087.1,14424,Medium,Midwest,AL,Plus
ST-01527,Dollar Tree #1527,2009-02-02,8286,10284.0,60323,Medium,Northeast,KS,Plus
ST-01528,Dollar Tree #1528,2012-08-02,7838,2627.6,34173,High,Southwest,SC,Standard
ST-01529,Dollar Tree #1529,2021-05-02,10436,9203.4,13406,Medium,Midwest,NM,Standard
ST-01530,Dollar Tree #1530,2024-10-07,12203,522.7,91465,Medium,Southwest,MS,Combo
ST-01531,Dollar Tree #1531,2023-01-26,6894,6728.9,98862,Medium,West,IN,Plus
ST-01532,Dollar Tree #1532,2018-12-19,12299,6323.2,31305,Medium,Southwest,CT,Standard
ST-01533,Dollar Tree #1533,2004-01-09,12550,8254.7,45965,Low,Southeast,IA,Plus
ST-01534,Dollar Tree #1534,2009-06-19,9232,655.6,45949,Medium,Midwest,OK,Standard
ST-01535,Dollar Tree #1535,2020-10-01,7018,3821.4,96609,Medium,Midwest,KS,Standard
ST-01536,Dollar Tree #1536,2014-08-01,9603,304.7,14850,Medium,Southwest,KY,Plus
ST-01537,Dollar Tree #1537,2006-07-02,10747,11278.2,46234,Medium,West,VA,Standard
ST-01538,Dollar Tree #1538,2014-03-09,12274,9483.5,44018,Medium,Southeast,GA,Combo
ST-01539,Dollar Tree #1539,2005-03-28,11062,7940.5,40496,Low,Mid-Atlantic,CA,Standard
ST-01540,Dollar Tree #1540,2021-09-28,9607,7042.7,15499,Medium,Mid-Atlantic,GA,Standard
ST-01541,Dollar Tree #1541,2022-05-09,6132,8205.0,56312,Medium,Mid-Atlantic,CA,Plus
ST-01542,Dollar Tree #1542,2007-06-04,6634,6181.9,24835,Medium,Northeast,GA,Standard
ST-01543,Dollar Tree #1543,2010-10-12,12792,9907.8,64521,Low,Mid-Atlantic,TN,Standard
ST-01544,Dollar Tree #1544,2004-01-11,10972,9500.3,53907,Medium,Mid-Atlantic,NJ,Plus
ST-01545,Dollar Tree #1545,2009-10-01,7313,4546.0,48125,Low,West,TX,Standard
ST-01546,Dollar Tree #1546,2019-04-26,8564,6227.4,76608,Medium,Mid-Atlantic,NJ,Standard
ST-01547,Dollar Tree #1547,2012-10-02,11382,8769.9,59950,High,Northeast,FL,Standard
ST-01548,Dollar Tree #1548,2018-09-19,11163,6669.1,64798,Medium,Mid-Atlantic,NY,Plus
ST-01549,Dollar Tree #1549,2001-10-16,11400,6388.5,67805,Medium,Midwest,IL,Plus
ST-01550,Dollar Tree #1550,2009-04-11,7991,9628.3,57443,Low,Southwest,VA,Combo
ST-01551,Dollar Tree #1551,2003-12-08,9645,8847.0,63729,Medium,Northeast,NJ,Plus
ST-01552,Dollar Tree #1552,2016-02-12,11352,5913.0,40192,Medium,Southwest,GA,Plus
ST-01553,Dollar Tree #1553,2004-09-08,12360,10929.3,98356,Medium,Mid-Atlantic,PA,Plus
ST-01554,Dollar Tree #1554,2008-05-11,8571,1592.0,63543,Medium,West,PA,Plus
ST-01555,Dollar Tree #1555,2015-11-25,7622,10818.5,69515,Low,Southeast,NY,Plus
ST-01556,Dollar Tree #1556,2008-09-23,13619,5744.4,23237,Low,Northeast,AR,Plus
ST-01557,Dollar Tree #1557,2000-12-06,6598,1762.1,79377,Medium,Southwest,NJ,Standard
ST-01558,Dollar Tree #1558,2012-12-18,7977,8601.4,25601,Medium,Midwest,AL,Plus
ST-01559,Dollar Tree #1559,2019-02-24,6370,1070.3,56525,Medium,Southwest,KY,Plus
ST-01560,Dollar Tree #1560,2023-07-10,12206,5829.9,27643,High,Southeast,CT,Plus
ST-01561,Dollar Tree #1561,2016-02-05,13336,291.8,87732,Medium,Mid-Atlantic,KY,Plus
ST-01562,Dollar Tree #1562,2012-06-15,7447,6202.3,87080,Medium,Northeast,GA,Standard
ST-01563,Dollar Tree #1563,2015-06-02,10621,6308.6,78838,Medium,West,KS,Plus
ST-01564,Dollar Tree #1564,2009-06-13,8609,9136.1,28769,Low,Mid-Atlantic,NV,Combo
ST-01565,Dollar Tree #1565,2006-07-17,8279,6986.6,90671,Medium,Northeast,NJ,Standard
ST-01566,Dollar Tree #1566,2005-02-10,8243,5942.3,39312,Low,Midwest,NM,Standard
ST-01567,Dollar Tree #1567,2019-02-08,11459,3487.8,22579,Low,West,AR,Plus
ST-01568,Dollar Tree #1568,2024-03-01,10902,10850.0,80756,Medium,Southeast,TX,Plus
ST-01569,Dollar Tree #1569,2000-06-07,8308,11313.3,84863,Medium,Mid-Atlantic,IN,Plus
ST-01570,Dollar Tree #1570,2004-08-10,13520,1493.5,25720,Medium,Southwest,MO,Standard
ST-01571,Dollar Tree #1571,2002-03-09,11993,8090.8,56362,Low,Mid-Atlantic,MS,Standard
ST-01572,Dollar Tree #1572,2023-02-11,7283,6183.3,46190,Medium,Mid-Atlantic,CT,Plus
ST-01573,Dollar Tree #1573,2021-02-23,11635,3914.8,15027,Medium,Northeast,NM,Combo
ST-01574,Dollar Tree #1574,2016-06-07,12893,6786.4,92061,Low,Mid-Atlantic,KY,Standard
ST-01575,Dollar Tree #1575,2007-03-19,9081,10491.0,38863,High,Southeast,NC,Plus
ST-01576,Dollar Tree #1576,2004-08-27,7532,8856.0,47040,Low,Southeast,KY,Standard
ST-01577,Dollar Tree #1577,2016-12-24,7754,237.7,18816,Medium,West,CO,Standard
ST-01578,Dollar Tree #1578,2022-03-02,9425,8318.2,90396,Medium,Mid-Atlantic,AL,Standard
ST-01579,Dollar Tree #1579,2020-06-16,10345,7951.9,33601,Medium,Southeast,NV,Standard
ST-01580,Dollar Tree #1580,2021-08-16,12526,7634.3,88360,Medium,West,MO,Standard
ST-01581,Dollar Tree #1581,2003-04-04,13888,10594.6,47653,Medium,Southwest,VA,Standard
ST-01582,Dollar Tree #1582,2021-07-04,7443,5683.9,51799,High,Northeast,NJ,Combo
ST-01583,Dollar Tree #1583,2012-12-05,12338,10609.6,74117,Medium,Southwest,OK,Standard
ST-01584,Dollar Tree #1584,2000-05-09,10157,2738.3,63609,Low,West,IA,Standard
ST-01585,Dollar Tree #1585,2008-11-11,9368,4818.3,67927,Medium,Southwest,NC,Standard
ST-01586,Dollar Tree #1586,2008-08-24,7793,4210.1,15980,Medium,Southwest,TN,Standard
ST-01587,Dollar Tree #1587,2018-03-18,7689,9398.7,24459,Medium,West,VA,Standard
ST-01588,Dollar Tree #1588,2019-09-01,13784,8722.3,59700,Low,Mid-Atlantic,VA,Standard
ST-01589,Dollar Tree #1589,2024-09-03,11365,780.7,37585,Medium,West,IL,Standard
ST-01590,Dollar Tree #1590,2017-07-28,11880,2906.1,31155,Medium,Midwest,TN,Standard
ST-01591,Dollar Tree #1591,2017-12-08,13700,361.0,12625,Medium,Northeast,WI,Plus
ST-01592,Dollar Tree #1592,2015-01-06,8319,3757.3,40147,High,Mid-Atlantic,GA,Standard
ST-01593,Dollar Tree #1593,2008-12-04,12660,9451.8,95888,Medium,Southeast,AR,Combo
ST-01594,Dollar Tree #1594,2008-02-03,6605,6153.2,64444,Low,Northeast,CT,Plus
ST-01595,Dollar Tree #1595,2019-03-04,12028,7140.7,61265,Low,West,KS,Standard
ST-01596,Dollar Tree #1596,2010-07-17,12090,476.5,45920,Medium,Southeast,NY,Standard
ST-01597,Dollar Tree #1597,2020-10-16,9084,3636.6,22197,Low,Southwest,SC,Standard
ST-01598,Dollar Tree #1598,2015-05-23,10368,6177.8,60123,Low,Southwest,CT,Plus
ST-01599,Dollar Tree #1599,2011-09-23,6887,5536.8,85743,Low,Southwest,IA,Standard
ST-01600,Dollar Tree #1600,2014-06-16,10613,1485.6,50712,Medium,Southeast,MS,Combo
ST-01601,Dollar Tree #1601,2002-02-18,7386,2650.6,74200,Medium,Southeast,FL,Standard
ST-01602,Dollar Tree #1602,2012-10-27,9879,6376.2,84270,Low,Northeast,IA,Plus
ST-01603,Dollar Tree #1603,2008-07-10,12066,4186.8,29741,Low,Midwest,OR,Plus
ST-01604,Dollar Tree #1604,2019-07-28,6045,3364.1,37423,Medium,Southwest,SC,Plus
ST-01605,Dollar Tree #1605,2010-11-08,8636,5644.2,73307,Medium,West,KS,Combo
ST-01606,Dollar Tree #1606,2023-02-04,9487,8451.2,59241,Low,Northeast,OH,Plus
ST-01607,Dollar Tree #1607,2023-02-06,7616,5363.7,24898,Low,Southwest,MO,Standard
ST-01608,Dollar Tree #1608,2020-09-16,7145,9038.1,81707,Medium,Southwest,TX,Standard
ST-01609,Dollar Tree #1609,2003-07-10,11897,11079.2,98694,Medium,West,VA,Plus
ST-01610,Dollar Tree #1610,2011-10-21,7359,1869.9,78583,High,Southeast,MS,Plus
ST-01611,Dollar Tree #1611,2022-06-17,10952,3164.6,70670,Low,Midwest,NM,Combo
ST-01612,Dollar Tree #1612,2023-03-06,10295,8638.0,72111,Low,Midwest,TN,Standard
ST-01613,Dollar Tree #1613,2004-08-03,6045,3879.7,34598,Low,Mid-Atlantic,NY,Plus
ST-01614,Dollar Tree #1614,2014-06-04,6500,7574.7,87916,Low,Northeast,NJ,Combo
ST-01615,Dollar Tree #1615,2017-04-12,11151,366.7,35249,Medium,Midwest,AR,Plus
ST-01616,Dollar Tree #1616,2018-12-10,9008,7569.1,62857,Medium,West,SC,Combo
ST-01617,Dollar Tree #1617,2021-04-03,10854,1998.6,38369,Medium,Southeast,NC,Plus
ST-01618,Dollar Tree #1618,2003-03-26,10278,7130.3,60193,Medium,West,IA,Plus
ST-01619,Dollar Tree #1619,2019-05-26,12039,10481.8,97621,Medium,Southeast,OH,Standard
ST-01620,Dollar Tree #1620,2007-04-03,13614,9679.6,29200,Low,Southeast,MO,Standard
ST-01621,Dollar Tree #1621,2010-02-02,7122,6238.1,67630,Medium,Mid-Atlantic,MO,Standard
ST-01622,Dollar Tree #1622,2009-09-25,6960,3041.1,61543,Medium,Southwest,OR,Plus
ST-01623,Dollar Tree #1623,2011-05-27,10276,3940.3,20249,Medium,Southeast,OH,Combo
ST-01624,Dollar Tree #1624,2008-12-05,12880,5359.5,67887,Medium,Mid-Atlantic,MS,Standard
ST-01625,Dollar Tree #1625,2021-02-18,13370,5337.9,55636,Low,Northeast,KS,Standard
ST-01626,Dollar Tree #1626,2014-11-12,11967,5204.1,90868,Medium,Southeast,AZ,Standard
ST-01627,Dollar Tree #1627,2005-12-01,7604,5416.6,78944,Low,Northeast,AL,Standard
ST-01628,Dollar Tree #1628,2010-02-12,13502,3194.4,11703,Medium,Midwest,CA,Combo
ST-01629,Dollar Tree #1629,2008-11-16,9262,718.2,43166,Medium,Mid-Atlantic,CA,Plus
ST-01630,Dollar Tree #1630,2000-12-16,10977,7660.4,74264,Low,Southwest,CT,Combo
ST-01631,Dollar Tree #1631,2024-09-26,6851,650.7,13779,Medium,Mid-Atlantic,PA,Combo
ST-01632,Dollar Tree #1632,2023-03-28,12970,1753.4,64994,Low,Northeast,IN,Combo
ST-01633,Dollar Tree #1633,2022-01-11,6798,10323.1,46369,Low,Mid-Atlantic,CO,Combo
ST-01634,Dollar Tree #1634,2000-06-27,11504,10209.1,51481,High,Southeast,NV,Plus
ST-01635,Dollar Tree #1635,2023-06-17,6116,11298.4,62844,Medium,Mid-Atlantic,OK,Standard
ST-01636,Dollar Tree #1636,2002-04-27,12236,6118.0,44948,Low,Southeast,IN,Standard
ST-01637,Dollar Tree #1637,2008-10-07,11641,6164.5,32671,High,Mid-Atlantic,AR,Standard
ST-01638,Dollar Tree #1638,2009-05-18,8872,1589.0,71112,Medium,Mid-Atlantic,FL,Plus
ST-01639,Dollar Tree #1639,2014-02-04,13520,1268.6,21326,Low,Midwest,AL,Combo
ST-01640,Dollar Tree #1640,2000-03-26,6085,2766.8,59090,Medium,Northeast,NV,Combo
ST-01641,Dollar Tree #1641,2007-05-27,11577,7779.3,35046,High,Mid-Atlantic,PA,Standard
ST-01642,Dollar Tree #1642,2001-07-23,8351,2300.4,28405,Medium,Midwest,TN,Standard
ST-01643,Dollar Tree #1643,2006-05-07,7450,11755.5,43994,High,Southwest,NC,Standard
ST-01644,Dollar Tree #1644,2015-06-19,8978,4316.5,94125,Medium,Southwest,AR,Combo
ST-01645,Dollar Tree #1645,2021-03-02,13779,10049.7,60551,Low,West,AL,Standard
ST-01646,Dollar Tree #1646,2022-07-12,11292,9768.7,47839,Low,Midwest,OR,Plus
ST-01647,Dollar Tree #1647,2017-12-26,8203,1270.9,37619,Medium,Southeast,IN,Standard
ST-01648,Dollar Tree #1648,2001-02-17,11393,7647.1,72286,Low,Southwest,AL,Standard
ST-01649,Dollar Tree #1649,2011-10-13,11392,7143.0,14436,Medium,Mid-Atlantic,NY,Combo
ST-01650,Dollar Tree #1650,2011-01-06,9452,5810.9,54128,High,Northeast,OH,Standard
ST-01651,Dollar Tree #1651,2009-03-15,10479,2396.7,12850,Medium,West,IN,Plus
ST-01652,Dollar Tree #1652,2018-12-14,11987,4912.1,41927,Medium,Mid-Atlantic,NJ,Plus
ST-01653,Dollar Tree #1653,2010-08-22,9286,3742.0,40710,Medium,Northeast,TN,Plus
ST-01654,Dollar Tree #1654,2024-05-19,9282,7198.3,31499,Medium,Southeast,NM,Standard
ST-01655,Dollar Tree #1655,2019-12-17,7625,11427.6,84447,Low,Southeast,OK,Standard
ST-01656,Dollar Tree #1656,2001-02-10,12495,9236.7,55364,Medium,Southwest,OH,Plus
ST-01657,Dollar Tree #1657,2000-11-05,7641,10618.9,49489,Medium,Northeast,OH,Standard
ST-01658,Dollar Tree #1658,2006-07-03,11932,3087.8,99746,Medium,Midwest,TX,Plus
ST-01659,Dollar Tree #1659,2005-06-04,9856,6688.0,61648,High,Southeast,NM,Plus
ST-01660,Dollar Tree #1660,2021-07-27,9796,8533.4,22559,Medium,Southeast,VA,Standard
ST-01661,Dollar Tree #1661,2012-06-10,12715,8162.0,65652,Medium,Southwest,SC,Standard
ST-01662,Dollar Tree #1662,2011-08-22,12065,11648.7,13525,Low,West,OH,Standard
ST-01663,Dollar Tree #1663,2011-06-11,10107,9914.2,90028,Medium,Southwest,NM,Standard
ST-01664,Dollar Tree #1664,2020-04-05,10095,2418.1,37686,Medium,Southwest,FL,Standard
ST-01665,Dollar Tree #1665,2012-11-06,9487,1978.8,50775,Medium,Mid-Atlantic,AR,Plus
ST-01666,Dollar Tree #1666,2001-05-14,7470,2129.8,99435,Medium,Northeast,IN,Standard
ST-01667,Dollar Tree #1667,2011-11-24,6830,7939.2,63015,Low,Southeast,VA,Standard
ST-01668,Dollar Tree #1668,2018-09-13,11622,5565.4,73719,High,Mid-Atlantic,AZ,Plus
ST-01669,Dollar Tree #1669,2024-01-10,9481,3252.1,93115,Low,West,MS,Plus
ST-01670,Dollar Tree #1670,2016-06-25,9879,8601.9,80126,Medium,Northeast,MS,Standard
ST-01671,Dollar Tree #1671,2013-09-25,9141,10469.7,20486,Low,Northeast,VA,Combo
ST-01672,Dollar Tree #1672,2018-05-07,10218,9791.5,69636,Medium,Northeast,IN,Standard
ST-01673,Dollar Tree #1673,2001-02-28,10010,5631.0,16563,Medium,Mid-Atlantic,NJ,Standard
ST-01674,Dollar Tree #1674,2013-06-22,8426,9248.6,13084,Medium,Midwest,OH,Standard
ST-01675,Dollar Tree #1675,2011-07-01,9659,4030.7,93359,Low,West,NY,Standard
ST-01676,Dollar Tree #1676,2023-01-18,12051,4875.3,32968,Low,West,NY,Standard
ST-01677,Dollar Tree #1677,2023-03-21,10042,5287.0,46004,Medium,Southwest,OR,Plus
ST-01678,Dollar Tree #1678,2007-12-27,10288,6915.0,15326,Low,Midwest,NJ,Standard
ST-01679,Dollar Tree #1679,2004-10-24,11224,9787.2,23254,Medium,West,CT,Standard
ST-01680,Dollar Tree #1680,2010-11-24,8473,5185.9,12933,Low,Mid-Atlantic,NC,Combo
ST-01681,Dollar Tree #1681,2020-12-03,12855,10965.7,25260,Low,West,NC,Standard
ST-01682,Dollar Tree #1682,2019-09-18,12997,9565.9,16400,Medium,West,MO,Standard
ST-01683,Dollar Tree #1683,2024-07-09,12118,8328.6,34341,Medium,West,OK,Standard
ST-01684,Dollar Tree #1684,2019-07-06,11555,3562.0,10662,Medium,Southeast,TX,Plus
ST-01685,Dollar Tree #1685,2021-03-09,8187,5656.8,93211,Medium,Northeast,GA,Standard
ST-01686,Dollar Tree #1686,2000-12-11,7810,951.9,47726,High,Mid-Atlantic,CO,Plus
ST-01687,Dollar Tree #1687,2018-07-21,10876,4079.3,60992,Medium,West,TX,Standard
ST-01688,Dollar Tree #1688,2010-06-12,12738,5443.7,70548,High,Southwest,IL,Plus
ST-01689,Dollar Tree #1689,2022-03-22,9195,3217.2,14229,High,West,FL,Combo
ST-01690,Dollar Tree #1690,2015-09-12,6680,2649.1,79414,Medium,Midwest,MI,Standard
ST-01691,Dollar Tree #1691,2014-11-15,6242,2039.6,86668,Low,West,NJ,Plus
ST-01692,Dollar Tree #1692,2013-07-25,6191,9066.4,47209,Medium,Mid-Atlantic,MO,Standard
ST-01693,Dollar Tree #1693,2012-09-05,9100,7364.0,26186,Low,Southwest,IL,Standard
ST-01694,Dollar Tree #1694,2003-10-10,7463,10405.7,62575,Medium,Southwest,NJ,Standard
ST-01695,Dollar Tree #1695,2013-10-09,8616,9291.9,92611,Low,Mid-Atlantic,NV,Combo
ST-01696,Dollar Tree #1696,2020-11-11,10114,6520.4,61402,Low,Southwest,MO,Plus
ST-01697,Dollar Tree #1697,2009-08-06,13568,10505.4,62435,Medium,Northeast,SC,Standard
ST-01698,Dollar Tree #1698,2024-08-21,7411,8263.6,22887,Medium,West,KY,Plus
ST-01699,Dollar Tree #1699,2013-07-07,11213,542.7,39385,Low,West,CO,Plus
ST-01700,Dollar Tree #1700,2002-10-19,11997,5023.5,12992,Medium,West,GA,Standard
ST-01701,Dollar Tree #1701,2018-11-16,11606,1273.4,58535,Low,Mid-Atlantic,CO,Combo
ST-01702,Dollar Tree #1702,2012-09-17,13073,2477.8,31152,Medium,Midwest,CT,Standard
ST-01703,Dollar Tree #1703,2005-08-23,13547,2557.5,27386,Medium,Northeast,NV,Standard
ST-01704,Dollar Tree #1704,2006-10-15,9761,3091.6,89069,Medium,Southeast,MS,Standard
ST-01705,Dollar Tree #1705,2014-09-21,6910,9683.5,53418,Low,Southeast,IN,Combo
ST-01706,Dollar Tree #1706,2002-01-24,6264,8247.9,63260,Medium,Southwest,KS,Plus
ST-01707,Dollar Tree #1707,2002-07-09,13236,8648.5,25857,High,West,KY,Plus
ST-01708,Dollar Tree #1708,2022-01-15,9938,9967.5,17836,Medium,Southwest,AR,Combo
ST-01709,Dollar Tree #1709,2024-01-12,9272,8656.2,77051,High,Mid-Atlantic,IN,Plus
ST-01710,Dollar Tree #1710,2003-02-05,12939,3297.5,85997,Low,Mid-Atlantic,OH,Standard
ST-01711,Dollar Tree #1711,2013-11-11,7162,10973.1,73254,Low,Midwest,NY,Standard
ST-01712,Dollar Tree #1712,2020-12-03,9753,10810.5,74431,Low,Midwest,VA,Standard
ST-01713,Dollar Tree #1713,2022-08-11,12450,5514.4,43806,Medium,Midwest,CO,Standard
ST-01714,Dollar Tree #1714,2024-03-05,10274,3603.5,38969,Medium,West,NJ,Combo
ST-01715,Dollar Tree #1715,2009-05-23,7296,6898.2,49943,Medium,Mid-Atlantic,IN,Combo
ST-01716,Dollar Tree #1716,2009-03-24,12596,8402.0,29205,Medium,Midwest,KS,Plus
ST-01717,Dollar Tree #1717,2008-11-08,6229,10240.8,86445,Medium,Southeast,AL,Standard
ST-01718,Dollar Tree #1718,2008-06-24,10166,8996.4,77740,Medium,Southwest,CO,Standard
ST-01719,Dollar Tree #1719,2011-11-05,10809,10260.8,51195,Medium,Midwest,AZ,Plus
ST-01720,Dollar Tree #1720,2020-03-28,10302,5888.2,73438,Medium,Northeast,OK,Standard
ST-01721,Dollar Tree #1721,2010-04-10,7691,2846.9,46479,Medium,Mid-Atlantic,MS,Standard
ST-01722,Dollar Tree #1722,2020-04-12,10086,5620.0,93707,Low,Mid-Atlantic,KS,Plus
ST-01723,Dollar Tree #1723,2007-12-07,8978,8038.1,62231,High,Northeast,VA,Plus
ST-01724,Dollar Tree #1724,2002-05-18,13877,6510.1,80481,Low,Northeast,IN,Plus
ST-01725,Dollar Tree #1725,2016-04-08,8097,9607.8,33944,High,Mid-Atlantic,KS,Standard
ST-01726,Dollar Tree #1726,2007-12-23,9736,2293.7,89840,Medium,West,NC,Standard
ST-01727,Dollar Tree #1727,2023-04-24,12805,11026.1,27373,Medium,Midwest,CA,Standard
ST-01728,Dollar Tree #1728,2007-04-19,12239,7059.0,70852,Low,West,NV,Standard
ST-01729,Dollar Tree #1729,2010-11-03,7609,5843.9,67920,Low,Southwest,IL,Standard
ST-01730,Dollar Tree #1730,2017-10-07,10901,5949.3,84623,Low,West,TN,Standard
ST-01731,Dollar Tree #1731,2023-08-25,11264,2498.6,93221,Medium,Southwest,TX,Standard
ST-01732,Dollar Tree #1732,2024-07-20,8217,6012.7,33138,Medium,West,MO,Plus
ST-01733,Dollar Tree #1733,2009-11-10,8164,10433.7,42639,Medium,Midwest,OK,Plus
ST-01734,Dollar Tree #1734,2016-05-21,9604,1515.3,33878,Medium,Northeast,VA,Plus
ST-01735,Dollar Tree #1735,2015-08-06,7464,973.6,66625,High,Midwest,NY,Plus
ST-01736,Dollar Tree #1736,2010-11-22,10412,9906.2,35374,Low,Southeast,IL,Standard
ST-01737,Dollar Tree #1737,2016-05-11,12278,6458.7,23489,High,Midwest,NM,Plus
ST-01738,Dollar Tree #1738,2006-10-22,7266,4020.4,35153,Medium,Southeast,KS,Standard
ST-01739,Dollar Tree #1739,2019-11-06,8667,11489.1,72098,High,West,MS,Plus
ST-01740,Dollar Tree #1740,2024-12-09,7873,11207.6,71863,Medium,Midwest,PA,Standard
ST-01741,Dollar Tree #1741,2010-12-12,12793,8993.5,68944,Medium,Southwest,AL,Plus
ST-01742,Dollar Tree #1742,2024-07-01,12244,11291.9,17249,Medium,Midwest,KY,Standard
ST-01743,Dollar Tree #1743,2014-05-01,12705,8511.2,37342,High,Mid-Atlantic,NC,Standard
ST-01744,Dollar Tree #1744,2011-01-11,9502,9532.9,52688,Medium,West,CT,Standard
ST-01745,Dollar Tree #1745,2006-10-17,9605,10305.6,24003,Low,Southeast,OH,Standard
ST-01746,Dollar Tree #1746,2023-08-24,10857,5744.5,16029,High,Southwest,OR,Combo
ST-01747,Dollar Tree #1747,2015-04-09,10970,7116.1,17774,Low,Northeast,KY,Standard
ST-01748,Dollar Tree #1748,2008-09-12,9589,11098.6,24553,Medium,Southeast,NV,Combo
ST-01749,Dollar Tree #1749,2002-06-25,12000,5082.6,29893,Low,West,MI,Plus
ST-01750,Dollar Tree #1750,2006-09-03,9590,3093.7,85069,Medium,Mid-Atlantic,NC,Plus
ST-01751,Dollar Tree #1751,2016-05-23,6179,1857.5,18913,High,Mid-Atlantic,CT,Standard
ST-01752,Dollar Tree #1752,2011-08-24,13246,2734.8,52109,Medium,Southeast,IN,Standard
ST-01753,Dollar Tree #1753,2010-04-22,13958,8507.9,43470,Medium,Mid-Atlantic,NM,Standard
ST-01754,Dollar Tree #1754,2004-02-21,9365,5242.5,73747,Low,West,CA,Plus
ST-01755,Dollar Tree #1755,2011-01-19,9581,11948.7,76088,Medium,West,MO,Standard
ST-01756,Dollar Tree #1756,2018-06-21,6549,8866.3,84095,Low,West,IA,Standard
ST-01757,Dollar Tree #1757,2017-03-26,10206,10186.3,21498,Medium,Southwest,CO,Combo
ST-01758,Dollar Tree #1758,2006-02-25,11602,5285.2,46289,Medium,Southwest,NV,Combo
ST-01759,Dollar Tree #1759,2004-11-11,6598,2343.8,85395,Medium,Southwest,WI,Combo
ST-01760,Dollar Tree #1760,2023-07-01,9288,6981.9,10832,Medium,Southwest,TX,Standard
ST-01761,Dollar Tree #1761,2007-06-14,7232,3254.5,39214,Medium,Mid-Atlantic,IA,Standard
ST-01762,Dollar Tree #1762,2017-08-21,11450,2563.9,85292,Medium,Mid-Atlantic,KS,Plus
ST-01763,Dollar Tree #1763,2004-04-25,7214,2632.5,33800,Low,Northeast,SC,Plus
ST-01764,Dollar Tree #1764,2001-03-18,8855,11465.0,52920,Medium,Southeast,OK,Standard
ST-01765,Dollar Tree #1765,2006-05-06,9475,11893.8,40537,Low,Midwest,TX,Standard
ST-01766,Dollar Tree #1766,2014-02-27,13766,4626.3,68189,High,Mid-Atlantic,IL,Plus
ST-01767,Dollar Tree #1767,2001-08-15,9270,2543.9,59873,Medium,Northeast,FL,Standard
ST-01768,Dollar Tree #1768,2016-10-24,10231,1636.1,37477,Low,Southwest,CT,Plus
ST-01769,Dollar Tree #1769,2011-12-11,9400,2453.6,21900,Medium,Midwest,MO,Standard
ST-01770,Dollar Tree #1770,2016-02-15,6132,285.6,65052,Medium,Northeast,NJ,Standard
ST-01771,Dollar Tree #1771,2009-02-14,13749,10204.1,49412,Low,Mid-Atlantic,FL,Combo
ST-01772,Dollar Tree #1772,2020-07-16,6129,11425.4,46007,High,Mid-Atlantic,NV,Standard
ST-01773,Dollar Tree #1773,2001-03-28,8039,2292.8,11215,Low,West,PA,Standard
ST-01774,Dollar Tree #1774,2022-08-25,6319,921.9,37502,High,Mid-Atlantic,MI,Standard
ST-01775,Dollar Tree #1775,2019-07-27,7290,5147.0,32890,Medium,Southeast,CT,Combo
ST-01776,Dollar Tree #1776,2005-06-04,12443,2116.0,75215,Low,Midwest,AZ,Combo
ST-01777,Dollar Tree #1777,2011-05-20,8630,536.0,13385,Medium,Northeast,NV,Plus
ST-01778,Dollar Tree #1778,2001-12-28,7182,10980.2,16094,Medium,Southwest,IA,Plus
ST-01779,Dollar Tree #1779,2023-09-06,7295,1381.4,55700,Low,Northeast,TN,Standard
ST-01780,Dollar Tree #1780,2003-08-15,9400,10302.5,80349,Medium,Southeast,KS,Plus
ST-01781,Dollar Tree #1781,2020-01-10,9901,5739.9,43667,Low,Midwest,OK,Plus
ST-01782,Dollar Tree #1782,2011-10-22,11868,1337.5,74592,High,West,IL,Standard
ST-01783,Dollar Tree #1783,2007-09-05,12598,11319.0,39563,High,Northeast,CT,Standard
ST-01784,Dollar Tree #1784,2022-07-10,13265,7457.2,42739,Low,Midwest,OH,Combo
ST-01785,Dollar Tree #1785,2021-05-11,11820,11692.7,97602,Medium,West,WI,Plus
ST-01786,Dollar Tree #1786,2008-03-11,9457,4622.3,29034,Medium,Mid-Atlantic,NM,Standard
ST-01787,Dollar Tree #1787,2023-07-21,6393,9571.5,33877,Low,Southeast,KY,Standard
ST-01788,Dollar Tree #1788,2007-03-13,8642,338.2,73016,Medium,Midwest,IL,Combo
ST-01789,Dollar Tree #1789,2018-07-15,7759,5547.7,44446,Medium,Southwest,NY,Combo
ST-01790,Dollar Tree #1790,2008-11-25,10214,11101.9,54204,Low,Midwest,VA,Plus
ST-01791,Dollar Tree #1791,2024-09-15,11433,1338.7,54875,Medium,Midwest,FL,Standard
ST-01792,Dollar Tree #1792,2013-11-01,13903,6611.2,22397,Low,Southwest,AR,Standard
ST-01793,Dollar Tree #1793,2003-09-23,8422,1690.3,55563,Medium,Southwest,TN,Plus
ST-01794,Dollar Tree #1794,2002-09-06,9256,9876.3,76965,Low,Southeast,AR,Combo
ST-01795,Dollar Tree #1795,2007-01-07,12008,8986.2,78888,Medium,Southeast,AL,Plus
ST-01796,Dollar Tree #1796,2016-01-26,10367,4479.3,40202,High,West,OH,Standard
ST-01797,Dollar Tree #1797,2005-02-22,7356,7691.9,91026,Low,Mid-Atlantic,PA,Plus
ST-01798,Dollar Tree #1798,2019-07-28,7656,3485.4,62543,Medium,Southwest,NV,Plus
ST-01799,Dollar Tree #1799,2013-08-15,8637,1806.2,49320,Low,Northeast,NC,Combo
ST-01800,Dollar Tree #1800,2017-11-10,7710,11092.0,90362,Medium,Northeast,CA,Plus
ST-01801,Dollar Tree #1801,2004-03-16,12737,2091.0,41780,Medium,Southeast,KY,Plus
ST-01802,Dollar Tree #1802,2012-10-07,8036,10045.1,19244,Low,Midwest,PA,Plus
ST-01803,Dollar Tree #1803,2003-12-24,10799,11343.2,29902,Low,Southwest,PA,Combo
ST-01804,Dollar Tree #1804,2008-06-01,11216,1584.0,50784,Medium,Northeast,IA,Combo
ST-01805,Dollar Tree #1805,2019-08-08,11410,5371.6,26366,Medium,Mid-Atlantic,CO,Plus
ST-01806,Dollar Tree #1806,2004-02-25,13458,8696.1,45665,Low,Southwest,AR,Standard
ST-01807,Dollar Tree #1807,2003-11-15,9489,7102.7,73871,Medium,Southeast,WI,Standard
ST-01808,Dollar Tree #1808,2002-12-20,13862,7268.8,57520,Low,Mid-Atlantic,MO,Combo
ST-01809,Dollar Tree #1809,2013-07-02,11226,1441.2,46726,High,Mid-Atlantic,NC,Standard
ST-01810,Dollar Tree #1810,2020-09-11,9437,8070.3,42931,Medium,Northeast,TX,Standard
ST-01811,Dollar Tree #1811,2022-08-08,10798,6040.7,87474,Medium,Mid-Atlantic,NC,Standard
ST-01812,Dollar Tree #1812,2024-12-16,10593,7358.4,84136,Medium,West,WI,Combo
ST-01813,Dollar Tree #1813,2012-01-20,6883,7166.0,94237,Low,West,NY,Standard
ST-01814,Dollar Tree #1814,2024-04-12,10752,8136.8,89142,Medium,Southwest,OR,Combo
ST-01815,Dollar Tree #1815,2001-06-21,12456,5394.9,70390,Medium,West,CA,Plus
ST-01816,Dollar Tree #1816,2020-12-25,9537,8095.0,13360,Low,West,OH,Standard
ST-01817,Dollar Tree #1817,2020-06-04,8394,11063.9,13719,High,Southwest,KS,Standard
ST-01818,Dollar Tree #1818,2011-11-12,8886,11688.2,42597,Medium,Southwest,MS,Standard
ST-01819,Dollar Tree #1819,2010-08-23,11200,3305.4,31049,Low,West,IA,Plus
ST-01820,Dollar Tree #1820,2020-06-24,9287,9089.2,32551,Medium,Northeast,VA,Standard
ST-01821,Dollar Tree #1821,2019-09-24,12595,10067.6,39828,Medium,Midwest,NY,Combo
ST-01822,Dollar Tree #1822,2002-11-13,8563,7537.2,93817,Low,Southwest,IL,Standard
ST-01823,Dollar Tree #1823,2022-08-12,8760,9709.6,57377,Low,Southeast,VA,Standard
ST-01824,Dollar Tree #1824,2003-04-19,8543,10924.2,94188,Medium,Midwest,IA,Plus
ST-01825,Dollar Tree #1825,2017-03-13,11066,8408.5,36033,Low,Northeast,OR,Plus
ST-01826,Dollar Tree #1826,2021-07-28,8157,1920.0,54585,Medium,Midwest,AZ,Standard
ST-01827,Dollar Tree #1827,2012-02-28,13832,8888.1,48523,Medium,West,FL,Standard
ST-01828,Dollar Tree #1828,2007-08-27,6334,3101.7,30317,High,Midwest,TX,Plus
ST-01829,Dollar Tree #1829,2007-12-08,8009,10526.6,67718,High,Southeast,PA,Standard
ST-01830,Dollar Tree #1830,2009-04-01,13024,7424.2,67534,Medium,West,SC,Plus
ST-01831,Dollar Tree #1831,2006-07-06,12946,6319.1,62378,High,West,NV,Plus
ST-01832,Dollar Tree #1832,2023-05-23,12527,11786.6,44544,Medium,Midwest,NJ,Standard
ST-01833,Dollar Tree #1833,2010-09-12,6631,11505.5,27628,Medium,Mid-Atlantic,GA,Plus
ST-01834,Dollar Tree #1834,2018-03-04,13515,9453.8,76512,High,Southwest,SC,Standard
ST-01835,Dollar Tree #1835,2003-10-08,11899,4310.4,94536,Medium,Southeast,IN,Standard
ST-01836,Dollar Tree #1836,2018-01-15,11069,5366.9,87471,Medium,Northeast,OH,Standard
ST-01837,Dollar Tree #1837,2017-08-18,11327,879.0,55561,Medium,Mid-Atlantic,PA,Standard
ST-01838,Dollar Tree #1838,2021-06-03,13821,8682.7,84678,Medium,Mid-Atlantic,TX,Combo
ST-01839,Dollar Tree #1839,2019-08-14,11768,9219.5,27479,Medium,Southeast,OK,Plus
ST-01840,Dollar Tree #1840,2009-09-23,11526,3795.0,40482,Medium,West,TN,Standard
ST-01841,Dollar Tree #1841,2024-09-22,10807,3910.6,10888,Medium,Northeast,OR,Standard
ST-01842,Dollar Tree #1842,2018-02-25,6581,7443.4,79438,Medium,Mid-Atlantic,OH,Combo
ST-01843,Dollar Tree #1843,2006-04-20,12338,9154.1,33506,Low,Northeast,KY,Plus
ST-01844,Dollar Tree #1844,2023-02-11,6729,1311.1,62894,Medium,Mid-Atlantic,OK,Plus
ST-01845,Dollar Tree #1845,2013-07-23,9886,1834.4,54996,Low,Northeast,MI,Standard
ST-01846,Dollar Tree #1846,2005-12-14,13201,3173.8,21892,Low,Midwest,AZ,Standard
ST-01847,Dollar Tree #1847,2007-06-21,11185,1162.5,69208,Low,West,NC,Standard
ST-01848,Dollar Tree #1848,2019-01-18,6484,8256.0,22516,Low,Northeast,WI,Standard
ST-01849,Dollar Tree #1849,2000-06-13,8508,526.3,84459,Medium,Midwest,KS,Standard
ST-01850,Dollar Tree #1850,2005-04-21,11086,6078.8,80151,Low,Midwest,NY,Combo
ST-01851,Dollar Tree #1851,2004-10-12,10702,2287.8,67763,High,Southeast,WI,Standard
ST-01852,Dollar Tree #1852,2014-01-20,6317,11236.5,25765,Medium,Midwest,NY,Standard
ST-01853,Dollar Tree #1853,2021-03-19,10247,2175.1,23070,Medium,Southeast,CO,Standard
ST-01854,Dollar Tree #1854,2019-06-15,13607,7970.2,60966,Medium,Northeast,OK,Plus
ST-01855,Dollar Tree #1855,2002-06-08,8995,1868.3,74325,Low,Southwest,CA,Standard
ST-01856,Dollar Tree #1856,2001-08-26,12910,10934.1,87481,Low,West,FL,Combo
ST-01857,Dollar Tree #1857,2020-06-17,10612,6986.0,79720,Medium,Southwest,IA,Plus
ST-01858,Dollar Tree #1858,2020-04-10,8624,1798.6,35957,Medium,Mid-Atlantic,TN,Plus
ST-01859,Dollar Tree #1859,2013-07-03,10017,481.2,23673,Medium,West,MO,Plus
ST-01860,Dollar Tree #1860,2012-05-16,12441,9294.7,99660,High,Northeast,WI,Standard
ST-01861,Dollar Tree #1861,2006-02-10,13308,7132.1,84878,Medium,Southeast,KY,Standard
ST-01862,Dollar Tree #1862,2023-01-18,6229,757.0,49707,Medium,Southeast,NJ,Plus
ST-01863,Dollar Tree #1863,2001-11-28,9553,8914.8,78679,Low,West,NJ,Combo
ST-01864,Dollar Tree #1864,2022-01-07,6808,5595.4,34340,Low,Mid-Atlantic,VA,Standard
ST-01865,Dollar Tree #1865,2022-04-16,7693,6939.5,90349,Low,Northeast,NM,Plus
ST-01866,Dollar Tree #1866,2006-12-04,13571,3627.2,41508,High,Midwest,OH,Plus
ST-01867,Dollar Tree #1867,2007-06-27,9292,728.1,28568,Medium,Southeast,CO,Combo
ST-01868,Dollar Tree #1868,2008-07-22,10673,8580.0,92076,Medium,Southeast,NV,Combo
ST-01869,Dollar Tree #1869,2023-05-14,11654,320.7,64216,Medium,Midwest,AR,Standard
ST-01870,Dollar Tree #1870,2024-08-09,10916,323.1,61834,Low,Mid-Atlantic,IA,Plus
ST-01871,Dollar Tree #1871,2004-11-23,7826,1032.2,24992,Low,Southeast,NV,Plus
ST-01872,Dollar Tree #1872,2002-03-18,8681,2174.9,43619,High,Mid-Atlantic,NM,Combo
ST-01873,Dollar Tree #1873,2012-05-18,8346,3559.5,84725,Medium,Northeast,IA,Standard
ST-01874,Dollar Tree #1874,2012-04-03,10544,10188.2,36317,Low,West,CA,Plus
ST-01875,Dollar Tree #1875,2015-02-04,7873,648.8,60864,Low,Northeast,IA,Combo
ST-01876,Dollar Tree #1876,2002-04-14,11040,4576.6,28711,Medium,West,IA,Standard
ST-01877,Dollar Tree #1877,2021-09-25,13983,2429.8,37581,High,Midwest,CA,Plus
ST-01878,Dollar Tree #1878,2000-03-11,13040,11414.9,33006,Medium,Southwest,IL,Combo
ST-01879,Dollar Tree #1879,2001-07-13,7254,11372.5,76269,Low,Southeast,OH,Combo
ST-01880,Dollar Tree #1880,2006-06-22,11907,5378.7,67741,Low,Southeast,CO,Plus
ST-01881,Dollar Tree #1881,2009-09-06,7174,6656.1,51622,Low,Northeast,OK,Standard
ST-01882,Dollar Tree #1882,2013-09-18,6143,7499.3,32271,High,Midwest,NJ,Standard
ST-01883,Dollar Tree #1883,2004-02-22,7914,269.6,10448,Medium,Northeast,AR,Plus
ST-01884,Dollar Tree #1884,2024-10-04,13020,2849.3,92350,Low,West,SC,Standard
ST-01885,Dollar Tree #1885,2000-11-27,13461,5821.9,84906,High,Southwest,MI,Combo
ST-01886,Dollar Tree #1886,2019-07-15,13456,9027.2,99506,Medium,West,NC,Standard
ST-01887,Dollar Tree #1887,2020-08-16,13531,10803.2,69535,Medium,Midwest,GA,Standard
ST-01888,Dollar Tree #1888,2009-11-24,7428,11563.9,60915,Medium,Southeast,NJ,Combo
ST-01889,Dollar Tree #1889,2000-07-26,8456,1899.0,70284,Medium,Mid-Atlantic,NV,Plus
ST-01890,Dollar Tree #1890,2007-07-05,12882,7592.7,37276,Medium,Southwest,NV,Plus
ST-01891,Dollar Tree #1891,2014-12-15,9636,11438.0,70754,Medium,Midwest,VA,Combo
ST-01892,Dollar Tree #1892,2012-03-24,10341,2629.8,38437,High,Southeast,AL,Standard
ST-01893,Dollar Tree #1893,2023-11-26,11069,4488.3,70735,Medium,Southwest,NJ,Combo
ST-01894,Dollar Tree #1894,2009-04-13,7157,5748.7,81149,High,Southwest,MI,Plus
ST-01895,Dollar Tree #1895,2013-01-07,7779,4184.7,30541,High,Southwest,NM,Plus
ST-01896,Dollar Tree #1896,2013-03-15,6195,8388.8,60589,Medium,Mid-Atlantic,OH,Standard
ST-01897,Dollar Tree #1897,2023-11-19,12301,2039.1,62674,Medium,Southeast,PA,Plus
ST-01898,Dollar Tree #1898,2010-08-08,13110,8913.9,73790,Medium,West,NM,Plus
ST-01899,Dollar Tree #1899,2016-12-21,13175,616.6,22722,Low,Northeast,TX,Standard
ST-01900,Dollar Tree #1900,2001-06-28,6736,3896.9,56752,Low,Mid-Atlantic,PA,Standard
ST-01901,Dollar Tree #1901,2009-02-12,11105,10929.1,86473,Medium,Southwest,VA,Combo
ST-01902,Dollar Tree #1902,2005-05-10,6831,9667.6,30946,Low,Southeast,TN,Standard
ST-01903,Dollar Tree #1903,2017-10-14,7296,6827.6,92402,Medium,Mid-Atlantic,NC,Combo
ST-01904,Dollar Tree #1904,2007-02-22,13744,1930.4,68314,Low,Northeast,PA,Plus
ST-01905,Dollar Tree #1905,2015-07-16,7396,9252.2,86831,High,Midwest,NM,Plus
ST-01906,Dollar Tree #1906,2018-10-06,9664,10749.1,74456,High,West,NJ,Standard
ST-01907,Dollar Tree #1907,2002-06-03,7451,1792.3,49335,High,Southwest,NM,Standard
ST-01908,Dollar Tree #1908,2003-11-07,13877,7683.8,48318,High,Northeast,NJ,Plus
ST-01909,Dollar Tree #1909,2015-01-20,13299,7165.8,32159,Medium,Midwest,IL,Plus
ST-01910,Dollar Tree #1910,2008-09-01,10010,3959.1,31873,Low,Mid-Atlantic,GA,Combo
ST-01911,Dollar Tree #1911,2009-05-15,9546,4182.7,45761,High,Mid-Atlantic,IN,Combo
ST-01912,Dollar Tree #1912,2002-06-18,6257,1741.7,91811,Low,Mid-Atlantic,AL,Standard
ST-01913,Dollar Tree #1913,2009-07-07,13409,5747.4,60907,Low,Mid-Atlantic,OK,Standard
ST-01914,Dollar Tree #1914,2022-07-11,9004,9677.1,65641,Medium,Mid-Atlantic,VA,Standard
ST-01915,Dollar Tree #1915,2011-12-09,10525,2476.3,46915,Medium,Northeast,NM,Plus
ST-01916,Dollar Tree #1916,2021-02-26,11457,10977.4,76688,Low,Northeast,MS,Standard
ST-01917,Dollar Tree #1917,2024-02-08,6609,2289.9,18514,Low,West,MS,Standard
ST-01918,Dollar Tree #1918,2024-02-28,6617,313.8,11762,High,Midwest,KS,Plus
ST-01919,Dollar Tree #1919,2002-03-19,11129,11594.6,70393,High,Midwest,MS,Combo
ST-01920,Dollar Tree #1920,2003-10-04,6460,8508.9,36151,High,Northeast,OH,Standard
ST-01921,Dollar Tree #1921,2022-02-01,9546,9540.8,40549,Low,Northeast,OR,Standard
ST-01922,Dollar Tree #1922,2012-06-21,10336,2473.1,35860,High,Southwest,CO,Combo
ST-01923,Dollar Tree #1923,2005-08-10,11992,8178.7,18030,Medium,Southeast,WI,Standard
ST-01924,Dollar Tree #1924,2002-03-07,8156,1897.9,81040,Medium,Southeast,OR,Standard
ST-01925,Dollar Tree #1925,2022-02-07,7532,10213.7,39847,Low,Southwest,KY,Plus
ST-01926,Dollar Tree #1926,2009-10-14,10150,7759.0,38607,Medium,Midwest,AR,Standard
ST-01927,Dollar Tree #1927,2023-04-17,6057,7927.1,99591,Medium,Midwest,IA,Standard
ST-01928,Dollar Tree #1928,2002-01-03,10046,4261.8,17917,Medium,Southwest,FL,Combo
ST-01929,Dollar Tree #1929,2024-12-15,6098,11730.6,98408,Low,Midwest,AL,Standard
ST-01930,Dollar Tree #1930,2022-11-20,11555,11519.7,84606,Medium,Mid-Atlantic,AR,Standard
ST-01931,Dollar Tree #1931,2014-06-24,12643,5869.3,75496,Medium,Southwest,VA,Plus
ST-01932,Dollar Tree #1932,2023-04-08,10810,2212.5,56254,Medium,Southwest,NV,Plus
ST-01933,Dollar Tree #1933,2010-07-15,13116,10809.3,69267,Low,Southeast,CT,Plus
ST-01934,Dollar Tree #1934,2013-01-28,7142,9501.5,59998,High,Southeast,AZ,Standard
ST-01935,Dollar Tree #1935,2000-07-26,12696,8008.9,32646,Low,West,OH,Standard
ST-01936,Dollar Tree #1936,2003-01-13,9868,1968.8,54212,Low,Northeast,MO,Plus
ST-01937,Dollar Tree #1937,2005-05-27,13824,10275.0,46394,Low,Southeast,MO,Plus
ST-01938,Dollar Tree #1938,2023-08-14,9564,11378.5,30948,Medium,Mid-Atlantic,CA,Standard
ST-01939,Dollar Tree #1939,2003-02-11,11783,5825.1,47921,Low,Southeast,WI,Plus
ST-01940,Dollar Tree #1940,2006-07-16,6106,11490.9,92773,Low,Midwest,KY,Standard
ST-01941,Dollar Tree #1941,2021-10-14,11010,1637.8,26964,Medium,Midwest,VA,Combo
ST-01942,Dollar Tree #1942,2011-12-28,7049,4560.9,72065,Low,Northeast,IN,Standard
ST-01943,Dollar Tree #1943,2013-04-07,13737,4049.2,40597,Medium,Mid-Atlantic,NM,Plus
ST-01944,Dollar Tree #1944,2008-09-11,10728,9567.1,35477,Low,Midwest,MS,Combo
ST-01945,Dollar Tree #1945,2018-04-23,10856,7390.8,42649,Medium,West,MO,Standard
ST-01946,Dollar Tree #1946,2010-09-04,9146,9052.3,91737,Medium,Northeast,WI,Plus
ST-01947,Dollar Tree #1947,2014-10-24,8179,989.7,61062,Low,Midwest,OR,Standard
ST-01948,Dollar Tree #1948,2011-01-16,8020,2835.3,10400,Medium,Midwest,AR,Plus
ST-01949,Dollar Tree #1949,2015-09-05,12419,3418.5,51947,Medium,Midwest,CO,Plus
ST-01950,Dollar Tree #1950,2006-11-07,13845,11099.8,89309,Low,Midwest,CT,Standard
ST-01951,Dollar Tree #1951,2023-04-17,12544,6148.7,42535,Medium,Southwest,OR,Standard
ST-01952,Dollar Tree #1952,2009-05-07,7180,3694.0,13777,High,Mid-Atlantic,IA,Plus
ST-01953,Dollar Tree #1953,2002-06-15,12355,10935.7,29348,Medium,Mid-Atlantic,AZ,Plus
ST-01954,Dollar Tree #1954,2005-10-15,12213,3906.2,45855,Medium,Midwest,IL,Combo
ST-01955,Dollar Tree #1955,2019-08-10,7334,7120.5,52310,Low,Northeast,CA,Standard
ST-01956,Dollar Tree #1956,2017-08-12,7161,3920.2,59155,Medium,Northeast,KY,Plus
ST-01957,Dollar Tree #1957,2020-06-13,7458,4054.0,14526,High,Midwest,VA,Plus
ST-01958,Dollar Tree #1958,2024-10-02,13235,6238.2,27284,Medium,Northeast,NM,Standard
ST-01959,Dollar Tree #1959,2004-03-04,10282,2127.9,40803,Low,Midwest,NJ,Standard
ST-01960,Dollar Tree #1960,2002-07-11,12150,1021.0,62502,Medium,Northeast,WI,Plus
ST-01961,Dollar Tree #1961,2020-07-23,7269,6667.6,21727,Low,Southwest,OH,Standard
ST-01962,Dollar Tree #1962,2024-05-08,7960,866.9,99590,Medium,Northeast,CA,Combo
ST-01963,Dollar Tree #1963,2022-04-16,6347,697.7,40495,Low,Southeast,WI,Standard
ST-01964,Dollar Tree #1964,2010-07-25,11196,8109.1,12523,Medium,Midwest,MO,Standard
ST-01965,Dollar Tree #1965,2021-12-23,9399,6690.4,15259,Low,West,CA,Standard
ST-01966,Dollar Tree #1966,2007-10-16,6058,4322.7,20567,Medium,Midwest,WI,Standard
ST-01967,Dollar Tree #1967,2012-04-05,10392,286.7,92271,High,West,MI,Standard
ST-01968,Dollar Tree #1968,2017-06-17,9181,2086.4,36422,Medium,Midwest,VA,Standard
ST-01969,Dollar Tree #1969,2010-05-13,6976,7875.5,69198,Low,Southwest,CO,Combo
ST-01970,Dollar Tree #1970,2021-09-25,9323,2614.2,24770,Low,Southwest,MS,Standard
ST-01971,Dollar Tree #1971,2023-04-07,12223,6928.4,49139,High,Mid-Atlantic,IL,Plus
ST-01972,Dollar Tree #1972,2009-06-15,6445,7844.4,40121,Medium,Midwest,IL,Plus
ST-01973,Dollar Tree #1973,2000-05-01,7772,9989.1,53769,Low,Southwest,CT,Plus
ST-01974,Dollar Tree #1974,2023-06-15,9201,7301.4,31660,Medium,Southwest,SC,Plus
ST-01975,Dollar Tree #1975,2009-11-28,13682,3132.5,90788,Low,Northeast,KS,Standard
ST-01976,Dollar Tree #1976,2019-01-28,6091,11372.1,10001,Medium,Southwest,AZ,Combo
ST-01977,Dollar Tree #1977,2018-03-04,6438,4543.0,94642,Low,Southwest,CT,Standard
ST-01978,Dollar Tree #1978,2002-05-14,11354,464.3,14586,Low,Midwest,PA,Standard
ST-01979,Dollar Tree #1979,2014-04-04,13531,7713.2,99368,Low,Southwest,OH,Standard
ST-01980,Dollar Tree #1980,2003-02-24,7923,5571.9,85992,High,West,NC,Standard
ST-01981,Dollar Tree #1981,2000-12-19,9929,946.7,30092,Low,Northeast,AZ,Combo
ST-01982,Dollar Tree #1982,2012-01-02,10074,5303.4,71040,Medium,Southeast,TX,Plus
ST-01983,Dollar Tree #1983,2001-11-03,13859,9280.5,46808,High,Midwest,CT,Plus
ST-01984,Dollar Tree #1984,2006-05-01,11498,3409.2,34650,Low,Mid-Atlantic,IN,Standard
ST-01985,Dollar Tree #1985,2020-01-28,10613,10057.6,67061,Medium,Mid-Atlantic,MO,Standard
ST-01986,Dollar Tree #1986,2022-12-02,8347,4495.6,88387,Medium,Southwest,AR,Plus
ST-01987,Dollar Tree #1987,2017-03-12,11395,10841.5,82223,Medium,Southeast,VA,Combo
ST-01988,Dollar Tree #1988,2020-06-14,7425,7046.5,58773,Medium,Midwest,IA,Standard
ST-01989,Dollar Tree #1989,2004-11-25,13286,6035.2,81076,Medium,Midwest,TN,Standard
ST-01990,Dollar Tree #1990,2019-05-05,8726,11111.7,94602,Medium,Southwest,IA,Plus
ST-01991,Dollar Tree #1991,2021-03-02,8813,6175.0,91928,Low,West,VA,Plus
ST-01992,Dollar Tree #1992,2020-12-06,12972,9625.1,28287,Low,Mid-Atlantic,AZ,Standard
ST-01993,Dollar Tree #1993,2013-02-17,10456,695.3,23607,Medium,Northeast,NC,Plus
ST-01994,Dollar Tree #1994,2021-03-24,7857,8271.3,53895,Medium,Northeast,VA,Combo
ST-01995,Dollar Tree #1995,2011-09-13,10285,7951.3,61485,Low,West,NJ,Combo
ST-01996,Dollar Tree #1996,2013-12-25,6871,2864.6,94397,Medium,Southeast,AR,Combo
ST-01997,Dollar Tree #1997,2024-04-23,6004,10739.6,76127,Low,Southwest,PA,Standard
ST-01998,Dollar Tree #1998,2022-05-08,12191,4992.2,37426,Medium,Mid-Atlantic,NY,Standard
ST-01999,Dollar Tree #1999,2000-01-01,8423,1628.7,34341,High,Northeast,FL,Standard
ST-02000,Dollar Tree #2000,2014-02-14,13740,4418.7,62822,Low,Mid-Atlantic,CO,Standard
ST-02001,Dollar Tree #2001,2010-07-12,7707,3784.7,91167,Medium,Southwest,KY,Plus
ST-02002,Dollar Tree #2002,2018-01-22,10025,11728.8,75535,Medium,Midwest,TX,Standard
ST-02003,Dollar Tree #2003,2022-08-28,12535,4728.3,80650,Low,Southwest,OR,Plus
ST-02004,Dollar Tree #2004,2019-06-22,10016,11936.7,59803,Low,Southwest,IA,Standard
ST-02005,Dollar Tree #2005,2015-05-18,6754,1179.0,92745,Low,Southwest,AZ,Combo
ST-02006,Dollar Tree #2006,2010-04-20,9844,605.2,50607,Medium,Mid-Atlantic,KS,Plus
ST-02007,Dollar Tree #2007,2006-10-14,6777,321.5,26827,Medium,Mid-Atlantic,IA,Standard
ST-02008,Dollar Tree #2008,2016-08-03,10112,2338.6,46010,High,West,AZ,Plus
ST-02009,Dollar Tree #2009,2020-12-02,8074,7110.8,77729,Medium,Southeast,NV,Plus
ST-02010,Dollar Tree #2010,2009-03-02,8378,7293.2,65932,Low,Mid-Atlantic,PA,Standard
ST-02011,Dollar Tree #2011,2006-08-16,8040,267.2,95704,Low,Southwest,CA,Standard
ST-02012,Dollar Tree #2012,2005-04-11,13090,8259.8,74664,Low,Mid-Atlantic,IN,Combo
ST-02013,Dollar Tree #2013,2003-02-06,7140,1757.6,89325,Medium,Northeast,IN,Plus
ST-02014,Dollar Tree #2014,2011-12-14,6168,8559.2,58272,High,West,NY,Plus
ST-02015,Dollar Tree #2015,2015-01-09,9574,6775.9,65345,Low,Northeast,FL,Standard
ST-02016,Dollar Tree #2016,2021-06-16,9287,6183.9,41880,Low,Northeast,TX,Standard
ST-02017,Dollar Tree #2017,2002-10-06,11444,2518.9,96489,Medium,Midwest,SC,Standard
ST-02018,Dollar Tree #2018,2015-02-26,11376,2389.0,64166,Low,West,CA,Standard
ST-02019,Dollar Tree #2019,2006-03-10,7091,9010.4,61211,Low,Midwest,CA,Plus
ST-02020,Dollar Tree #2020,2000-02-17,11455,3337.5,79536,Low,Midwest,NV,Standard
ST-02021,Dollar Tree #2021,2010-04-28,9935,9654.5,34728,High,Southwest,MO,Plus
ST-02022,Dollar Tree #2022,2006-02-06,9177,6725.8,92186,Medium,Northeast,PA,Combo
ST-02023,Dollar Tree #2023,2004-09-05,13054,9174.1,72611,Medium,Northeast,AL,Standard
ST-02024,Dollar Tree #2024,2007-11-25,9387,10109.3,57411,Low,Midwest,TN,Standard
ST-02025,Dollar Tree #2025,2024-07-02,13132,3981.8,61724,Low,Southeast,OK,Combo
ST-02026,Dollar Tree #2026,2011-07-15,10967,10069.2,39454,High,Southeast,MO,Plus
ST-02027,Dollar Tree #2027,2016-07-21,13142,9114.1,30615,Low,West,WI,Standard
ST-02028,Dollar Tree #2028,2015-02-14,10913,564.8,18694,Medium,Northeast,OR,Standard
ST-02029,Dollar Tree #2029,2024-11-02,9027,3473.2,46809,Medium,Mid-Atlantic,MS,Standard
ST-02030,Dollar Tree #2030,2009-09-20,8679,11048.1,71592,Medium,Southwest,AZ,Combo
ST-02031,Dollar Tree #2031,2018-12-18,13564,8249.8,88556,High,West,PA,Plus
ST-02032,Dollar Tree #2032,2010-02-23,10011,11707.7,79827,Medium,West,KY,Standard
ST-02033,Dollar Tree #2033,2008-11-09,13652,3400.8,47872,Medium,West,GA,Standard
ST-02034,Dollar Tree #2034,2010-04-19,7566,4312.5,50153,Low,Midwest,WI,Combo
ST-02035,Dollar Tree #2035,2013-05-09,10896,5201.4,96391,Low,West,NV,Standard
ST-02036,Dollar Tree #2036,2024-12-10,7556,8307.8,57380,High,West,SC,Standard
ST-02037,Dollar Tree #2037,2006-08-19,10260,2246.3,48202,High,Southeast,IL,Plus
ST-02038,Dollar Tree #2038,2020-06-06,13268,7840.2,75136,Medium,Southeast,AZ,Plus
ST-02039,Dollar Tree #2039,2022-05-19,9760,6541.4,29181,Medium,West,FL,Standard
ST-02040,Dollar Tree #2040,2003-07-27,10511,11809.6,10428,Low,Southeast,MS,Standard
ST-02041,Dollar Tree #2041,2015-08-18,10780,9889.7,76993,Medium,Southwest,IL,Standard
ST-02042,Dollar Tree #2042,2001-07-21,10010,7224.2,72438,Medium,Southwest,VA,Standard
ST-02043,Dollar Tree #2043,2004-03-04,8960,9169.5,17143,Low,Northeast,NC,Standard
ST-02044,Dollar Tree #2044,2017-09-09,7043,9449.7,65478,Low,Northeast,NV,Combo
ST-02045,Dollar Tree #2045,2018-01-01,6912,4183.7,91836,High,Midwest,MI,Plus
ST-02046,Dollar Tree #2046,2007-04-08,11065,7323.2,44961,Medium,Midwest,AR,Standard
ST-02047,Dollar Tree #2047,2004-01-18,10785,3937.3,38819,Low,Southwest,IL,Plus
ST-02048,Dollar Tree #2048,2019-01-06,6746,6940.6,90495,Medium,Southwest,NY,Standard
ST-05121,Dollar Tree #5121,2015-04-12,11806,6124.0,32891,Medium,Southeast,CO,Plus
ST-05122,Dollar Tree #5122,2006-04-21,11937,4205.5,71944,High,Mid-Atlantic,TX,Standard
ST-05123,Dollar Tree #5123,2022-05-01,13325,9823.8,41808,Medium,West,AZ,Combo
ST-05124,Dollar Tree #5124,2013-04-23,10967,9638.9,50414,Medium,Midwest,SC,Standard
ST-05125,Dollar Tree #5125,2008-03-22,9726,3131.9,83038,Low,Midwest,CT,Plus
ST-05126,Dollar Tree #5126,2021-06-05,11817,3029.0,20150,Medium,Mid-Atlantic,SC,Plus
ST-05127,Dollar Tree #5127,2021-08-13,7360,9510.6,30384,Medium,Southeast,VA,Standard
ST-05128,Dollar Tree #5128,2007-05-01,13692,4807.1,30714,Low,Northeast,TN,Plus
ST-05129,Dollar Tree #5129,2006-04-09,12386,897.4,44315,High,Southeast,FL,Standard
ST-05130,Dollar Tree #5130,2012-12-07,8092,10610.4,55006,Low,Southwest,IL,Plus
ST-05131,Dollar Tree #5131,2005-09-18,9437,2347.0,38462,Low,Midwest,IN,Standard
ST-05132,Dollar Tree #5132,2009-05-09,8980,4484.2,25360,High,Mid-Atlantic,MI,Standard
ST-05133,Dollar Tree #5133,2008-05-05,6688,1114.5,71235,Medium,Midwest,NV,Plus
ST-05134,Dollar Tree #5134,2008-05-19,8723,5841.0,47856,Low,Northeast,KY,Plus
ST-05135,Dollar Tree #5135,2017-12-10,7471,10304.3,49355,Medium,Southeast,WI,Standard
ST-05136,Dollar Tree #5136,2011-02-06,11112,1512.7,63460,Medium,Southwest,KY,Plus
ST-05137,Dollar Tree #5137,2005-05-22,9173,3601.6,86891,Medium,West,IN,Standard
ST-05138,Dollar Tree #5138,2008-08-24,7673,4013.9,95434,Medium,West,WI,Plus
ST-05139,Dollar Tree #5139,2011-11-19,12651,1595.4,41439,Low,Northeast,IN,Standard
ST-05140,Dollar Tree #5140,2003-05-12,13732,7880.8,79341,Low,Midwest,MO,Plus
ST-05141,Dollar Tree #5141,2005-11-08,6399,4207.3,71018,Medium,Southeast,NC,Standard
ST-05142,Dollar Tree #5142,2023-04-03,6210,8745.8,22031,Low,Midwest,AZ,Standard
ST-05143,Dollar Tree #5143,2007-12-16,10383,7751.4,60322,Low,Midwest,IL,Combo
ST-05144,Dollar Tree #5144,2001-11-03,13544,3370.1,64494,Low,Southwest,TN,Combo
ST-05145,Dollar Tree #5145,2023-10-13,6935,8759.6,59495,Medium,Mid-Atlantic,TN,Standard
ST-05146,Dollar Tree #5146,2023-08-10,10973,1408.8,29272,Low,West,NM,Plus
ST-05147,Dollar Tree #5147,2019-12-21,6302,4751.9,11173,Medium,Northeast,KS,Standard
ST-05148,Dollar Tree #5148,2014-02-12,10762,306.1,24087,Low,Midwest,TX,Standard
ST-05149,Dollar Tree #5149,2023-04-03,9402,720.4,43334,Low,Southeast,NM,Plus
ST-05150,Dollar Tree #5150,2005-09-26,11087,6585.4,77035,Low,Mid-Atlantic,PA,Standard
ST-05151,Dollar Tree #5151,2005-01-18,9203,10685.1,44638,High,Mid-Atlantic,CO,Plus
ST-05152,Dollar Tree #5152,2009-03-12,6300,10235.5,91065,Medium,Southwest,CO,Plus
ST-05153,Dollar Tree #5153,2020-08-17,13168,3283.0,14249,Low,Mid-Atlantic,FL,Standard
ST-05154,Dollar Tree #5154,2002-05-27,8209,1809.7,61413,Low,Mid-Atlantic,MO,Standard
ST-05155,Dollar Tree #5155,2015-03-08,11779,10158.5,65461,Low,Mid-Atlantic,NJ,Plus
ST-05156,Dollar Tree #5156,2011-03-17,11772,11134.0,52212,High,West,OR,Plus
ST-05157,Dollar Tree #5157,2008-08-11,11404,5752.3,67254,Low,Southwest,OR,Plus
ST-05158,Dollar Tree #5158,2016-03-19,7881,538.8,51207,Medium,Southwest,AL,Plus
ST-05159,Dollar Tree #5159,2021-10-21,10379,10213.7,37390,Medium,Southwest,TN,Standard
ST-05160,Dollar Tree #5160,2015-05-24,11126,1376.5,58361,Medium,Southeast,CO,Standard
ST-05161,Dollar Tree #5161,2023-11-18,6846,3934.2,46797,Low,West,CA,Standard
ST-05162,Dollar Tree #5162,2010-07-24,6208,10520.0,79565,Medium,West,KY,Plus
ST-05163,Dollar Tree #5163,2019-11-13,9485,8656.9,90924,Medium,Southeast,NJ,Standard
ST-05164,Dollar Tree #5164,2021-08-13,6140,10899.7,52815,Low,Southeast,FL,Standard
ST-05165,Dollar Tree #5165,2002-09-10,7061,4795.2,96938,Low,Southwest,MI,Combo
ST-05166,Dollar Tree #5166,2009-02-17,6191,10542.1,27125,Medium,Midwest,AL,Standard
ST-05167,Dollar Tree #5167,2001-09-12,12440,7357.2,40688,Medium,Southwest,NJ,Standard
ST-05168,Dollar Tree #5168,2010-03-26,8264,7762.7,71686,Medium,Mid-Atlantic,AL,Standard
ST-05169,Dollar Tree #5169,2001-08-24,13327,5124.8,99365,Medium,Midwest,IN,Standard
ST-05170,Dollar Tree #5170,2015-05-18,12655,9043.9,56218,High,Mid-Atlantic,PA,Standard
ST-05171,Dollar Tree #5171,2002-03-06,13726,4105.3,82195,Medium,Southwest,IN,Plus
ST-05172,Dollar Tree #5172,2020-01-03,11404,6002.9,52548,Low,Southeast,KS,Plus
ST-05173,Dollar Tree #5173,2018-11-06,11088,3430.3,99869,Medium,Midwest,NV,Standard
ST-05174,Dollar Tree #5174,2006-10-13,10066,3206.6,86651,Medium,West,CA,Standard
ST-05175,Dollar Tree #5175,2001-04-22,10235,4205.1,14986,Medium,Northeast,CA,Plus
ST-05176,Dollar Tree #5176,2008-02-11,10672,8631.1,26895,Medium,Southeast,TN,Plus
ST-05177,Dollar Tree #5177,2023-06-16,13282,3977.9,81218,Medium,Northeast,OR,Standard
ST-05178,Dollar Tree #5178,2021-10-28,9949,4626.4,42460,Medium,Southeast,CO,Standard
ST-05179,Dollar Tree #5179,2013-02-10,7071,8731.6,31964,Low,Midwest,CA,Plus
ST-05180,Dollar Tree #5180,2011-03-01,9259,9529.1,36803,Medium,Southwest,FL,Standard
ST-05181,Dollar Tree #5181,2016-10-16,10305,6053.1,68828,Low,West,OH,Combo
ST-05182,Dollar Tree #5182,2012-06-20,13316,9998.4,96377,Low,Mid-Atlantic,WI,Standard
ST-05183,Dollar Tree #5183,2009-02-23,13818,7433.1,73040,Low,Southwest,CA,Standard
ST-05184,Dollar Tree #5184,2006-12-26,11549,2930.6,76139,Medium,Midwest,MI,Standard
ST-05185,Dollar Tree #5185,2016-11-10,8046,5151.7,66345,Low,Mid-Atlantic,OH,Combo
ST-05186,Dollar Tree #5186,2000-11-20,13520,2550.8,39165,Medium,West,SC,Standard
ST-05187,Dollar Tree #5187,2023-03-22,13442,988.4,86067,Low,Southwest,MO,Combo
ST-05188,Dollar Tree #5188,2023-07-16,13696,5600.7,70788,Medium,Southeast,KS,Plus
ST-05189,Dollar Tree #5189,2010-08-13,8548,4413.5,49163,Medium,West,NV,Standard
ST-05190,Dollar Tree #5190,2006-05-17,6907,7437.9,42783,Low,Midwest,IA,Combo
ST-05191,Dollar Tree #5191,2023-02-04,13387,796.2,60045,Medium,Southeast,AL,Standard
ST-05192,Dollar Tree #5192,2011-04-08,12738,781.9,91037,High,Southeast,IL,Combo
ST-05193,Dollar Tree #5193,2007-04-21,13751,10569.6,36971,Medium,Mid-Atlantic,CT,Standard
ST-05194,Dollar Tree #5194,2009-11-17,8579,4169.1,13734,Medium,Northeast,PA,Plus
ST-05195,Dollar Tree #5195,2008-01-14,7135,9643.3,65389,Low,Southwest,IN,Standard
ST-05196,Dollar Tree #5196,2022-02-11,11179,11989.1,48922,Medium,West,MO,Plus
ST-05197,Dollar Tree #5197,2005-02-14,13857,3570.7,42071,High,Midwest,OK,Standard
ST-05198,Dollar Tree #5198,2014-12-27,13302,7031.0,42669,Low,Southeast,AL,Standard
ST-05199,Dollar Tree #5199,2001-07-19,8680,9935.6,32134,Medium,Southeast,OK,Standard
ST-05200,Dollar Tree #5200,2005-04-24,12533,9344.8,57346,Medium,West,IL,Plus
ST-05201,Dollar Tree #5201,2014-02-06,9065,6645.1,80387,Medium,West,IA,Plus
ST-05202,Dollar Tree #5202,2019-02-19,11487,10706.0,87262,Medium,West,NJ,Standard
ST-05203,Dollar Tree #5203,2012-11-24,8734,7574.3,18810,High,Mid-Atlantic,OR,Plus
ST-05204,Dollar Tree #5204,2008-06-27,12688,4844.3,48431,Medium,Southwest,NC,Standard
ST-05205,Dollar Tree #5205,2004-04-27,10785,269.7,43793,Low,Midwest,OH,Standard
ST-05206,Dollar Tree #5206,2004-12-17,9077,6047.1,57903,Medium,Midwest,MO,Standard
ST-05207,Dollar Tree #5207,2002-09-19,9849,9192.7,88527,High,Midwest,IA,Standard
ST-05208,Dollar Tree #5208,2003-11-10,9078,5526.8,15700,High,West,OK,Standard
ST-05209,Dollar Tree #5209,2013-08-05,12215,7771.8,55051,Low,Mid-Atlantic,PA,Plus
ST-05210,Dollar Tree #5210,2022-01-02,12532,8356.1,97298,Low,Southwest,MO,Combo
ST-05211,Dollar Tree #5211,2001-11-16,7976,3384.2,65490,Low,Mid-Atlantic,GA,Standard
ST-05212,Dollar Tree #5212,2013-02-08,11436,3717.3,73874,Medium,West,PA,Combo
ST-05213,Dollar Tree #5213,2023-02-13,13251,3364.7,73102,Medium,Southeast,MO,Standard
ST-05214,Dollar Tree #5214,2009-11-06,11878,6133.5,97377,Low,Southeast,IA,Plus
ST-05215,Dollar Tree #5215,2024-07-16,11630,10809.5,54361,Low,Midwest,OK,Standard
ST-05216,Dollar Tree #5216,2013-07-17,13663,6195.5,55550,Medium,Mid-Atlantic,IN,Standard
ST-05217,Dollar Tree #5217,2022-06-12,12847,5107.4,64578,Low,Southwest,TN,Plus
ST-05218,Dollar Tree #5218,2018-05-02,10633,3026.3,41324,Medium,Midwest,TN,Combo
ST-05219,Dollar Tree #5219,2000-06-19,13230,4571.9,25652,High,Southwest,NY,Standard
ST-05220,Dollar Tree #5220,2007-04-19,8737,5100.8,34625,Low,Southeast,NC,Standard
ST-05221,Dollar Tree #5221,2002-09-05,9057,4860.1,62964,Low,West,PA,Standard
ST-05222,Dollar Tree #5222,2004-11-23,9519,10861.8,69119,High,Midwest,SC,Combo
ST-05223,Dollar Tree #5223,2012-10-16,10533,3789.2,73141,Medium,West,KY,Plus
ST-05224,Dollar Tree #5224,2013-12-07,6698,6945.5,39421,Low,Midwest,OH,Plus
ST-05225,Dollar Tree #5225,2020-01-09,11805,2617.4,84803,Low,Southeast,IA,Standard
ST-05226,Dollar Tree #5226,2018-12-03,9456,3155.2,40809,Low,Northeast,PA,Plus
ST-05227,Dollar Tree #5227,2009-07-19,13509,8678.2,11308,Low,Southwest,AZ,Standard
ST-05228,Dollar Tree #5228,2003-10-03,10674,9940.8,65738,Low,Southwest,OK,Combo
ST-05229,Dollar Tree #5229,2000-09-12,11466,4281.6,60896,Low,Southwest,MS,Standard
ST-05230,Dollar Tree #5230,2005-04-01,9385,2425.0,64680,Medium,Southeast,KY,Combo
ST-05231,Dollar Tree #5231,2011-08-15,9061,4820.8,47923,Low,West,WI,Standard
ST-05232,Dollar Tree #5232,2002-01-26,8440,10582.5,14631,Low,Mid-Atlantic,OH,Plus
ST-05233,Dollar Tree #5233,2006-01-07,12163,1704.0,78650,Low,Mid-Atlantic,IN,Standard
ST-05234,Dollar Tree #5234,2022-07-07,12128,9566.9,26688,High,Mid-Atlantic,GA,Standard
ST-05235,Dollar Tree #5235,2013-02-04,10561,6275.3,29824,Low,Southeast,AR,Plus
ST-05236,Dollar Tree #5236,2000-11-27,9516,10312.0,98158,High,Mid-Atlantic,AL,Standard
ST-05237,Dollar Tree #5237,2016-11-14,13918,1837.1,18795,Medium,Midwest,IL,Combo
ST-05238,Dollar Tree #5238,2021-02-23,6843,1307.9,31440,Medium,Northeast,IN,Plus
ST-05239,Dollar Tree #5239,2019-01-26,13694,2667.4,61289,Medium,Southwest,AZ,Standard
ST-05240,Dollar Tree #5240,2012-11-24,13688,7476.8,72935,Low,West,FL,Combo
ST-05241,Dollar Tree #5241,2007-03-14,13795,10218.8,86220,Medium,Midwest,VA,Standard
ST-05242,Dollar Tree #5242,2006-04-22,10025,7411.1,32679,High,Mid-Atlantic,CO,Standard
ST-05243,Dollar Tree #5243,2000-04-16,8959,2780.8,92960,High,Southeast,OK,Combo
ST-05244,Dollar Tree #5244,2003-11-07,7272,8583.8,54951,Low,Mid-Atlantic,IN,Combo
ST-05245,Dollar Tree #5245,2010-07-15,12803,1358.1,92753,Medium,Northeast,AR,Combo
ST-05246,Dollar Tree #5246,2007-01-12,9299,6115.6,82803,Low,Southwest,MS,Standard
ST-05247,Dollar Tree #5247,2004-12-28,12331,4896.6,29891,Medium,West,MI,Plus
ST-05248,Dollar Tree #5248,2019-02-17,8912,2087.7,88563,Medium,Southeast,WI,Plus
ST-05249,Dollar Tree #5249,2005-01-23,6604,4070.5,46246,Medium,Southwest,IN,Plus
ST-05250,Dollar Tree #5250,2013-05-19,6731,3103.9,21127,Medium,Midwest,IN,Plus
ST-05251,Dollar Tree #5251,2011-03-17,13391,11942.4,27547,High,Southwest,NY,Plus
ST-05252,Dollar Tree #5252,2020-06-22,8202,8559.5,83866,High,Northeast,NV,Standard
ST-05253,Dollar Tree #5253,2018-05-18,13011,3309.8,48863,Low,Mid-Atlantic,KS,Combo
ST-05254,Dollar Tree #5254,2008-12-28,8620,5604.6,63645,Medium,Northeast,CT,Standard
ST-05255,Dollar Tree #5255,2017-09-28,9579,4250.5,54556,Low,Mid-Atlantic,NV,Standard
ST-05256,Dollar Tree #5256,2022-10-28,6740,8429.8,87901,Medium,Mid-Atlantic,AZ,Combo
ST-05257,Dollar Tree #5257,2014-09-07,7160,11363.9,83966,High,Mid-Atlantic,CT,Standard
ST-05258,Dollar Tree #5258,2024-10-25,7542,4726.8,12000,Low,West,IA,Standard
ST-05259,Dollar Tree #5259,2002-03-21,9765,562.2,60182,Low,West,IA,Standard
ST-05260,Dollar Tree #5260,2021-04-14,6281,8524.6,74582,Medium,Northeast,NM,Plus
ST-05261,Dollar Tree #5261,2004-01-22,7145,543.0,39293,High,Mid-Atlantic,IL,Plus
ST-05262,Dollar Tree #5262,2017-02-03,7293,334.6,85738,Medium,Southwest,AZ,Plus
ST-05263,Dollar Tree #5263,2013-04-15,7342,11342.2,36128,High,Southwest,GA,Standard
ST-05264,Dollar Tree #5264,2024-05-17,7833,11845.7,59195,Medium,Southwest,MO,Standard
ST-05265,Dollar Tree #5265,2014-11-04,10745,7621.3,10329,Medium,Southwest,OK,Standard
ST-05266,Dollar Tree #5266,2015-05-27,13061,10188.9,87195,Medium,Southwest,MO,Standard
ST-05267,Dollar Tree #5267,2010-05-13,12706,5517.0,88779,Low,Northeast,AZ,Standard
ST-05268,Dollar Tree #5268,2023-10-01,10836,11366.0,54789,Medium,Southwest,NV,Plus
ST-05269,Dollar Tree #5269,2020-09-16,12113,11609.7,96649,Low,Midwest,WI,Plus
ST-05270,Dollar Tree #5270,2013-09-04,6476,10228.1,53321,Low,Northeast,PA,Plus
ST-05271,Dollar Tree #5271,2005-07-27,13226,5151.0,51449,Medium,Southwest,IA,Plus
ST-05272,Dollar Tree #5272,2001-11-02,10616,4067.8,16782,Medium,Northeast,KS,Standard
ST-05273,Dollar Tree #5273,2024-05-13,7000,10017.4,89743,Medium,Mid-Atlantic,TX,Standard
ST-05274,Dollar Tree #5274,2000-02-19,11501,856.0,14577,Medium,Southeast,WI,Plus
ST-05275,Dollar Tree #5275,2010-05-13,9612,11028.6,40381,High,Midwest,CT,Plus
ST-05276,Dollar Tree #5276,2009-04-28,9292,9088.2,40405,Medium,Mid-Atlantic,CA,Plus
ST-05277,Dollar Tree #5277,2019-05-04,7725,1466.3,79616,Medium,West,AZ,Plus
ST-05278,Dollar Tree #5278,2002-09-08,7175,1488.7,11739,Medium,Midwest,PA,Combo
ST-05279,Dollar Tree #5279,2017-11-09,11363,9556.8,32956,Medium,Mid-Atlantic,FL,Standard
ST-05280,Dollar Tree #5280,2002-10-21,6342,2516.6,56317,Medium,Midwest,KS,Combo
ST-05281,Dollar Tree #5281,2000-10-10,7360,8009.6,47052,Low,Southeast,VA,Plus
ST-05282,Dollar Tree #5282,2014-10-20,12048,9881.1,14764,High,Mid-Atlantic,GA,Standard
ST-05283,Dollar Tree #5283,2007-09-18,11813,5482.4,64884,Medium,Southwest,KS,Plus
ST-05284,Dollar Tree #5284,2001-11-13,12810,2150.8,78627,Medium,Midwest,NV,Standard
ST-05285,Dollar Tree #5285,2006-05-01,11305,2706.9,90202,Medium,West,IL,Plus
ST-05286,Dollar Tree #5286,2014-05-10,11481,8456.7,35483,Low,West,NY,Plus
ST-05287,Dollar Tree #5287,2006-07-08,7319,8348.9,84511,High,Southeast,KY,Plus
ST-05288,Dollar Tree #5288,2021-08-23,6069,2328.3,60053,Low,West,OH,Standard
ST-05289,Dollar Tree #5289,2015-02-12,13646,3845.2,20465,Medium,Midwest,NY,Standard
ST-05290,Dollar Tree #5290,2007-02-03,12657,5744.9,64389,Low,Midwest,IN,Plus
ST-05291,Dollar Tree #5291,2012-08-16,6585,7196.4,97148,Medium,West,CO,Standard
ST-05292,Dollar Tree #5292,2024-01-28,7865,897.1,30458,Medium,Southwest,VA,Plus
ST-05293,Dollar Tree #5293,2008-01-12,10124,7566.1,34340,Low,Mid-Atlantic,AR,Standard
ST-05294,Dollar Tree #5294,2006-07-01,9097,5367.3,79450,Medium,Northeast,CO,Combo
ST-05295,Dollar Tree #5295,2005-05-25,10891,5771.4,32933,Medium,Midwest,VA,Plus
ST-05296,Dollar Tree #5296,2002-04-13,8308,6999.0,64290,Medium,Midwest,OR,Standard
ST-05297,Dollar Tree #5297,2003-12-24,8532,3933.0,69324,Medium,Southeast,NJ,Plus
ST-05298,Dollar Tree #5298,2023-05-26,8434,8199.5,77922,Medium,Southeast,KS,Standard
ST-05299,Dollar Tree #5299,2004-12-14,11363,10154.9,89107,Medium,Northeast,OR,Standard
ST-05300,Dollar Tree #5300,2016-06-04,12241,11120.8,24708,Medium,Mid-Atlantic,TN,Plus
ST-05301,Dollar Tree #5301,2007-04-18,13082,4263.0,51912,Medium,Southwest,MI,Combo
ST-05302,Dollar Tree #5302,2013-08-02,11316,4545.6,96641,Medium,West,TX,Plus
ST-05303,Dollar Tree #5303,2017-04-17,12023,2672.3,18875,Medium,Southeast,NC,Plus
ST-05304,Dollar Tree #5304,2010-12-02,7453,9160.9,51948,Medium,Southwest,CA,Standard
ST-05305,Dollar Tree #5305,2020-05-24,12107,10819.4,59390,Low,Mid-Atlantic,GA,Standard
ST-05306,Dollar Tree #5306,2024-09-19,7234,3081.7,91745,Medium,Southeast,NC,Standard
ST-05307,Dollar Tree #5307,2014-01-11,6631,3938.2,54203,High,Southwest,KS,Plus
ST-05308,Dollar Tree #5308,2020-03-13,7575,6517.9,10990,High,Southeast,MS,Standard
ST-05309,Dollar Tree #5309,2008-11-24,13158,10914.4,70815,Low,Southwest,NY,Combo
ST-05310,Dollar Tree #5310,2016-12-22,9192,9320.2,77010,High,Southwest,AL,Plus
ST-05311,Dollar Tree #5311,2023-05-16,9423,8735.4,33575,Low,Mid-Atlantic,MO,Standard
ST-05312,Dollar Tree #5312,2006-11-18,8822,7887.1,46583,Medium,West,IA,Plus
ST-05313,Dollar Tree #5313,2024-12-06,9385,6414.0,84815,Low,Northeast,MS,Plus
ST-05314,Dollar Tree #5314,2004-03-24,10685,11426.8,21832,High,Southeast,NM,Combo
ST-05315,Dollar Tree #5315,2007-03-17,12174,8427.0,61348,Low,Midwest,GA,Combo
ST-05316,Dollar Tree #5316,2018-05-28,11999,1318.6,75771,Medium,Midwest,VA,Standard
ST-05317,Dollar Tree #5317,2008-02-27,10416,7432.4,51719,Medium,West,NV,Standard
ST-05318,Dollar Tree #5318,2002-05-25,6029,803.8,40440,Medium,Southwest,GA,Standard
ST-05319,Dollar Tree #5319,2006-03-17,7234,5286.9,35006,Medium,Mid-Atlantic,MI,Plus
ST-05320,Dollar Tree #5320,2000-05-15,10747,9797.2,81652,Medium,Midwest,IN,Standard
ST-05321,Dollar Tree #5321,2013-09-19,11847,5352.9,28255,Low,Southeast,PA,Combo
ST-05322,Dollar Tree #5322,2011-01-17,9422,2236.9,80765,Medium,West,VA,Plus
ST-05323,Dollar Tree #5323,2009-11-07,8441,5371.4,16624,High,Mid-Atlantic,WI,Plus
ST-05324,Dollar Tree #5324,2005-04-01,10723,2206.0,57382,Medium,Southwest,OH,Plus
ST-05325,Dollar Tree #5325,2019-11-21,8371,4861.7,97081,Low,Southwest,IL,Standard
ST-05326,Dollar Tree #5326,2012-04-08,6134,10252.8,48471,Medium,Northeast,NY,Plus
ST-05327,Dollar Tree #5327,2005-12-13,13925,10727.5,77390,Low,Southeast,IL,Combo
ST-05328,Dollar Tree #5328,2012-05-20,6402,6283.7,47222,High,Southwest,MI,Plus
ST-05329,Dollar Tree #5329,2002-11-03,9548,9722.8,41397,Medium,Mid-Atlantic,OR,Standard
ST-05330,Dollar Tree #5330,2021-01-08,13723,1321.2,22834,Medium,Southwest,GA,Plus
ST-05331,Dollar Tree #5331,2013-03-25,13955,1895.4,45929,Medium,Midwest,MI,Standard
ST-05332,Dollar Tree #5332,2009-01-18,11207,4109.2,90651,Medium,Southeast,OH,Plus
ST-05333,Dollar Tree #5333,2011-02-25,12861,1428.3,10240,Medium,Midwest,WI,Plus
ST-05334,Dollar Tree #5334,2002-01-13,11989,11792.7,64338,High,Northeast,CT,Combo
ST-05335,Dollar Tree #5335,2001-03-28,9190,10713.9,48822,Medium,West,TX,Combo
ST-05336,Dollar Tree #5336,2003-08-09,11017,7989.4,36116,Medium,Mid-Atlantic,CO,Standard
ST-05337,Dollar Tree #5337,2023-07-27,7098,10838.0,46366,Low,Northeast,TN,Plus
ST-05338,Dollar Tree #5338,2020-08-18,10459,3597.1,71687,Low,Southeast,NM,Standard
ST-05339,Dollar Tree #5339,2013-06-02,13166,2296.9,99560,Medium,Southeast,NV,Standard
ST-05340,Dollar Tree #5340,2024-09-19,7597,4289.2,43324,Low,Southwest,FL,Standard
ST-05341,Dollar Tree #5341,2020-01-22,9801,9120.2,90811,Medium,Midwest,TX,Standard
ST-05342,Dollar Tree #5342,2007-11-22,6209,11887.5,93714,High,Northeast,AR,Plus
ST-05343,Dollar Tree #5343,2013-08-04,8069,6582.5,40668,Low,Mid-Atlantic,IL,Standard
ST-05344,Dollar Tree #5344,2015-02-09,9728,6983.9,51522,Medium,Midwest,CT,Standard
ST-05345,Dollar Tree #5345,2005-10-26,13097,6718.4,31736,Medium,West,OH,Standard
ST-05346,Dollar Tree #5346,2000-03-17,13849,8123.4,81942,Low,Midwest,MS,Combo
ST-05347,Dollar Tree #5347,2005-01-17,10804,10342.4,99137,Medium,Southeast,NY,Plus
ST-05348,Dollar Tree #5348,2012-09-01,6984,11671.8,30699,Medium,West,TN,Standard
ST-05349,Dollar Tree #5349,2010-01-28,8683,9159.1,72551,High,Southeast,OR,Standard
ST-05350,Dollar Tree #5350,2008-12-20,6519,2933.9,88746,Medium,Southeast,CA,Standard
ST-05351,Dollar Tree #5351,2022-03-12,6375,8954.1,32070,Medium,Midwest,CO,Plus
ST-05352,Dollar Tree #5352,2004-04-18,7887,6168.8,46924,Medium,Northeast,IA,Combo
ST-05353,Dollar Tree #5353,2007-08-21,9219,4386.4,37588,Medium,West,AL,Standard
ST-05354,Dollar Tree #5354,2004-12-18,12205,4405.1,78753,Low,Southeast,GA,Standard
ST-05355,Dollar Tree #5355,2016-07-21,8086,9889.3,47680,Medium,Southwest,KY,Standard
ST-05356,Dollar Tree #5356,2004-10-21,6383,6281.0,12667,Medium,Northeast,IA,Standard
ST-05357,Dollar Tree #5357,2021-09-28,10059,7997.3,53854,Medium,Northeast,AR,Standard
ST-05358,Dollar Tree #5358,2003-09-05,13465,2694.6,73992,Low,Northeast,CA,Plus
ST-05359,Dollar Tree #5359,2001-08-09,8366,3234.4,85024,High,Southeast,AL,Standard
ST-05360,Dollar Tree #5360,2022-02-16,7022,5916.2,42954,High,Northeast,TX,Standard
ST-05361,Dollar Tree #5361,2022-05-12,9231,6428.9,76076,High,Midwest,NM,Plus
ST-05362,Dollar Tree #5362,2012-06-22,13646,5943.8,37277,Medium,Midwest,IA,Standard
ST-05363,Dollar Tree #5363,2019-07-13,9088,11358.4,67997,Low,Southeast,AZ,Plus
ST-05364,Dollar Tree #5364,2023-01-25,8393,10244.2,71599,Medium,Northeast,PA,Standard
ST-05365,Dollar Tree #5365,2017-02-18,6012,2476.9,77732,Medium,Southeast,WI,Combo
ST-05366,Dollar Tree #5366,2004-06-27,13025,1766.6,79924,High,West,KY,Standard
ST-05367,Dollar Tree #5367,2000-05-07,10758,3115.4,57843,Low,Southwest,TX,Standard
ST-05368,Dollar Tree #5368,2012-10-25,11804,4077.6,67823,Medium,Southeast,OR,Plus
ST-05369,Dollar Tree #5369,2013-09-10,13759,6795.3,16726,Low,Mid-Atlantic,CT,Standard
ST-05370,Dollar Tree #5370,2013-04-13,9849,6374.2,70284,Medium,Southeast,NC,Combo
ST-05371,Dollar Tree #5371,2017-02-08,8771,3080.4,60524,Medium,Southeast,CO,Plus
ST-05372,Dollar Tree #5372,2007-10-08,6093,2668.5,91804,Medium,Southeast,CO,Standard
ST-05373,Dollar Tree #5373,2004-12-23,13229,10221.3,15474,Medium,Mid-Atlantic,SC,Standard
ST-05374,Dollar Tree #5374,2006-03-20,12601,6794.5,71340,Low,Midwest,OR,Standard
ST-05375,Dollar Tree #5375,2002-02-09,11074,9754.2,74072,High,Midwest,IN,Standard
ST-05376,Dollar Tree #5376,2008-12-16,7652,8129.2,95747,Medium,Southwest,CA,Standard
ST-05377,Dollar Tree #5377,2024-10-20,6326,6995.9,64658,Medium,West,FL,Plus
ST-05378,Dollar Tree #5378,2009-06-27,12486,4794.4,54091,Medium,Southwest,IN,Standard
ST-05379,Dollar Tree #5379,2019-07-04,12388,11167.7,96943,Low,Mid-Atlantic,NC,Standard
ST-05380,Dollar Tree #5380,2010-08-07,13442,10784.8,80966,High,West,NY,Standard
ST-05381,Dollar Tree #5381,2016-12-01,8403,9762.2,98398,Medium,Midwest,TN,Plus
ST-05382,Dollar Tree #5382,2020-05-07,6259,5790.8,31174,Low,Mid-Atlantic,WI,Combo
ST-05383,Dollar Tree #5383,2016-08-22,9718,9662.1,98792,High,Southwest,NM,Plus
ST-05384,Dollar Tree #5384,2018-02-13,8623,6174.3,33729,Low,Southwest,GA,Standard
ST-05385,Dollar Tree #5385,2024-02-04,6262,3311.5,53491,Medium,West,NM,Combo
ST-05386,Dollar Tree #5386,2013-08-04,13707,1915.6,52951,Medium,Mid-Atlantic,OH,Plus
ST-05387,Dollar Tree #5387,2002-09-05,12889,9288.3,25423,Low,Southwest,IA,Plus
ST-05388,Dollar Tree #5388,2019-11-28,10374,6204.9,95003,Low,Midwest,AL,Combo
ST-05389,Dollar Tree #5389,2018-02-20,13202,4971.1,93646,Medium,Midwest,NY,Combo
ST-05390,Dollar Tree #5390,2022-06-22,10589,9385.0,58222,Low,Southwest,OR,Standard
ST-05391,Dollar Tree #5391,2001-12-26,8278,2731.2,64568,Low,Northeast,WI,Standard
ST-05392,Dollar Tree #5392,2011-10-13,13953,6029.4,74625,Low,Southwest,IA,Plus
ST-05393,Dollar Tree #5393,2008-05-18,11816,11079.2,22514,Medium,Mid-Atlantic,MI,Standard
ST-05394,Dollar Tree #5394,2000-01-24,12014,3406.4,68269,Medium,Southwest,CA,Standard
ST-05395,Dollar Tree #5395,2007-02-02,11952,5189.1,15288,Medium,West,MO,Standard
ST-05396,Dollar Tree #5396,2018-07-17,12066,2103.7,83638,Medium,Mid-Atlantic,NV,Standard
ST-05397,Dollar Tree #5397,2023-05-05,9714,11102.4,45045,Medium,West,OR,Plus
ST-05398,Dollar Tree #5398,2018-12-20,7222,10774.3,59130,Low,Mid-Atlantic,NM,Plus
ST-05399,Dollar Tree #5399,2015-12-07,12655,5050.4,92715,Medium,Midwest,IN,Combo
ST-05400,Dollar Tree #5400,2011-09-27,9780,10068.5,97424,High,Southeast,OK,Plus
ST-05401,Dollar Tree #5401,2002-01-27,11741,4006.9,86935,High,Mid-Atlantic,PA,Standard
ST-05402,Dollar Tree #5402,2020-12-19,6451,9593.9,74954,Medium,Northeast,SC,Standard
ST-05403,Dollar Tree #5403,2006-12-13,6016,9260.6,24000,Medium,Midwest,NM,Standard
ST-05404,Dollar Tree #5404,2022-01-09,6501,11563.6,30683,Medium,Southwest,MS,Standard
ST-05405,Dollar Tree #5405,2001-05-04,7646,10824.5,63609,High,Southwest,KS,Plus
ST-05406,Dollar Tree #5406,2014-06-05,9934,9361.6,10078,Medium,Northeast,PA,Plus
ST-05407,Dollar Tree #5407,2018-12-24,11640,5730.8,67550,Medium,Southeast,CT,Standard
ST-05408,Dollar Tree #5408,2000-07-28,12527,9180.7,33389,High,Southwest,OH,Plus
ST-05409,Dollar Tree #5409,2023-10-01,11632,3670.5,77072,Medium,Mid-Atlantic,NY,Plus
ST-05410,Dollar Tree #5410,2023-07-15,9257,1798.8,32013,Medium,Northeast,PA,Combo
ST-05411,Dollar Tree #5411,2011-05-08,13788,1048.0,93931,Low,West,FL,Standard
ST-05412,Dollar Tree #5412,2016-05-14,8234,10652.3,26529,Medium,Southwest,CA,Standard
ST-05413,Dollar Tree #5413,2012-08-17,7290,11776.8,15872,High,Southeast,TN,Plus
ST-05414,Dollar Tree #5414,2000-07-23,13438,1468.5,55995,Low,Mid-Atlantic,AR,Standard
ST-05415,Dollar Tree #5415,2012-02-08,8108,548.2,91766,Medium,Southeast,FL,Standard
ST-05416,Dollar Tree #5416,2004-11-02,12680,9804.5,66617,Medium,Southwest,TN,Plus
ST-05417,Dollar Tree #5417,2010-05-21,6034,4027.0,93220,Low,Midwest,OH,Combo
ST-05418,Dollar Tree #5418,2020-02-23,13065,5060.1,84081,Medium,Southeast,VA,Standard
ST-05419,Dollar Tree #5419,2022-03-17,12106,5325.2,19604,Medium,West,OK,Standard
ST-05420,Dollar Tree #5420,2011-09-03,7964,11716.8,78064,Low,Midwest,IN,Standard
ST-05421,Dollar Tree #5421,2005-02-08,9097,9354.0,68141,Medium,Mid-Atlantic,SC,Plus
ST-05422,Dollar Tree #5422,2009-06-11,12817,4593.0,63577,Low,Midwest,NY,Standard
ST-05423,Dollar Tree #5423,2014-01-24,8849,8054.0,75237,Low,Midwest,OH,Plus
ST-05424,Dollar Tree #5424,2011-01-18,9264,6472.9,44987,Medium,Northeast,PA,Standard
ST-05425,Dollar Tree #5425,2010-11-19,10772,10081.0,81586,Medium,Southwest,KY,Standard
ST-05426,Dollar Tree #5426,2010-09-13,10888,1975.5,62319,Low,Midwest,TN,Standard
ST-05427,Dollar Tree #5427,2001-07-21,7532,4149.8,55329,Low,Midwest,FL,Plus
ST-05428,Dollar Tree #5428,2024-10-28,12187,5471.5,57609,Low,West,IL,Plus
ST-05429,Dollar Tree #5429,2016-05-19,8740,2771.0,32630,Medium,Southeast,NC,Standard
ST-05430,Dollar Tree #5430,2010-09-21,6162,8094.6,91842,Medium,Southwest,OR,Standard
ST-05431,Dollar Tree #5431,2003-04-09,9415,9206.9,61997,Medium,Mid-Atlantic,AZ,Standard
ST-05432,Dollar Tree #5432,2010-03-23,12590,11008.1,53959,Low,Southeast,MS,Standard
ST-05433,Dollar Tree #5433,2004-11-26,8143,10854.8,68936,Low,Mid-Atlantic,OK,Plus
ST-05434,Dollar Tree #5434,2003-01-04,8209,6430.7,24174,Low,West,CT,Plus
ST-05435,Dollar Tree #5435,2002-10-18,10384,3415.1,82817,Medium,Mid-Atlantic,NC,Standard
ST-05436,Dollar Tree #5436,2014-05-18,11456,9218.8,94919,High,Mid-Atlantic,NV,Standard
ST-05437,Dollar Tree #5437,2004-07-17,6900,5952.9,88836,Low,Northeast,CT,Standard
ST-05438,Dollar Tree #5438,2016-01-11,10218,6593.7,87695,Medium,Northeast,VA,Combo
ST-05439,Dollar Tree #5439,2016-01-18,6989,3359.7,35243,Low,Midwest,OR,Standard
ST-05440,Dollar Tree #5440,2010-01-18,12871,8944.7,16320,Medium,Southwest,OR,Standard
ST-05441,Dollar Tree #5441,2010-11-17,11903,9918.5,66638,Medium,West,CA,Combo
ST-05442,Dollar Tree #5442,2005-02-25,7932,11995.9,22741,Medium,Mid-Atlantic,TN,Plus
ST-05443,Dollar Tree #5443,2009-07-01,13288,1817.7,93410,Low,Southeast,NM,Standard
ST-05444,Dollar Tree #5444,2013-08-27,9457,9354.2,28898,Medium,Northeast,PA,Combo
ST-05445,Dollar Tree #5445,2021-12-24,8840,6878.6,34922,Medium,Southeast,CA,Plus
ST-05446,Dollar Tree #5446,2008-10-17,12746,6808.0,44532,Medium,Mid-Atlantic,CT,Standard
ST-05447,Dollar Tree #5447,2019-02-28,7410,4787.8,85854,Low,Northeast,GA,Standard
ST-05448,Dollar Tree #5448,2002-12-27,8127,8992.0,58423,Medium,Mid-Atlantic,NJ,Plus
ST-05449,Dollar Tree #5449,2022-02-25,9437,4810.8,74352,Medium,Mid-Atlantic,NY,Standard
ST-05450,Dollar Tree #5450,2000-05-19,11108,4275.3,17515,Medium,Southeast,NM,Plus
ST-05451,Dollar Tree #5451,2018-11-25,9244,3630.3,23163,Medium,Midwest,NJ,Standard
ST-05452,Dollar Tree #5452,2016-07-05,13173,8744.5,83864,Medium,Southeast,MS,Standard
ST-05453,Dollar Tree #5453,2024-03-28,7852,471.0,29365,Medium,Mid-Atlantic,SC,Plus
ST-05454,Dollar Tree #5454,2012-05-04,13510,2398.9,22941,Low,Mid-Atlantic,KS,Plus
ST-05455,Dollar Tree #5455,2011-06-16,8058,3983.0,62017,Low,West,CT,Standard
ST-05456,Dollar Tree #5456,2022-06-28,10128,2560.9,42165,Medium,Northeast,WI,Standard
ST-05457,Dollar Tree #5457,2011-05-21,12681,11121.0,28449,High,Mid-Atlantic,MO,Plus
ST-05458,Dollar Tree #5458,2016-06-19,10470,11148.9,26381,Medium,Southeast,TX,Plus
ST-05459,Dollar Tree #5459,2019-07-12,9120,7436.1,33301,Medium,Mid-Atlantic,NM,Plus
ST-05460,Dollar Tree #5460,2013-03-15,9568,8322.4,28200,Low,Southwest,SC,Standard
ST-05461,Dollar Tree #5461,2002-03-16,8789,2922.2,43333,Low,West,IL,Plus
ST-05462,Dollar Tree #5462,2023-10-23,12165,11993.6,54461,High,Southwest,AR,Plus
ST-05463,Dollar Tree #5463,2023-01-06,13414,11550.4,27590,Medium,Northeast,FL,Plus
ST-05464,Dollar Tree #5464,2015-02-22,13972,515.5,27032,Medium,Midwest,NJ,Standard
ST-05465,Dollar Tree #5465,2004-12-13,11411,9149.1,47521,Medium,Southwest,GA,Standard
ST-05466,Dollar Tree #5466,2021-04-09,6782,11929.0,94218,Medium,Mid-Atlantic,GA,Plus
ST-05467,Dollar Tree #5467,2002-01-24,7777,2398.1,41238,High,Mid-Atlantic,NY,Plus
ST-05468,Dollar Tree #5468,2013-11-24,9497,11602.7,85119,High,Northeast,NV,Plus
ST-05469,Dollar Tree #5469,2013-11-16,13861,8987.3,71694,Medium,Mid-Atlantic,KY,Standard
ST-05470,Dollar Tree #5470,2024-01-23,13591,1351.6,96752,Low,Midwest,TX,Plus
ST-05471,Dollar Tree #5471,2007-09-09,8022,8951.8,83113,Low,Southwest,TX,Standard
ST-05472,Dollar Tree #5472,2020-09-15,9840,8596.5,91379,Medium,Mid-Atlantic,GA,Standard
ST-05473,Dollar Tree #5473,2023-05-05,7091,4029.1,87525,Low,West,PA,Standard
ST-05474,Dollar Tree #5474,2008-03-12,13250,9217.3,72507,Medium,Southeast,IN,Plus
ST-05475,Dollar Tree #5475,2008-06-15,11525,4201.1,31607,Low,Mid-Atlantic,MS,Plus
ST-05476,Dollar Tree #5476,2016-06-06,6763,1377.7,46958,Medium,Midwest,TN,Standard
ST-05477,Dollar Tree #5477,2007-12-13,7553,6468.7,86341,Medium,Mid-Atlantic,IA,Plus
ST-05478,Dollar Tree #5478,2015-09-27,10141,10503.5,33114,Low,Mid-Atlantic,MS,Combo
ST-05479,Dollar Tree #5479,2009-08-11,13374,8319.1,87050,Medium,Southeast,NJ,Combo
ST-05480,Dollar Tree #5480,2016-10-10,9662,9083.2,17337,Medium,West,OR,Combo
ST-05481,Dollar Tree #5481,2007-11-19,7455,6409.4,41633,Low,Mid-Atlantic,KY,Standard
ST-05482,Dollar Tree #5482,2004-06-10,9336,1158.3,65009,High,Mid-Atlantic,OR,Combo
ST-05483,Dollar Tree #5483,2015-10-10,9371,9004.3,68340,High,Southwest,WI,Combo
ST-05484,Dollar Tree #5484,2002-09-25,10665,6298.0,66953,Low,Mid-Atlantic,TN,Combo
ST-05485,Dollar Tree #5485,2002-04-28,10703,4041.7,48086,High,Midwest,MS,Plus
ST-05486,Dollar Tree #5486,2004-12-03,6940,8605.6,53950,High,Southwest,OH,Standard
ST-05487,Dollar Tree #5487,2020-06-21,6423,1231.1,46802,Medium,Southeast,MO,Plus
ST-05488,Dollar Tree #5488,2018-07-05,9285,8161.3,76215,Medium,Southwest,NV,Standard
ST-05489,Dollar Tree #5489,2009-10-20,13191,6022.9,70917,Medium,Northeast,OR,Plus
ST-05490,Dollar Tree #5490,2017-11-21,7259,9759.1,27713,Low,Northeast,SC,Combo
ST-05491,Dollar Tree #5491,2020-02-01,12463,555.9,43491,Low,West,AR,Plus
ST-05492,Dollar Tree #5492,2021-07-20,6472,4862.3,51908,Low,Midwest,MO,Standard
ST-05493,Dollar Tree #5493,2018-06-04,8075,10431.1,15602,Medium,Mid-Atlantic,AZ,Plus
ST-05494,Dollar Tree #5494,2003-11-23,12426,8114.2,11837,High,West,TX,Standard
ST-05495,Dollar Tree #5495,2022-05-21,13701,4365.8,73405,Low,Midwest,OH,Combo
ST-05496,Dollar Tree #5496,2005-08-28,11516,10817.7,48403,High,Mid-Atlantic,AL,Plus
ST-05497,Dollar Tree #5497,2013-06-23,11400,1716.4,48982,Medium,Southeast,KS,Standard
ST-05498,Dollar Tree #5498,2011-02-15,7018,7118.6,30353,High,Midwest,FL,Standard
ST-05499,Dollar Tree #5499,2020-04-28,13455,3221.0,40803,Medium,Southeast,TN,Plus
ST-05500,Dollar Tree #5500,2011-11-15,11569,5911.9,68232,Low,Midwest,NV,Combo
ST-05501,Dollar Tree #5501,2004-07-26,12823,9274.7,79734,Medium,Midwest,CA,Standard
ST-05502,Dollar Tree #5502,2021-02-01,8453,8564.5,87370,Medium,West,FL,Standard
ST-05503,Dollar Tree #5503,2000-08-16,6614,7628.7,99879,High,Southeast,KS,Plus
ST-05504,Dollar Tree #5504,2000-07-03,13703,7992.3,85552,Medium,Northeast,MO,Standard
ST-05505,Dollar Tree #5505,2012-07-23,9377,7330.1,75213,High,Midwest,MO,Standard
ST-05506,Dollar Tree #5506,2023-02-15,6980,9058.2,32318,Medium,Southeast,NJ,Plus
ST-05507,Dollar Tree #5507,2013-09-22,12632,3090.8,16608,Low,Southeast,NJ,Standard
ST-05508,Dollar Tree #5508,2012-10-12,11858,1904.0,57501,Medium,West,IN,Combo
ST-05509,Dollar Tree #5509,2023-07-16,7694,3978.1,11378,Medium,West,IA,Standard
ST-05510,Dollar Tree #5510,2023-01-22,10089,2275.1,39359,High,West,MI,Plus
ST-05511,Dollar Tree #5511,2012-05-24,9401,9040.1,19434,Low,Mid-Atlantic,AZ,Standard
ST-05512,Dollar Tree #5512,2008-10-23,11234,9506.4,36818,High,Southwest,OK,Standard
ST-05513,Dollar Tree #5513,2003-10-13,7442,10355.5,67854,Medium,Southwest,OR,Standard
ST-05514,Dollar Tree #5514,2008-04-19,13106,9192.2,86423,Medium,Northeast,KY,Plus
ST-05515,Dollar Tree #5515,2010-07-13,7783,11986.3,18082,High,Southwest,IL,Plus
ST-05516,Dollar Tree #5516,2004-12-04,12492,11889.0,57015,High,Northeast,AZ,Standard
ST-05517,Dollar Tree #5517,2001-08-17,9787,10467.5,94931,Low,Midwest,AR,Plus
ST-05518,Dollar Tree #5518,2003-02-07,12069,7917.6,35612,High,Mid-Atlantic,MO,Combo
ST-05519,Dollar Tree #5519,2020-11-21,8018,7331.4,57826,Low,Southwest,NM,Combo
ST-05520,Dollar Tree #5520,2005-10-11,10757,9041.7,61454,Medium,Southwest,MO,Combo
ST-05521,Dollar Tree #5521,2001-06-12,8442,6298.6,86647,High,Northeast,MO,Standard
ST-05522,Dollar Tree #5522,2005-12-19,13536,7340.8,89820,Medium,Northeast,VA,Standard
ST-05523,Dollar Tree #5523,2022-09-06,13978,9900.7,72686,Low,Northeast,OK,Standard
ST-05524,Dollar Tree #5524,2018-04-07,12356,8405.9,23745,Low,Southeast,AZ,Plus
ST-05525,Dollar Tree #5525,2018-04-16,12679,3289.5,12583,Low,Northeast,GA,Plus
ST-05526,Dollar Tree #5526,2024-09-28,10388,3588.1,57147,Medium,Southwest,FL,Combo
ST-05527,Dollar Tree #5527,2004-12-20,6552,6410.3,32646,High,Mid-Atlantic,KY,Standard
ST-05528,Dollar Tree #5528,2002-12-19,8893,9598.7,21137,Medium,Southwest,OK,Standard
ST-05529,Dollar Tree #5529,2010-09-20,7282,2030.6,58313,Medium,Southeast,OR,Plus
ST-05530,Dollar Tree #5530,2010-09-16,11473,504.8,67301,Low,Northeast,MS,Combo
ST-05531,Dollar Tree #5531,2004-03-18,12375,10463.3,33243,Medium,Southeast,MS,Standard
ST-05532,Dollar Tree #5532,2011-03-18,12994,5378.2,90277,Medium,Northeast,NJ,Combo
ST-05533,Dollar Tree #5533,2006-06-26,13417,7263.8,63731,Medium,Southwest,OH,Plus
ST-05534,Dollar Tree #5534,2016-11-10,12967,8902.7,44875,Medium,Midwest,OK,Standard
ST-05535,Dollar Tree #5535,2010-01-15,11607,1980.5,78147,Low,Northeast,IA,Standard
ST-05536,Dollar Tree #5536,2003-09-12,11947,8274.7,78987,Medium,Northeast,NM,Plus
ST-05537,Dollar Tree #5537,2015-06-13,12062,3863.9,55956,Low,Mid-Atlantic,OK,Standard
ST-05538,Dollar Tree #5538,2017-02-21,6098,3976.7,11381,Low,Northeast,SC,Combo
ST-05539,Dollar Tree #5539,2017-11-27,9444,5940.5,74464,Medium,Midwest,MO,Plus
ST-05540,Dollar Tree #5540,2002-10-07,9658,6470.4,81834,Medium,Southwest,IL,Plus
ST-05541,Dollar Tree #5541,2020-05-13,12248,4099.8,38738,Low,Midwest,AR,Plus
ST-05542,Dollar Tree #5542,2014-05-24,10702,5019.4,39998,Low,Southwest,AL,Standard
ST-05543,Dollar Tree #5543,2004-12-14,13535,10731.9,75797,Low,West,NM,Standard
ST-05544,Dollar Tree #5544,2011-01-06,7790,5922.1,37097,Medium,Mid-Atlantic,MO,Standard
ST-05545,Dollar Tree #5545,2009-06-02,8647,11570.8,25113,Medium,Midwest,TX,Standard
ST-05546,Dollar Tree #5546,2020-01-09,9876,1740.7,64618,Low,West,MO,Combo
ST-05547,Dollar Tree #5547,2018-07-06,10875,1097.2,56583,Medium,Southwest,IN,Standard
ST-05548,Dollar Tree #5548,2013-07-01,10686,6485.1,51560,Medium,Northeast,CO,Plus
ST-05549,Dollar Tree #5549,2002-08-25,8441,5919.3,40388,Medium,Southwest,NJ,Standard
ST-05550,Dollar Tree #5550,2019-08-21,10331,6420.4,78678,Medium,Midwest,WI,Combo
ST-05551,Dollar Tree #5551,2019-11-22,8837,10857.3,57475,Medium,Northeast,GA,Standard
ST-05552,Dollar Tree #5552,2020-10-18,8073,11518.4,44595,High,West,NM,Plus
ST-05553,Dollar Tree #5553,2002-07-08,12916,6860.9,33735,Medium,Southwest,NC,Plus
ST-05554,Dollar Tree #5554,2015-08-09,7941,5375.3,30684,Low,Southeast,GA,Plus
ST-05555,Dollar Tree #5555,2008-09-15,9640,4556.4,19529,Medium,Northeast,NM,Plus
ST-05556,Dollar Tree #5556,2024-10-27,10252,5735.1,58930,Medium,West,KS,Combo
ST-05557,Dollar Tree #5557,2017-04-05,11984,2411.3,87941,Low,Mid-Atlantic,IA,Standard
ST-05558,Dollar Tree #5558,2001-06-19,6100,3972.3,55964,High,Northeast,IN,Standard
ST-05559,Dollar Tree #5559,2012-06-18,8984,3555.7,52273,High,West,FL,Plus
ST-05560,Dollar Tree #5560,2007-05-10,13582,2381.9,63575,Low,Mid-Atlantic,CT,Plus
ST-05561,Dollar Tree #5561,2003-03-07,10997,2964.7,17251,Medium,Midwest,GA,Standard
ST-05562,Dollar Tree #5562,2011-04-23,9018,7427.9,71905,Medium,West,OK,Plus
ST-05563,Dollar Tree #5563,2000-10-13,12640,2045.9,34366,High,Mid-Atlantic,NY,Plus
ST-05564,Dollar Tree #5564,2012-01-17,10014,6809.7,92471,Medium,Mid-Atlantic,MO,Plus
ST-05565,Dollar Tree #5565,2020-09-05,12375,8478.4,72402,Low,Southwest,KS,Plus
ST-05566,Dollar Tree #5566,2007-01-19,13634,5732.6,38769,Medium,Mid-Atlantic,AR,Plus
ST-05567,Dollar Tree #5567,2023-04-28,9582,10177.4,63990,Low,West,MO,Combo
ST-05568,Dollar Tree #5568,2018-08-17,12638,4045.7,53906,Low,Northeast,OK,Combo
ST-05569,Dollar Tree #5569,2009-05-12,11421,747.2,28415,Medium,Southwest,OH,Plus
ST-05570,Dollar Tree #5570,2023-12-01,11621,1163.9,67860,Medium,Southeast,OR,Standard
ST-05571,Dollar Tree #5571,2022-03-13,8913,1943.1,77737,Low,Midwest,MI,Plus
ST-05572,Dollar Tree #5572,2007-01-11,11088,3790.6,20277,High,Midwest,TN,Plus
ST-05573,Dollar Tree #5573,2003-02-15,9621,3970.0,86553,Medium,Mid-Atlantic,MS,Plus
ST-05574,Dollar Tree #5574,2005-05-26,11222,3925.6,21869,High,West,MS,Plus
ST-05575,Dollar Tree #5575,2014-11-02,10145,8120.8,49866,Low,Southwest,VA,Combo
ST-05576,Dollar Tree #5576,2010-04-23,10510,9715.7,57784,Low,Mid-Atlantic,AZ,Standard
ST-05577,Dollar Tree #5577,2019-11-16,7162,5361.1,38432,Medium,Midwest,CA,Plus
ST-05578,Dollar Tree #5578,2023-12-01,8860,1168.4,34888,Low,Southwest,CO,Plus
ST-05579,Dollar Tree #5579,2014-03-03,12385,1716.2,23992,Medium,Southwest,SC,Standard
ST-05580,Dollar Tree #5580,2017-08-26,6230,9969.7,34007,Medium,West,NM,Standard
ST-05581,Dollar Tree #5581,2007-08-19,13187,9807.8,30393,Low,Midwest,CT,Plus
ST-05582,Dollar Tree #5582,2005-05-03,7824,5783.0,72841,Low,Northeast,KS,Plus
ST-05583,Dollar Tree #5583,2022-04-19,6289,9980.7,79360,Medium,West,IL,Standard
ST-05584,Dollar Tree #5584,2013-09-09,11598,11071.7,36763,Medium,West,NM,Standard
ST-05585,Dollar Tree #5585,2013-08-06,7629,6521.6,65779,Medium,Mid-Atlantic,TN,Standard
ST-05586,Dollar Tree #5586,2012-08-16,9042,11949.1,55861,Medium,Midwest,IN,Standard
ST-05587,Dollar Tree #5587,2023-06-10,6823,9768.4,51740,High,Mid-Atlantic,OK,Plus
ST-05588,Dollar Tree #5588,2015-11-05,8898,11731.2,48491,Low,Southeast,VA,Combo
ST-05589,Dollar Tree #5589,2023-09-21,11036,8901.2,81843,Low,Northeast,KY,Plus
ST-05590,Dollar Tree #5590,2010-06-17,9666,1984.7,54906,Medium,West,MI,Standard
ST-05591,Dollar Tree #5591,2015-11-05,6380,6411.5,30043,Medium,Northeast,TX,Standard
ST-05592,Dollar Tree #5592,2002-06-02,12465,5709.6,49711,Medium,Southeast,NY,Plus
ST-05593,Dollar Tree #5593,2012-01-17,11497,1602.8,99198,Low,Northeast,VA,Combo
ST-05594,Dollar Tree #5594,2011-11-13,13939,5353.4,40272,High,Midwest,TX,Combo
ST-05595,Dollar Tree #5595,2008-08-22,11360,4404.3,15517,Low,Midwest,VA,Plus
ST-05596,Dollar Tree #5596,2009-01-21,10536,7128.5,27055,High,Southwest,TX,Plus
ST-05597,Dollar Tree #5597,2018-10-22,6304,11136.9,60387,Medium,West,MS,Standard
ST-05598,Dollar Tree #5598,2019-04-11,9580,7859.7,95128,Medium,Northeast,NM,Combo
ST-05599,Dollar Tree #5599,2007-11-13,7729,6836.6,62880,Medium,Southwest,PA,Standard
ST-05600,Dollar Tree #5600,2009-06-11,12317,6217.8,22750,Medium,Northeast,WI,Combo
ST-05601,Dollar Tree #5601,2007-04-12,6529,9431.7,48900,High,Mid-Atlantic,OH,Standard
ST-05602,Dollar Tree #5602,2008-11-21,13143,9444.4,92663,High,Southwest,AZ,Combo
ST-05603,Dollar Tree #5603,2007-11-20,6288,9290.9,14569,Medium,Midwest,IL,Plus
ST-05604,Dollar Tree #5604,2022-09-01,8238,8477.4,82107,Medium,Mid-Atlantic,TN,Plus
ST-05605,Dollar Tree #5605,2020-03-27,8590,1433.0,11342,High,West,AZ,Standard
ST-05606,Dollar Tree #5606,2023-08-02,10625,7038.7,68696,Low,Northeast,MO,Standard
ST-05607,Dollar Tree #5607,2018-09-04,13270,4896.4,63252,Medium,West,NY,Standard
ST-05608,Dollar Tree #5608,2000-04-28,11133,6637.8,59771,Medium,Northeast,OK,Standard
ST-05609,Dollar Tree #5609,2017-02-12,6447,1393.5,43080,Medium,Midwest,NM,Plus
ST-05610,Dollar Tree #5610,2012-03-12,9597,2933.3,30288,Medium,Southeast,TN,Standard
ST-05611,Dollar Tree #5611,2004-08-13,10861,6106.8,61729,Low,Southeast,MS,Plus
ST-05612,Dollar Tree #5612,2011-08-26,12108,7738.7,50511,Medium,Midwest,NJ,Standard
ST-05613,Dollar Tree #5613,2017-01-21,10620,7841.2,90857,Medium,Northeast,IN,Standard
ST-05614,Dollar Tree #5614,2020-04-03,12213,4174.8,75016,Low,Southwest,CA,Standard
ST-05615,Dollar Tree #5615,2005-07-27,6675,3327.7,43092,Medium,Northeast,NV,Plus
ST-05616,Dollar Tree #5616,2010-01-28,8170,3297.4,23734,Medium,Southeast,TN,Standard
ST-05617,Dollar Tree #5617,2009-06-22,11403,6102.7,92951,Low,West,NV,Plus
ST-05618,Dollar Tree #5618,2023-10-10,11967,11835.1,43679,Low,Mid-Atlantic,OK,Plus
ST-05619,Dollar Tree #5619,2003-04-24,12699,5662.3,15837,Medium,West,WI,Plus
ST-05620,Dollar Tree #5620,2013-03-01,10939,2434.3,81772,Low,Southwest,GA,Plus
ST-05621,Dollar Tree #5621,2012-06-24,7349,3887.0,32756,Medium,Mid-Atlantic,TN,Standard
ST-05622,Dollar Tree #5622,2022-08-10,11405,8175.3,50762,Medium,Midwest,KS,Standard
ST-05623,Dollar Tree #5623,2000-03-14,11683,1662.9,56177,Low,Midwest,PA,Standard
ST-05624,Dollar Tree #5624,2011-06-13,6707,6772.4,28792,Medium,Mid-Atlantic,PA,Standard
ST-05625,Dollar Tree #5625,2006-09-09,13691,1650.0,57197,Medium,Northeast,AR,Standard
ST-05626,Dollar Tree #5626,2018-11-12,8237,11170.9,92369,Medium,Southeast,KS,Plus
ST-05627,Dollar Tree #5627,2010-01-12,9292,10850.9,75970,High,Northeast,WI,Standard
ST-05628,Dollar Tree #5628,2020-09-06,11710,356.3,30493,Medium,Northeast,PA,Plus
ST-05629,Dollar Tree #5629,2006-04-10,6267,8368.7,34160,High,West,IL,Plus
ST-05630,Dollar Tree #5630,2016-02-24,12414,3129.1,63308,Medium,Southeast,IN,Standard
ST-05631,Dollar Tree #5631,2007-03-14,7027,5496.1,66301,Medium,Midwest,TN,Plus
ST-05632,Dollar Tree #5632,2010-09-26,10167,10347.0,86104,High,Midwest,IA,Plus
ST-05633,Dollar Tree #5633,2017-08-21,11786,5602.1,48564,Medium,Mid-Atlantic,PA,Plus
ST-05634,Dollar Tree #5634,2009-05-20,11001,2487.8,19558,Low,Southwest,MO,Standard
ST-05635,Dollar Tree #5635,2020-08-06,13096,9985.2,62859,Medium,West,NC,Combo
ST-05636,Dollar Tree #5636,2019-01-22,8706,2912.9,95083,Medium,Southwest,KY,Plus
ST-05637,Dollar Tree #5637,2006-03-02,7567,1092.6,26179,High,Mid-Atlantic,IA,Standard
ST-05638,Dollar Tree #5638,2003-08-15,10889,374.8,41893,Medium,Northeast,NM,Standard
ST-05639,Dollar Tree #5639,2017-11-18,7815,2435.1,23344,High,Midwest,MS,Combo
ST-05640,Dollar Tree #5640,2023-02-17,6128,1443.7,62797,Medium,West,AR,Standard
ST-05641,Dollar Tree #5641,2005-04-14,7107,6545.4,25628,Medium,Southeast,WI,Plus
ST-05642,Dollar Tree #5642,2022-12-20,11279,10505.6,35421,Low,Northeast,NJ,Standard
ST-05643,Dollar Tree #5643,2024-11-08,10615,5911.5,22353,Medium,Southwest,GA,Standard
ST-05644,Dollar Tree #5644,2002-06-19,12582,1196.6,98309,Medium,Southwest,TX,Plus
ST-05645,Dollar Tree #5645,2013-03-08,11863,4684.7,17812,Medium,Southwest,CA,Standard
ST-05646,Dollar Tree #5646,2013-11-06,12633,1893.9,74809,Medium,Mid-Atlantic,CO,Standard
ST-05647,Dollar Tree #5647,2004-06-04,11229,9425.5,29191,Medium,Mid-Atlantic,NY,Standard
ST-05648,Dollar Tree #5648,2010-01-14,7027,967.7,79385,Medium,Northeast,FL,Standard
ST-05649,Dollar Tree #5649,2015-10-19,10066,11094.1,12314,Medium,Southeast,OR,Plus
ST-05650,Dollar Tree #5650,2016-02-02,10623,11986.2,72601,High,Midwest,OH,Plus
ST-05651,Dollar Tree #5651,2016-07-14,13641,4615.2,79913,Low,Southwest,SC,Standard
ST-05652,Dollar Tree #5652,2024-07-18,13618,9752.4,31490,Low,Midwest,CA,Plus
ST-05653,Dollar Tree #5653,2007-08-07,6441,6400.4,69425,Low,Midwest,IA,Standard
ST-05654,Dollar Tree #5654,2018-01-07,11071,318.1,30323,Low,Northeast,VA,Combo
ST-05655,Dollar Tree #5655,2021-07-06,9258,9593.9,73225,Low,Mid-Atlantic,OH,Combo
ST-05656,Dollar Tree #5656,2009-08-10,10207,9938.8,95626,Medium,West,WI,Combo
ST-05657,Dollar Tree #5657,2017-09-20,7407,944.7,32051,Medium,Southeast,SC,Standard
ST-05658,Dollar Tree #5658,2010-03-05,10882,9459.1,37159,Low,Southeast,AL,Plus
ST-05659,Dollar Tree #5659,2021-11-06,13897,9296.1,43544,Low,Northeast,MI,Plus
ST-05660,Dollar Tree #5660,2021-11-08,10511,8270.4,48763,Medium,Midwest,MI,Standard
ST-05661,Dollar Tree #5661,2020-02-17,10399,4941.5,50800,Medium,West,NC,Plus
ST-05662,Dollar Tree #5662,2017-01-02,9895,9805.1,85233,Low,Mid-Atlantic,NC,Plus
ST-05663,Dollar Tree #5663,2006-07-14,10904,10062.9,41743,Medium,Midwest,NJ,Combo
ST-05664,Dollar Tree #5664,2020-06-21,6139,3505.7,54064,Medium,Southeast,SC,Plus
ST-05665,Dollar Tree #5665,2011-01-01,13163,8951.9,70918,Low,West,AL,Standard
ST-05666,Dollar Tree #5666,2023-04-04,9635,9516.6,22450,High,Northeast,MS,Standard
ST-05667,Dollar Tree #5667,2024-06-19,11788,6103.8,47060,Low,Southeast,GA,Standard
ST-05668,Dollar Tree #5668,2024-06-22,9445,7052.1,44687,Low,Northeast,CA,Standard
ST-05669,Dollar Tree #5669,2009-07-01,6742,10662.5,98759,Low,Southeast,VA,Standard
ST-05670,Dollar Tree #5670,2000-07-06,7426,9751.5,60229,Low,Mid-Atlantic,AL,Standard
ST-05671,Dollar Tree #5671,2002-07-24,8263,1739.3,60636,Medium,Southeast,GA,Standard
ST-05672,Dollar Tree #5672,2012-02-10,6429,10868.8,30468,Low,Northeast,TX,Standard
ST-05673,Dollar Tree #5673,2015-02-23,9677,1628.7,86294,Medium,Midwest,IN,Combo
ST-05674,Dollar Tree #5674,2008-01-11,12245,1499.6,97277,High,West,NJ,Standard
ST-05675,Dollar Tree #5675,2017-02-20,13339,8575.1,10744,Medium,Southwest,IA,Plus
ST-05676,Dollar Tree #5676,2007-11-12,7288,9670.3,39600,Medium,West,NJ,Standard
ST-05677,Dollar Tree #5677,2015-07-08,8961,2349.0,24342,Low,Mid-Atlantic,TX,Standard
ST-05678,Dollar Tree #5678,2022-03-26,13605,11677.2,59331,Medium,Northeast,CA,Plus
ST-05679,Dollar Tree #5679,2013-06-24,9468,456.1,48646,Medium,Southeast,IL,Standard
ST-05680,Dollar Tree #5680,2014-08-15,8355,1157.6,49454,Medium,Northeast,NJ,Plus
ST-05681,Dollar Tree #5681,2002-08-11,7569,1983.7,75010,High,West,NM,Plus
ST-05682,Dollar Tree #5682,2015-12-26,11551,9267.5,31392,Medium,Northeast,VA,Plus
ST-05683,Dollar Tree #5683,2014-09-20,11760,10939.4,78695,Medium,Mid-Atlantic,NY,Plus
ST-05684,Dollar Tree #5684,2023-09-28,8042,1363.9,23879,Medium,Northeast,FL,Standard
ST-05685,Dollar Tree #5685,2008-03-24,8155,1568.9,48372,High,West,MI,Standard
ST-05686,Dollar Tree #5686,2009-07-15,7776,1077.5,98184,Low,Southwest,FL,Combo
ST-05687,Dollar Tree #5687,2015-12-09,6757,6965.7,10071,High,Southwest,AZ,Plus
ST-05688,Dollar Tree #5688,2010-05-11,11362,831.4,56122,Medium,Mid-Atlantic,AR,Standard
ST-05689,Dollar Tree #5689,2006-05-01,13313,1642.5,21896,Medium,Southwest,NV,Standard
ST-05690,Dollar Tree #5690,2014-01-13,6854,2634.3,14819,Low,Northeast,OK,Standard
ST-05691,Dollar Tree #5691,2014-04-18,7815,10313.6,97119,Medium,Mid-Atlantic,AR,Combo
ST-05692,Dollar Tree #5692,2002-08-06,6242,11262.8,51667,Medium,West,AZ,Standard
ST-05693,Dollar Tree #5693,2013-05-01,6251,951.1,18365,High,Mid-Atlantic,NM,Combo
ST-05694,Dollar Tree #5694,2010-05-28,7063,9417.5,17503,High,Southwest,SC,Standard
ST-05695,Dollar Tree #5695,2009-02-04,9450,10466.8,36971,Medium,Mid-Atlantic,OH,Standard
ST-05696,Dollar Tree #5696,2021-12-27,6571,10067.3,43223,Medium,Midwest,NV,Standard
ST-05697,Dollar Tree #5697,2021-07-14,7183,3442.1,79228,Low,Southeast,GA,Standard
ST-05698,Dollar Tree #5698,2020-07-10,7034,8959.7,20385,Medium,West,NC,Plus
ST-05699,Dollar Tree #5699,2001-04-17,12608,11401.4,88328,Medium,Northeast,KY,Combo
ST-05700,Dollar Tree #5700,2010-10-05,7950,3493.1,65387,Medium,Midwest,PA,Standard
ST-05701,Dollar Tree #5701,2024-08-10,9479,3234.0,34684,Low,Northeast,TN,Standard
ST-05702,Dollar Tree #5702,2018-06-01,9523,598.0,52412,High,Midwest,NY,Standard
ST-05703,Dollar Tree #5703,2022-04-16,13605,7908.5,39329,High,Mid-Atlantic,MI,Combo
ST-05704,Dollar Tree #5704,2013-12-26,7983,7666.3,99600,Low,Southwest,SC,Plus
ST-05705,Dollar Tree #5705,2021-01-21,9961,6519.2,85576,High,Mid-Atlantic,VA,Plus
ST-05706,Dollar Tree #5706,2023-07-02,6913,6777.7,79060,Low,Northeast,NC,Standard
ST-05707,Dollar Tree #5707,2022-11-11,11193,10332.3,46478,High,Midwest,MO,Standard
ST-05708,Dollar Tree #5708,2015-04-08,8191,8485.2,58643,High,Mid-Atlantic,KS,Plus
ST-05709,Dollar Tree #5709,2015-04-14,12218,7315.2,14512,Low,Mid-Atlantic,TN,Plus
ST-05710,Dollar Tree #5710,2024-06-05,12849,11423.8,41643,Low,Mid-Atlantic,MS,Combo
ST-05711,Dollar Tree #5711,2015-06-02,8081,11805.2,83860,Low,Southwest,TX,Standard
ST-05712,Dollar Tree #5712,2023-02-17,8682,7532.3,83008,Medium,Mid-Atlantic,IN,Standard
ST-05713,Dollar Tree #5713,2020-01-24,11080,4429.9,84011,Low,Midwest,CT,Combo
ST-05714,Dollar Tree #5714,2011-01-20,8868,5900.5,84778,Low,West,FL,Plus
ST-05715,Dollar Tree #5715,2008-08-24,7255,4808.7,76234,Low,Southwest,IL,Combo
ST-05716,Dollar Tree #5716,2019-10-21,13305,2228.6,20087,Medium,Mid-Atlantic,NY,Standard
ST-05717,Dollar Tree #5717,2019-06-28,8206,615.8,93395,Medium,Southeast,CT,Plus
ST-05718,Dollar Tree #5718,2016-11-20,6212,6224.2,79827,High,Mid-Atlantic,KY,Standard
ST-05719,Dollar Tree #5719,2012-09-26,7649,1250.6,26087,Low,Mid-Atlantic,AR,Standard
ST-05720,Dollar Tree #5720,2014-10-11,10937,1846.6,82667,Low,Southeast,IL,Standard
ST-05721,Dollar Tree #5721,2002-03-11,9196,5935.3,27957,Medium,Northeast,AR,Combo
ST-05722,Dollar Tree #5722,2022-04-17,12973,4259.6,66219,Low,Southwest,OH,Combo
ST-05723,Dollar Tree #5723,2014-12-04,13847,11586.1,22049,Low,Midwest,MS,Standard
ST-05724,Dollar Tree #5724,2015-11-23,10051,2425.8,36417,Medium,Mid-Atlantic,MO,Standard
ST-05725,Dollar Tree #5725,2022-08-28,8083,2322.8,23268,High,Midwest,CT,Standard
ST-05726,Dollar Tree #5726,2000-10-09,7516,609.3,87846,Low,Southwest,NC,Standard
ST-05727,Dollar Tree #5727,2011-11-17,9730,973.0,90798,Medium,Southeast,VA,Standard
ST-05728,Dollar Tree #5728,2021-06-19,7113,8024.4,53254,Low,Mid-Atlantic,MS,Standard
ST-05729,Dollar Tree #5729,2024-10-12,8940,8331.2,99636,Medium,Southwest,MO,Plus
ST-05730,Dollar Tree #5730,2022-10-08,9238,3685.5,33872,Medium,Southeast,IN,Plus
ST-05731,Dollar Tree #5731,2011-08-05,7822,6342.7,92160,Low,Southwest,OK,Standard
ST-05732,Dollar Tree #5732,2004-10-05,6696,3024.4,23588,Low,Mid-Atlantic,NV,Combo
ST-05733,Dollar Tree #5733,2002-04-21,7699,798.6,13851,Medium,Midwest,IL,Standard
ST-05734,Dollar Tree #5734,2024-11-02,7459,10447.8,63084,Medium,Midwest,WI,Standard
ST-05735,Dollar Tree #5735,2022-12-04,7396,2691.3,26528,Low,Southeast,KS,Standard
ST-05736,Dollar Tree #5736,2001-09-16,12433,3141.4,52172,High,Southwest,CA,Combo
ST-05737,Dollar Tree #5737,2018-05-07,10790,10005.4,23739,Low,Southwest,TX,Plus
ST-05738,Dollar Tree #5738,2011-09-15,13854,6326.3,72878,Medium,Southeast,NY,Standard
ST-05739,Dollar Tree #5739,2003-07-27,13752,8939.1,34353,Low,Southwest,KY,Standard
ST-05740,Dollar Tree #5740,2016-01-20,12633,7233.5,68507,Low,Midwest,NY,Plus
ST-05741,Dollar Tree #5741,2007-02-15,12901,6612.8,45383,High,West,SC,Plus
ST-05742,Dollar Tree #5742,2024-04-18,6025,2528.6,93617,Medium,Mid-Atlantic,IN,Combo
ST-05743,Dollar Tree #5743,2007-09-04,6784,2835.3,37376,Medium,Northeast,OK,Standard
ST-05744,Dollar Tree #5744,2018-05-13,7384,3813.1,58004,Medium,Midwest,TX,Plus
ST-05745,Dollar Tree #5745,2015-01-01,8628,10982.5,56671,Medium,Mid-Atlantic,WI,Plus
ST-05746,Dollar Tree #5746,2004-04-09,10520,8737.8,97442,Low,West,TX,Combo
ST-05747,Dollar Tree #5747,2017-03-19,11340,9003.2,77826,Medium,Northeast,MS,Standard
ST-05748,Dollar Tree #5748,2023-09-09,10031,5878.7,82526,Low,Midwest,WI,Plus
ST-05749,Dollar Tree #5749,2023-06-08,9805,1027.8,58640,Medium,Midwest,NY,Standard
ST-05750,Dollar Tree #5750,2007-04-24,6272,5465.7,12115,Medium,Southwest,TN,Combo
ST-05751,Dollar Tree #5751,2015-01-21,13292,8017.5,62637,Low,Southeast,FL,Standard
ST-05752,Dollar Tree #5752,2018-02-23,9528,8424.1,23677,Medium,Midwest,VA,Combo
ST-05753,Dollar Tree #5753,2007-01-20,8006,5982.9,24953,Low,Midwest,OK,Standard
ST-05754,Dollar Tree #5754,2007-08-16,11101,1110.7,71146,Low,Southeast,MO,Plus
ST-05755,Dollar Tree #5755,2020-11-07,6225,5087.2,80576,Medium,Southeast,NV,Standard
ST-05756,Dollar Tree #5756,2000-05-12,10238,1729.2,72497,Low,Northeast,AZ,Standard
ST-05757,Dollar Tree #5757,2008-08-23,8445,1698.4,66570,Medium,Midwest,NM,Plus
ST-05758,Dollar Tree #5758,2007-03-12,13201,9514.2,52109,Low,Southwest,VA,Standard
ST-05759,Dollar Tree #5759,2018-11-20,6197,4156.4,38684,Medium,Southwest,CO,Combo
ST-05760,Dollar Tree #5760,2003-03-01,12671,5513.5,30828,High,Mid-Atlantic,CA,Plus
ST-05761,Dollar Tree #5761,2011-08-18,12657,8004.9,89343,Low,Southeast,VA,Combo
ST-05762,Dollar Tree #5762,2022-06-01,13539,11746.4,22938,Medium,West,IA,Plus
ST-05763,Dollar Tree #5763,2017-12-09,8274,3997.6,52813,High,Southwest,CT,Combo
ST-05764,Dollar Tree #5764,2023-09-25,6650,9927.6,68623,Medium,Midwest,OH,Standard
ST-05765,Dollar Tree #5765,2010-05-02,13590,11501.4,57390,Low,Midwest,NM,Combo
ST-05766,Dollar Tree #5766,2021-06-14,9967,9611.3,46779,Low,West,MS,Standard
ST-05767,Dollar Tree #5767,2001-02-24,9224,7822.7,51413,Medium,Mid-Atlantic,CO,Combo
ST-05768,Dollar Tree #5768,2007-01-01,6586,2844.1,43750,High,Northeast,MI,Standard
ST-05769,Dollar Tree #5769,2011-12-21,10414,815.5,92585,Medium,Northeast,AL,Standard
ST-05770,Dollar Tree #5770,2008-05-14,8943,3850.1,43735,Low,Northeast,TX,Standard
ST-05771,Dollar Tree #5771,2009-01-01,8399,8615.9,43406,Medium,Midwest,CO,Plus
ST-05772,Dollar Tree #5772,2012-09-26,7728,3689.2,80187,Medium,Midwest,OH,Standard
ST-05773,Dollar Tree #5773,2013-01-10,13333,6708.8,89300,Low,Midwest,AZ,Plus
ST-05774,Dollar Tree #5774,2004-06-15,9457,914.1,35220,Medium,Northeast,OR,Plus
ST-05775,Dollar Tree #5775,2019-06-24,6648,1252.3,76472,Low,Southeast,OK,Standard
ST-05776,Dollar Tree #5776,2012-06-06,11580,7962.9,17848,Medium,Mid-Atlantic,NY,Standard
ST-05777,Dollar Tree #5777,2018-06-20,6184,3837.7,24267,Medium,Northeast,IN,Standard
ST-05778,Dollar Tree #5778,2024-08-09,6582,7657.1,99622,Medium,Southwest,MS,Plus
ST-05779,Dollar Tree #5779,2024-12-22,9172,10561.5,23306,High,Northeast,OR,Standard
ST-05780,Dollar Tree #5780,2024-03-23,8027,1635.3,70105,Medium,Southwest,CA,Standard
ST-05781,Dollar Tree #5781,2011-05-13,6816,5076.9,43289,Medium,Midwest,AZ,Plus
ST-05782,Dollar Tree #5782,2013-05-12,12234,11390.6,76201,Medium,Southeast,NC,Combo
ST-05783,Dollar Tree #5783,2009-02-22,10442,2889.6,76648,Low,Northeast,KS,Standard
ST-05784,Dollar Tree #5784,2014-11-05,8227,11312.4,99502,High,Midwest,IA,Plus
ST-05785,Dollar Tree #5785,2022-10-27,11818,2054.0,85795,Medium,Mid-Atlantic,OR,Standard
ST-05786,Dollar Tree #5786,2018-02-23,13038,3340.6,49234,Medium,West,MI,Standard
ST-05787,Dollar Tree #5787,2000-10-22,8535,4737.0,81357,Medium,Southwest,GA,Plus
ST-05788,Dollar Tree #5788,2004-11-24,8369,6812.1,75947,Medium,West,TX,Combo
ST-05789,Dollar Tree #5789,2015-04-16,9254,8059.7,98286,Medium,Southwest,MS,Standard
ST-05790,Dollar Tree #5790,2018-08-07,9709,6467.3,52156,Low,Midwest,KS,Standard
ST-05791,Dollar Tree #5791,2011-02-19,6816,10289.0,69582,Low,Southwest,PA,Plus
ST-05792,Dollar Tree #5792,2018-08-10,9617,5335.6,69995,Medium,Southwest,OR,Plus
ST-05793,Dollar Tree #5793,2024-01-23,11002,1163.0,25793,Medium,Southeast,NV,Standard
ST-05794,Dollar Tree #5794,2005-07-27,8073,1688.9,85610,High,Mid-Atlantic,CO,Standard
ST-05795,Dollar Tree #5795,2003-08-14,13083,7036.6,12031,Medium,Midwest,TN,Plus
ST-05796,Dollar Tree #5796,2010-10-04,6214,7614.5,95537,Medium,Mid-Atlantic,MS,Standard
ST-05797,Dollar Tree #5797,2023-10-21,11496,9926.0,64482,Medium,Northeast,OK,Standard
ST-05798,Dollar Tree #5798,2008-08-16,13913,5879.6,24546,Medium,Northeast,NJ,Plus
ST-05799,Dollar Tree #5799,2014-01-05,13940,4509.2,12394,High,Northeast,NJ,Standard
ST-05800,Dollar Tree #5800,2009-05-20,8311,622.2,91383,High,West,NV,Plus
ST-05801,Dollar Tree #5801,2010-08-26,8652,1759.8,61045,High,Southeast,MO,Standard
ST-05802,Dollar Tree #5802,2008-12-18,8204,4411.9,54148,High,Mid-Atlantic,KY,Plus
ST-05803,Dollar Tree #5803,2012-11-14,7724,3055.9,54336,High,Midwest,OH,Standard
ST-05804,Dollar Tree #5804,2022-06-01,10630,10802.3,38287,Low,Mid-Atlantic,IN,Standard
ST-05805,Dollar Tree #5805,2015-12-16,7071,6430.1,28731,Medium,Southwest,AL,Standard
ST-05806,Dollar Tree #5806,2021-09-18,10079,910.3,82787,Medium,Midwest,AR,Standard
ST-05807,Dollar Tree #5807,2023-11-14,12692,4956.4,40769,Medium,Southwest,MS,Plus
ST-05808,Dollar Tree #5808,2017-01-26,11211,2411.3,70907,Medium,Mid-Atlantic,NV,Standard
ST-05809,Dollar Tree #5809,2008-09-06,11254,10872.7,88651,Medium,Southeast,OR,Standard
ST-05810,Dollar Tree #5810,2001-01-16,10941,10006.3,23449,Medium,Midwest,GA,Plus
ST-05811,Dollar Tree #5811,2015-08-22,10304,3221.4,46463,Medium,Northeast,TN,Standard
ST-05812,Dollar Tree #5812,2018-02-19,6915,4797.2,99175,Medium,West,VA,Standard
ST-05813,Dollar Tree #5813,2021-08-26,7422,4248.7,33059,Medium,Northeast,NY,Plus
ST-05814,Dollar Tree #5814,2019-02-12,9498,7434.0,79489,Low,Southwest,CO,Plus
ST-05815,Dollar Tree #5815,2004-04-02,9917,8104.7,12770,Medium,Northeast,IL,Standard
ST-05816,Dollar Tree #5816,2024-12-10,12756,8896.1,12409,Low,Southeast,IA,Plus
ST-05817,Dollar Tree #5817,2009-04-06,12809,11849.3,85263,High,Southeast,IA,Standard
ST-05818,Dollar Tree #5818,2019-05-04,10523,244.6,59720,High,West,KY,Standard
ST-05819,Dollar Tree #5819,2019-10-04,6966,7809.4,32877,Medium,Midwest,TN,Standard
ST-05820,Dollar Tree #5820,2001-04-03,6876,6600.3,82521,Medium,West,NV,Standard
ST-05821,Dollar Tree #5821,2008-07-12,10834,4316.8,20762,High,Southeast,TX,Standard
ST-05822,Dollar Tree #5822,2007-10-27,13421,9042.3,17806,Medium,West,AZ,Plus
ST-05823,Dollar Tree #5823,2021-07-21,10748,3194.9,38422,Medium,Midwest,AR,Standard
ST-05824,Dollar Tree #5824,2017-11-07,11906,5883.7,98596,High,Midwest,NV,Standard
ST-05825,Dollar Tree #5825,2016-09-10,9153,3059.6,72828,Low,Midwest,KY,Plus
ST-05826,Dollar Tree #5826,2020-06-02,12022,3075.0,33502,Medium,Southwest,MS,Standard
ST-05827,Dollar Tree #5827,2021-02-15,10714,2611.3,19780,Medium,Southeast,NJ,Standard
ST-05828,Dollar Tree #5828,2010-06-07,7293,5209.3,90922,Medium,Southeast,NC,Combo
ST-05829,Dollar Tree #5829,2020-05-22,12340,8494.8,42254,High,Southwest,PA,Plus
ST-05830,Dollar Tree #5830,2017-12-15,12244,8547.3,87225,Low,Mid-Atlantic,WI,Combo
ST-05831,Dollar Tree #5831,2016-10-27,8198,10355.3,20388,Low,West,TN,Plus
ST-05832,Dollar Tree #5832,2005-09-16,9933,3233.9,80565,Medium,West,FL,Standard
ST-05833,Dollar Tree #5833,2009-01-15,9108,8518.5,31678,Medium,Southwest,KS,Plus
ST-05834,Dollar Tree #5834,2012-06-06,12839,9042.3,23150,High,Midwest,MO,Standard
ST-05835,Dollar Tree #5835,2002-11-17,6411,1860.6,47442,Low,Midwest,FL,Combo
ST-05836,Dollar Tree #5836,2000-08-26,6837,6888.0,27648,Medium,Midwest,GA,Combo
ST-05837,Dollar Tree #5837,2007-08-02,13584,2324.4,57764,Medium,West,NM,Standard
ST-05838,Dollar Tree #5838,2009-10-13,7818,9644.3,51661,Low,Northeast,AL,Standard
ST-05839,Dollar Tree #5839,2011-04-03,11420,1137.6,24916,High,Midwest,WI,Standard
ST-05840,Dollar Tree #5840,2011-07-15,12908,2857.9,22009,Low,Southwest,CA,Combo
ST-05841,Dollar Tree #5841,2001-12-23,11864,974.1,97042,High,Southwest,NC,Plus
ST-05842,Dollar Tree #5842,2006-02-15,8944,5095.3,13639,Medium,Southeast,TX,Standard
ST-05843,Dollar Tree #5843,2003-12-23,12962,11709.3,37932,Medium,Southeast,GA,Plus
ST-05844,Dollar Tree #5844,2015-11-22,6362,1184.4,10746,Low,Mid-Atlantic,NV,Standard
ST-05845,Dollar Tree #5845,2018-03-14,7281,1105.6,82299,Medium,Southeast,NM,Standard
ST-05846,Dollar Tree #5846,2023-11-09,6127,11797.3,64516,Low,Southeast,WI,Plus
ST-05847,Dollar Tree #5847,2010-05-28,11672,7204.0,62803,Low,Southeast,NM,Combo
ST-05848,Dollar Tree #5848,2010-02-09,8044,4228.4,15429,Medium,Southwest,FL,Standard
ST-05849,Dollar Tree #5849,2017-12-28,6253,11928.0,14265,Medium,Midwest,CA,Standard
ST-05850,Dollar Tree #5850,2010-12-08,13558,1026.6,24746,Medium,Midwest,CO,Combo
ST-05851,Dollar Tree #5851,2013-01-27,13898,1983.0,63245,Medium,Southeast,MS,Combo
ST-05852,Dollar Tree #5852,2008-08-16,10972,5356.9,16512,Medium,Midwest,NM,Plus
ST-05853,Dollar Tree #5853,2010-07-05,8595,5771.9,11078,Medium,Southeast,OH,Standard
ST-05854,Dollar Tree #5854,2012-05-25,6466,4764.1,44531,High,Mid-Atlantic,OR,Plus
ST-05855,Dollar Tree #5855,2013-02-25,11971,9169.0,54238,Medium,Northeast,CT,Plus
ST-05856,Dollar Tree #5856,2005-08-25,10087,1490.6,25179,Medium,West,SC,Standard
ST-05857,Dollar Tree #5857,2012-01-12,13901,6764.8,19914,Medium,Southwest,OK,Standard
ST-05858,Dollar Tree #5858,2011-08-02,10560,2210.8,74474,High,West,AZ,Standard
ST-05859,Dollar Tree #5859,2001-05-09,12013,3618.4,49190,Medium,Mid-Atlantic,PA,Plus
ST-05860,Dollar Tree #5860,2008-03-24,9312,6025.5,92464,Low,West,SC,Standard
ST-05861,Dollar Tree #5861,2022-06-28,6357,964.6,26234,Low,Southwest,OK,Plus
ST-05862,Dollar Tree #5862,2021-07-25,13225,2286.0,76826,Medium,West,IN,Standard
ST-05863,Dollar Tree #5863,2009-03-09,6514,5049.6,83851,High,West,NY,Standard
ST-05864,Dollar Tree #5864,2004-01-15,13994,4709.4,80644,Low,Southwest,KY,Standard
ST-05865,Dollar Tree #5865,2001-07-18,6637,10839.8,38831,Medium,Midwest,AL,Plus
ST-05866,Dollar Tree #5866,2004-11-08,10882,9029.2,71279,Medium,Southwest,CT,Standard
ST-05867,Dollar Tree #5867,2021-01-11,8060,1633.7,70160,Low,Midwest,CA,Standard
ST-05868,Dollar Tree #5868,2015-07-01,6658,8316.2,69920,Medium,Northeast,OR,Combo
ST-05869,Dollar Tree #5869,2017-01-01,13365,5495.6,72030,Medium,Midwest,OH,Plus
ST-05870,Dollar Tree #5870,2009-06-12,9740,5354.2,79399,High,Southwest,NM,Plus
ST-05871,Dollar Tree #5871,2015-01-14,9505,5959.6,22103,Medium,Mid-Atlantic,OH,Standard
ST-05872,Dollar Tree #5872,2017-04-10,10802,10396.8,43940,Low,Northeast,KY,Plus
ST-05873,Dollar Tree #5873,2004-02-12,7297,5539.2,33161,High,Midwest,CO,Plus
ST-05874,Dollar Tree #5874,2017-04-07,9463,11454.1,70799,Medium,Mid-Atlantic,CA,Plus
ST-05875,Dollar Tree #5875,2021-10-04,7397,8306.3,15890,Medium,West,AL,Standard
ST-05876,Dollar Tree #5876,2009-12-15,11144,10563.4,61259,Medium,Mid-Atlantic,KS,Plus
ST-05877,Dollar Tree #5877,2017-01-03,7444,8119.8,31649,Medium,Southwest,MS,Standard
ST-05878,Dollar Tree #5878,2001-09-07,9399,1333.2,11908,Medium,West,CA,Standard
ST-05879,Dollar Tree #5879,2011-08-27,11391,654.1,19157,Medium,Mid-Atlantic,OH,Combo
ST-05880,Dollar Tree #5880,2001-12-21,9262,8675.6,69988,Low,Southeast,NV,Standard
ST-05881,Dollar Tree #5881,2010-10-12,13249,10618.0,23842,Medium,Northeast,AZ,Plus
ST-05882,Dollar Tree #5882,2012-02-14,11777,5077.5,85044,Medium,Midwest,SC,Plus
ST-05883,Dollar Tree #5883,2023-04-13,13011,11845.1,27400,Medium,Southeast,KS,Plus
ST-05884,Dollar Tree #5884,2016-08-07,13586,1902.7,17944,Medium,Southeast,OH,Standard
ST-05885,Dollar Tree #5885,2008-06-02,12595,6685.0,12571,Medium,West,NC,Standard
ST-05886,Dollar Tree #5886,2019-08-18,12559,11191.1,36778,High,West,MO,Standard
ST-05887,Dollar Tree #5887,2017-04-21,13280,3592.6,25369,Low,Northeast,KY,Standard
ST-05888,Dollar Tree #5888,2013-07-11,10422,3655.9,47643,Low,Mid-Atlantic,IA,Plus
ST-05889,Dollar Tree #5889,2007-01-25,6047,3464.5,18123,Low,Mid-Atlantic,MS,Standard
ST-05890,Dollar Tree #5890,2020-12-14,6010,8565.3,89851,High,Mid-Atlantic,MO,Standard
ST-05891,Dollar Tree #5891,2012-05-19,13063,10219.6,42109,Medium,Midwest,CO,Standard
ST-05892,Dollar Tree #5892,2009-05-15,13238,7405.1,16676,High,Midwest,CT,Plus
ST-05893,Dollar Tree #5893,2007-01-09,9849,374.1,74038,High,West,AL,Standard
ST-05894,Dollar Tree #5894,2005-08-14,8153,4546.3,34651,Low,Mid-Atlantic,IA,Standard
ST-05895,Dollar Tree #5895,2010-11-26,6409,10785.8,25501,Medium,West,NM,Standard
ST-05896,Dollar Tree #5896,2015-06-10,9950,2675.1,81056,Medium,Northeast,SC,Standard
ST-05897,Dollar Tree #5897,2005-08-10,6199,4717.1,76915,Low,West,VA,Standard
ST-05898,Dollar Tree #5898,2014-03-12,8578,2839.6,11723,Medium,Mid-Atlantic,PA,Plus
ST-05899,Dollar Tree #5899,2011-02-11,12899,4563.6,17351,Low,Southeast,VA,Standard
ST-05900,Dollar Tree #5900,2008-08-03,6752,9651.5,82464,Medium,Southwest,OK,Standard
ST-05901,Dollar Tree #5901,2000-12-12,7000,2657.5,91574,High,Mid-Atlantic,NY,Plus
ST-05902,Dollar Tree #5902,2020-05-03,10201,489.3,22135,Medium,Northeast,PA,Standard
ST-05903,Dollar Tree #5903,2022-01-16,8115,7657.0,15467,Medium,Mid-Atlantic,NJ,Standard
ST-05904,Dollar Tree #5904,2010-07-19,10945,10987.6,37897,Low,Southeast,MO,Plus
ST-05905,Dollar Tree #5905,2022-10-05,12427,9336.8,83630,Medium,West,NC,Plus
ST-05906,Dollar Tree #5906,2007-09-15,12859,7418.7,15510,Medium,Southeast,OK,Standard
ST-05907,Dollar Tree #5907,2005-04-20,6396,4630.6,16715,Medium,Southwest,IL,Plus
ST-05908,Dollar Tree #5908,2001-08-03,7218,3759.7,26134,Low,Southwest,IL,Plus
ST-05909,Dollar Tree #5909,2009-10-03,7121,7813.1,80150,Low,West,GA,Plus
ST-05910,Dollar Tree #5910,2012-10-10,13124,2438.4,48991,Low,Southwest,NJ,Combo
ST-05911,Dollar Tree #5911,2022-04-03,11388,3813.6,51303,High,West,MS,Standard
ST-05912,Dollar Tree #5912,2011-07-18,12231,1584.6,14158,Medium,West,VA,Standard
ST-05913,Dollar Tree #5913,2009-07-23,7906,9519.3,24128,Medium,Southwest,CO,Plus
ST-05914,Dollar Tree #5914,2018-08-14,12398,2893.5,98314,Low,Southeast,IL,Standard
ST-05915,Dollar Tree #5915,2008-03-26,12755,2680.3,39100,High,West,WI,Combo
ST-05916,Dollar Tree #5916,2024-04-04,11418,6926.0,10533,Low,Midwest,TX,Plus
ST-05917,Dollar Tree #5917,2023-12-22,7257,6048.8,43882,Low,Northeast,IA,Standard
ST-05918,Dollar Tree #5918,2007-09-14,13609,4678.5,77514,Medium,Southwest,CA,Plus
ST-05919,Dollar Tree #5919,2020-03-13,6350,8911.0,70831,Medium,Southwest,CT,Plus
ST-05920,Dollar Tree #5920,2019-07-14,7659,5077.2,13793,Medium,Southeast,MO,Standard
ST-05921,Dollar Tree #5921,2016-01-27,10544,9340.6,29298,Low,Southeast,NV,Standard
ST-05922,Dollar Tree #5922,2018-08-01,6764,7382.7,86125,Medium,Southeast,MI,Plus
ST-05923,Dollar Tree #5923,2015-01-21,11631,5707.2,23012,Medium,Mid-Atlantic,NM,Plus
ST-05924,Dollar Tree #5924,2004-02-01,10615,6182.7,91963,High,Southwest,AR,Standard
ST-05925,Dollar Tree #5925,2012-08-17,13655,11825.3,32789,Medium,Mid-Atlantic,KY,Standard
ST-05926,Dollar Tree #5926,2013-09-19,9172,333.0,59597,Medium,West,OK,Plus
ST-05927,Dollar Tree #5927,2002-03-16,10816,754.0,31421,Medium,Southeast,SC,Combo
ST-05928,Dollar Tree #5928,2008-07-11,10125,11161.0,65350,Medium,Northeast,OK,Plus
ST-05929,Dollar Tree #5929,2019-03-06,11171,3568.7,97271,Medium,West,MS,Plus
ST-05930,Dollar Tree #5930,2019-08-01,7777,1655.1,83087,Low,West,IL,Standard
ST-05931,Dollar Tree #5931,2017-12-01,11061,6643.6,55317,High,Midwest,NC,Plus
ST-05932,Dollar Tree #5932,2014-09-19,6364,11340.7,45615,Medium,Southeast,IL,Standard
ST-05933,Dollar Tree #5933,2013-06-18,9089,11031.7,70013,High,Mid-Atlantic,PA,Plus
ST-05934,Dollar Tree #5934,2001-03-04,7773,1028.9,76106,High,Northeast,TN,Combo
ST-05935,Dollar Tree #5935,2013-12-24,9399,3712.2,51966,High,West,NV,Plus
ST-05936,Dollar Tree #5936,2015-11-22,8487,2826.3,13184,Medium,Southwest,CT,Plus
ST-05937,Dollar Tree #5937,2000-12-07,9646,6383.6,94202,Medium,Mid-Atlantic,NM,Standard
ST-05938,Dollar Tree #5938,2014-02-05,9426,8872.4,78928,Medium,Southwest,TX,Standard
ST-05939,Dollar Tree #5939,2002-06-26,13820,3976.4,80846,High,Northeast,GA,Combo
ST-05940,Dollar Tree #5940,2023-08-07,11852,1118.4,31900,Low,Southwest,OK,Standard
ST-05941,Dollar Tree #5941,2012-03-09,9936,7211.6,46116,High,Midwest,GA,Standard
ST-05942,Dollar Tree #5942,2003-08-18,7302,5505.1,15114,Medium,Mid-Atlantic,KS,Plus
ST-05943,Dollar Tree #5943,2015-07-14,7104,577.9,50489,Low,Southwest,WI,Standard
ST-05944,Dollar Tree #5944,2022-07-09,13347,359.9,25064,Medium,Southwest,IN,Standard
ST-05945,Dollar Tree #5945,2013-07-05,6957,7278.8,73672,Medium,Mid-Atlantic,VA,Plus
ST-05946,Dollar Tree #5946,2010-11-05,8589,10854.9,97030,Medium,Southeast,NC,Standard
ST-05947,Dollar Tree #5947,2017-07-13,9722,2259.4,33416,Medium,West,CA,Plus
ST-05948,Dollar Tree #5948,2005-03-23,9440,5771.7,45560,Low,Southwest,OK,Standard
ST-05949,Dollar Tree #5949,2003-06-25,8128,1429.7,77733,Low,Southwest,OR,Standard
ST-05950,Dollar Tree #5950,2017-07-22,10403,6402.2,41011,Medium,Southeast,MS,Standard
ST-05951,Dollar Tree #5951,2017-11-25,10962,6391.9,28065,Low,Midwest,KY,Standard
ST-05952,Dollar Tree #5952,2013-11-17,12059,5171.0,83793,Medium,Southwest,FL,Standard
ST-05953,Dollar Tree #5953,2007-06-13,9055,6067.4,94072,Medium,Northeast,SC,Standard
ST-05954,Dollar Tree #5954,2006-08-21,13586,1134.6,50030,Medium,Southeast,TN,Standard
ST-05955,Dollar Tree #5955,2015-04-21,8995,248.0,62270,Low,Northeast,CT,Standard
ST-05956,Dollar Tree #5956,2004-07-14,13059,3567.3,61165,High,Northeast,AL,Plus
ST-05957,Dollar Tree #5957,2002-05-20,12415,627.9,20955,Low,Northeast,CO,Standard
ST-05958,Dollar Tree #5958,2013-07-12,12836,8058.9,52346,Medium,Midwest,MI,Combo
ST-05959,Dollar Tree #5959,2007-01-02,6787,5799.9,78016,Medium,Southwest,PA,Combo
ST-05960,Dollar Tree #5960,2023-08-24,8442,10373.9,95303,High,Southeast,MS,Standard
ST-05961,Dollar Tree #5961,2020-06-06,12728,8626.2,54548,High,Mid-Atlantic,SC,Plus
ST-05962,Dollar Tree #5962,2016-08-22,13623,9929.5,17405,Medium,Southeast,OH,Standard
ST-05963,Dollar Tree #5963,2013-07-12,12725,9334.7,62410,Medium,Northeast,CA,Combo
ST-05964,Dollar Tree #5964,2014-01-21,10359,8209.3,62955,Low,Northeast,AR,Plus
ST-05965,Dollar Tree #5965,2002-04-22,13478,3183.4,93798,Low,Midwest,CA,Standard
ST-05966,Dollar Tree #5966,2013-05-06,7209,11749.2,65119,Medium,Southeast,MI,Plus
ST-05967,Dollar Tree #5967,2020-05-25,11500,5084.0,28369,Medium,Mid-Atlantic,OK,Standard
ST-05968,Dollar Tree #5968,2001-06-07,8330,6089.2,74270,High,Midwest,FL,Standard
ST-05969,Dollar Tree #5969,2013-01-06,10164,4613.3,85106,Medium,Southeast,OR,Plus
ST-05970,Dollar Tree #5970,2017-12-16,8812,4438.0,93796,Medium,Southwest,NM,Standard
ST-05971,Dollar Tree #5971,2018-12-06,6486,3271.9,19142,High,Midwest,NV,Standard
ST-05972,Dollar Tree #5972,2005-09-24,12426,10118.2,31586,Low,Northeast,MS,Standard
ST-05973,Dollar Tree #5973,2012-05-24,7892,441.6,96359,Low,Mid-Atlantic,PA,Plus
ST-05974,Dollar Tree #5974,2015-08-23,8287,3680.0,47652,Low,Southeast,IA,Combo
ST-05975,Dollar Tree #5975,2004-10-23,8532,4271.6,69840,Medium,Southwest,NM,Plus
ST-05976,Dollar Tree #5976,2022-11-24,8313,10562.2,17050,Medium,Southwest,IN,Standard
ST-05977,Dollar Tree #5977,2008-11-21,12262,4841.5,45906,Medium,Southwest,PA,Combo
ST-05978,Dollar Tree #5978,2016-04-22,12336,3690.7,83783,Low,Southwest,IN,Combo
ST-05979,Dollar Tree #5979,2021-02-01,6263,7238.0,67972,Medium,Midwest,MI,Standard
ST-05980,Dollar Tree #5980,2019-09-06,10742,6925.0,18654,Medium,Mid-Atlantic,NC,Standard
ST-05981,Dollar Tree #5981,2003-03-17,7037,5199.3,76312,Medium,West,MO,Standard
ST-05982,Dollar Tree #5982,2024-03-10,10224,7187.2,10231,Medium,Mid-Atlantic,NJ,Plus
ST-05983,Dollar Tree #5983,2018-10-19,6725,4467.6,79309,High,Midwest,GA,Standard
ST-05984,Dollar Tree #5984,2021-06-13,8869,11542.9,95282,Low,Southeast,MI,Standard
ST-05985,Dollar Tree #5985,2008-05-02,11871,10456.2,13516,Medium,Northeast,TN,Combo
ST-05986,Dollar Tree #5986,2006-02-24,7960,7172.9,89999,High,Midwest,GA,Standard
ST-05987,Dollar Tree #5987,2014-09-24,12417,7938.7,45321,Medium,West,TX,Combo
ST-05988,Dollar Tree #5988,2015-04-23,11965,10026.4,30453,Medium,Southeast,FL,Combo
ST-05989,Dollar Tree #5989,2003-02-06,9223,3841.1,29947,Low,Mid-Atlantic,WI,Standard
ST-05990,Dollar Tree #5990,2010-05-09,12292,6050.3,82564,Medium,West,IL,Plus
ST-05991,Dollar Tree #5991,2020-08-02,9994,887.2,13704,Medium,Northeast,CO,Standard
ST-05992,Dollar Tree #5992,2020-12-01,11230,4945.7,27058,Medium,Mid-Atlantic,IL,Standard
ST-05993,Dollar Tree #5993,2014-07-06,13632,3213.4,96084,Low,Southeast,TN,Standard
ST-05994,Dollar Tree #5994,2014-03-01,13846,9274.1,89477,Medium,Northeast,NC,Combo
ST-05995,Dollar Tree #5995,2015-01-16,10205,7533.8,93989,Low,Southwest,CO,Plus
ST-05996,Dollar Tree #5996,2015-08-22,8693,2124.4,95428,Low,West,AL,Plus
ST-05997,Dollar Tree #5997,2013-04-13,10634,9705.4,78049,Medium,Midwest,NC,Standard
ST-05998,Dollar Tree #5998,2003-11-26,10802,6635.1,39429,Medium,Midwest,IN,Combo
ST-05999,Dollar Tree #5999,2018-03-17,7356,4917.3,29242,High,West,TX,Standard
ST-06000,Dollar Tree #6000,2013-06-04,8586,7318.7,85666,Medium,Southeast,MO,Standard
ST-06001,Dollar Tree #6001,2014-09-27,12070,11928.0,22957,Medium,Mid-Atlantic,VA,Combo
ST-06002,Dollar Tree #6002,2007-04-07,6578,11717.0,68454,Medium,Southeast,FL,Combo
ST-06003,Dollar Tree #6003,2006-11-10,12695,6042.2,60190,Low,West,AR,Plus
ST-06004,Dollar Tree #6004,2023-02-28,9807,4677.6,92634,Low,Southeast,NY,Standard
ST-06005,Dollar Tree #6005,2000-01-06,10085,6434.5,50329,High,West,IA,Plus
ST-06006,Dollar Tree #6006,2011-09-22,13497,9113.0,70825,Low,Northeast,NJ,Standard
ST-06007,Dollar Tree #6007,2020-03-11,7862,6250.3,95438,Low,Mid-Atlantic,MS,Plus
ST-06008,Dollar Tree #6008,2006-02-20,11735,233.0,38280,Medium,Southwest,CO,Standard
ST-06009,Dollar Tree #6009,2005-12-18,9831,7677.6,99609,Low,Mid-Atlantic,KS,Plus
ST-06010,Dollar Tree #6010,2009-11-27,12499,4740.6,34550,Low,Southwest,NM,Plus
ST-06011,Dollar Tree #6011,2021-10-16,8598,2494.3,20054,High,Midwest,OH,Combo
ST-06012,Dollar Tree #6012,2008-04-18,10030,1781.2,96026,Low,Southwest,VA,Plus
ST-06013,Dollar Tree #6013,2019-04-24,6794,3863.7,95328,Medium,Midwest,KY,Plus
ST-06014,Dollar Tree #6014,2008-02-19,11787,6860.9,96476,Medium,Midwest,OK,Plus
ST-06015,Dollar Tree #6015,2024-11-13,7440,7669.3,97704,Low,West,NC,Standard
ST-06016,Dollar Tree #6016,2018-12-27,7155,9249.6,68557,High,Northeast,KS,Standard
ST-06017,Dollar Tree #6017,2014-04-22,11211,5085.5,53438,Low,Mid-Atlantic,IN,Standard
ST-06018,Dollar Tree #6018,2010-11-04,13337,6591.3,55819,Low,Mid-Atlantic,NM,Standard
ST-06019,Dollar Tree #6019,2000-04-03,11349,6468.8,69366,Low,Northeast,MO,Standard
ST-06020,Dollar Tree #6020,2018-02-09,8275,9978.3,58927,Medium,Southwest,NM,Standard
ST-06021,Dollar Tree #6021,2019-07-26,9296,8792.7,99954,Medium,Northeast,FL,Combo
ST-06022,Dollar Tree #6022,2010-01-23,8214,2968.2,10192,Low,Northeast,OH,Plus
ST-06023,Dollar Tree #6023,2020-06-11,9715,4666.2,49858,Medium,Midwest,TN,Combo
ST-06024,Dollar Tree #6024,2024-07-12,12111,5604.2,35241,High,Southeast,AL,Combo
ST-06025,Dollar Tree #6025,2015-08-10,6684,9221.3,54244,Low,Southwest,WI,Standard
ST-06026,Dollar Tree #6026,2019-01-26,12162,9660.8,29908,Low,Southeast,CA,Plus
ST-06027,Dollar Tree #6027,2009-07-25,11756,2392.7,50713,High,Southwest,KY,Standard
ST-06028,Dollar Tree #6028,2013-02-27,9073,11419.1,53832,Low,Southwest,GA,Standard
ST-06029,Dollar Tree #6029,2010-04-25,13169,10510.2,31615,Medium,West,TX,Plus
ST-06030,Dollar Tree #6030,2022-09-03,11201,10713.4,64769,Low,West,IL,Standard
ST-06031,Dollar Tree #6031,2018-11-13,6912,4349.1,17361,Medium,Northeast,KS,Standard
ST-06032,Dollar Tree #6032,2013-07-04,9254,7326.0,38869,Medium,Southwest,CA,Standard
ST-06033,Dollar Tree #6033,2018-01-09,6970,1611.6,96103,Medium,Mid-Atlantic,KS,Combo
ST-06034,Dollar Tree #6034,2015-08-20,9528,8161.8,23619,Medium,West,MI,Plus
ST-06035,Dollar Tree #6035,2014-01-19,13619,7538.8,98224,Low,West,IN,Standard
ST-06036,Dollar Tree #6036,2019-07-27,6567,10383.4,29605,Medium,West,GA,Standard
ST-06037,Dollar Tree #6037,2016-11-25,10014,6584.5,50759,High,Southwest,IN,Plus
ST-06038,Dollar Tree #6038,2017-09-17,7254,3220.4,38415,Medium,Midwest,CO,Plus
ST-06039,Dollar Tree #6039,2016-12-13,10406,8301.4,33195,Medium,Midwest,NM,Plus
ST-06040,Dollar Tree #6040,2005-12-08,6100,10498.0,14686,Medium,Mid-Atlantic,IN,Standard
ST-06041,Dollar Tree #6041,2010-05-16,12671,4128.8,56521,Low,Northeast,MS,Standard
ST-06042,Dollar Tree #6042,2024-04-13,9705,10323.2,96228,Low,Northeast,AR,Standard
ST-06043,Dollar Tree #6043,2012-08-25,11995,6358.2,18668,Medium,Northeast,SC,Standard
ST-06044,Dollar Tree #6044,2017-03-10,12163,10020.7,50446,Medium,Mid-Atlantic,AR,Standard
ST-06045,Dollar Tree #6045,2020-04-15,6653,5157.7,52736,Low,West,NC,Combo
ST-06046,Dollar Tree #6046,2020-03-22,12637,9434.9,96594,Low,Midwest,NM,Plus
ST-06047,Dollar Tree #6047,2013-11-08,9843,11804.0,21245,Low,Northeast,NV,Combo
ST-06048,Dollar Tree #6048,2019-02-12,6870,6249.4,19772,High,Southeast,AZ,Plus
ST-06049,Dollar Tree #6049,2000-01-09,13394,5393.2,16312,Medium,Southwest,CT,Standard
ST-06050,Dollar Tree #6050,2009-10-09,6491,9285.9,99437,Medium,Northeast,VA,Standard
ST-06051,Dollar Tree #6051,2019-04-20,8088,10911.9,74816,Medium,West,NV,Standard
ST-06052,Dollar Tree #6052,2022-11-03,11097,11733.3,31041,Medium,West,CO,Standard
ST-06053,Dollar Tree #6053,2000-10-17,12913,11922.9,98887,Low,Mid-Atlantic,TN,Plus
ST-06054,Dollar Tree #6054,2002-05-10,13046,1152.5,93713,Medium,Mid-Atlantic,AZ,Standard
ST-06055,Dollar Tree #6055,2003-08-25,9822,8281.1,89864,Medium,Southeast,TX,Plus
ST-06056,Dollar Tree #6056,2015-01-18,13938,551.6,78010,High,Midwest,SC,Standard
ST-06057,Dollar Tree #6057,2008-11-01,8088,7552.3,72864,Medium,Mid-Atlantic,OK,Plus
ST-06058,Dollar Tree #6058,2022-06-23,9966,2284.3,10886,Low,Southeast,CA,Standard
ST-06059,Dollar Tree #6059,2002-06-03,12114,9479.2,64214,Low,Southwest,NJ,Plus
ST-06060,Dollar Tree #6060,2017-10-14,7458,9323.5,99949,Medium,West,MI,Combo
ST-06061,Dollar Tree #6061,2014-07-09,11286,11524.5,89956,Medium,West,AR,Standard
ST-06062,Dollar Tree #6062,2016-04-06,8972,1088.3,85050,Low,Northeast,TX,Standard
ST-06063,Dollar Tree #6063,2012-04-07,8149,11200.7,27549,Low,Southwest,NM,Plus
ST-06064,Dollar Tree #6064,2022-08-02,10354,4063.0,50100,High,Southeast,TN,Plus
ST-06065,Dollar Tree #6065,2005-04-20,11396,8973.7,58592,Medium,Southeast,OR,Standard
ST-06066,Dollar Tree #6066,2008-09-26,7489,1278.6,78496,High,Northeast,NY,Standard
ST-06067,Dollar Tree #6067,2010-11-28,8776,5832.0,88908,Medium,Northeast,OK,Standard
ST-06068,Dollar Tree #6068,2003-04-20,10470,9201.1,57513,Medium,Southeast,OH,Standard
ST-06069,Dollar Tree #6069,2015-06-01,10130,9145.5,89926,Medium,Southeast,NY,Plus
ST-06070,Dollar Tree #6070,2010-03-27,8619,1965.9,38883,Low,Midwest,GA,Standard
ST-06071,Dollar Tree #6071,2022-03-04,12051,2613.3,55801,High,Southwest,MS,Plus
ST-06072,Dollar Tree #6072,2013-06-14,7358,6710.2,74334,Low,Southeast,NJ,Standard
ST-06073,Dollar Tree #6073,2000-07-23,8121,10308.9,52689,Medium,Mid-Atlantic,WI,Standard
ST-06074,Dollar Tree #6074,2009-09-06,11022,10729.3,15461,Medium,Mid-Atlantic,SC,Standard
ST-06075,Dollar Tree #6075,2016-07-06,8992,8869.1,78362,Medium,Mid-Atlantic,OH,Plus
ST-06076,Dollar Tree #6076,2006-12-24,9701,474.9,66069,Low,Mid-Atlantic,KY,Standard
ST-06077,Dollar Tree #6077,2016-08-24,7782,4690.2,78626,Low,Midwest,NJ,Plus
ST-06078,Dollar Tree #6078,2004-11-05,9424,1894.5,36589,High,Mid-Atlantic,FL,Plus
ST-06079,Dollar Tree #6079,2014-06-28,6164,949.5,58508,Low,Southeast,KY,Plus
ST-06080,Dollar Tree #6080,2023-01-25,7761,10059.4,22511,Medium,Southwest,MO,Standard
ST-06081,Dollar Tree #6081,2024-07-28,11717,6628.9,98558,Medium,Southeast,CT,Plus
ST-06082,Dollar Tree #6082,2002-04-15,10834,7136.6,71936,Low,West,TX,Combo
ST-06083,Dollar Tree #6083,2010-04-17,7509,6567.6,86457,Medium,Mid-Atlantic,FL,Standard
ST-06084,Dollar Tree #6084,2022-03-21,12412,9364.0,96371,Medium,Southwest,MS,Standard
ST-06085,Dollar Tree #6085,2014-12-24,8979,10171.4,94562,Medium,Southwest,NC,Standard
ST-06086,Dollar Tree #6086,2010-02-06,11130,4066.8,60259,Low,Southeast,PA,Standard
ST-06087,Dollar Tree #6087,2017-11-07,12430,3511.4,63457,Medium,Mid-Atlantic,NC,Standard
ST-06088,Dollar Tree #6088,2018-10-22,12011,4762.4,37485,Medium,Northeast,IN,Standard
ST-06089,Dollar Tree #6089,2017-11-13,6363,11006.8,66691,Medium,West,MS,Combo
ST-06090,Dollar Tree #6090,2006-10-20,8154,4210.5,14841,Medium,Mid-Atlantic,KS,Plus
ST-06091,Dollar Tree #6091,2006-09-24,7244,7473.0,19254,Medium,Southeast,AL,Plus
ST-06092,Dollar Tree #6092,2023-07-01,8507,8389.4,73536,Medium,Midwest,OR,Plus
ST-06093,Dollar Tree #6093,2003-01-08,9453,7881.0,93096,Low,Midwest,AZ,Plus
ST-06094,Dollar Tree #6094,2010-11-21,12189,5099.0,33095,Medium,Mid-Atlantic,CA,Combo
ST-06095,Dollar Tree #6095,2018-07-20,8458,1065.2,38083,Medium,Southeast,SC,Plus
ST-06096,Dollar Tree #6096,2017-10-19,11530,9564.4,10219,High,West,NV,Plus
ST-06097,Dollar Tree #6097,2024-09-13,12246,566.4,18990,Low,Northeast,IN,Standard
ST-06098,Dollar Tree #6098,2009-10-24,7428,10986.2,36782,High,Southwest,TX,Standard
ST-06099,Dollar Tree #6099,2024-07-17,6240,6189.6,53737,Medium,Mid-Atlantic,WI,Standard
ST-06100,Dollar Tree #6100,2008-05-07,12571,10025.3,27607,Low,Southeast,OH,Plus
ST-06101,Dollar Tree #6101,2022-12-16,10061,10273.4,37841,Medium,Southeast,IA,Standard
ST-06102,Dollar Tree #6102,2022-10-03,11602,11082.4,17185,Medium,Southeast,WI,Standard
ST-06103,Dollar Tree #6103,2022-04-02,12317,7177.0,71469,Medium,Southwest,VA,Plus
ST-06104,Dollar Tree #6104,2016-12-26,8141,2283.6,82787,Low,West,IA,Standard
ST-06105,Dollar Tree #6105,2002-09-28,12118,5775.8,70640,Low,West,FL,Combo
ST-06106,Dollar Tree #6106,2022-04-04,7007,2082.0,60652,Medium,West,OR,Plus
ST-06107,Dollar Tree #6107,2009-07-01,7779,875.7,99920,Low,Northeast,PA,Standard
ST-06108,Dollar Tree #6108,2015-09-04,9668,9481.3,12223,Medium,Southeast,OR,Standard
ST-06109,Dollar Tree #6109,2004-08-28,8578,6405.4,82273,Low,Northeast,SC,Standard
ST-06110,Dollar Tree #6110,2019-03-01,9395,2780.0,44303,Low,Southwest,NJ,Standard
ST-06111,Dollar Tree #6111,2014-03-13,6732,6728.2,84242,Low,Northeast,AL,Standard
ST-06112,Dollar Tree #6112,2007-02-02,6152,11688.2,19102,Medium,West,OK,Standard
ST-06113,Dollar Tree #6113,2024-06-03,7847,4884.1,93523,Low,Southeast,IL,Plus
ST-06114,Dollar Tree #6114,2020-01-03,7763,8017.6,14192,Low,Northeast,KS,Plus
ST-06115,Dollar Tree #6115,2020-09-28,6745,10023.7,50859,Low,Northeast,KS,Standard
ST-06116,Dollar Tree #6116,2012-10-13,6674,10410.6,40961,Medium,Northeast,NM,Plus
ST-06117,Dollar Tree #6117,2015-03-16,7283,628.7,47006,Medium,Northeast,OR,Combo
ST-06118,Dollar Tree #6118,2018-09-01,9554,8882.7,36830,High,Mid-Atlantic,NV,Standard
ST-06119,Dollar Tree #6119,2007-04-07,8968,521.2,62723,High,Southeast,TN,Standard
ST-06120,Dollar Tree #6120,2010-02-02,8558,10148.4,85522,Medium,Southwest,NY,Plus
ST-06121,Dollar Tree #6121,2007-01-12,11452,1080.5,54292,Low,Southeast,GA,Combo
ST-06122,Dollar Tree #6122,2004-01-19,9242,5428.9,17223,Medium,Southeast,MI,Standard
ST-06123,Dollar Tree #6123,2015-05-03,11224,10141.2,54298,Medium,Mid-Atlantic,OK,Plus
ST-06124,Dollar Tree #6124,2013-06-08,7937,6848.9,39136,Medium,Southeast,OK,Plus
ST-06125,Dollar Tree #6125,2011-08-09,7643,2811.2,23261,Medium,Midwest,KS,Plus
ST-06126,Dollar Tree #6126,2000-12-01,6226,9585.8,49117,Low,Southwest,PA,Combo
ST-06127,Dollar Tree #6127,2012-08-12,6358,1291.8,50642,Medium,West,GA,Combo
ST-06128,Dollar Tree #6128,2003-05-13,8971,264.2,12331,Low,West,NC,Combo
ST-06129,Dollar Tree #6129,2011-06-17,11870,8171.1,48070,Medium,Mid-Atlantic,MI,Combo
ST-06130,Dollar Tree #6130,2005-01-04,10112,1445.5,94620,Medium,Northeast,PA,Standard
ST-06131,Dollar Tree #6131,2005-01-04,9074,11734.9,23783,Medium,West,SC,Plus
ST-06132,Dollar Tree #6132,2000-07-24,6129,10148.3,24692,Medium,Midwest,CA,Plus
ST-06133,Dollar Tree #6133,2010-02-24,10738,11114.9,61102,Medium,Southwest,KY,Standard
ST-06134,Dollar Tree #6134,2000-05-13,6771,10647.7,94869,Low,Mid-Atlantic,PA,Combo
ST-06135,Dollar Tree #6135,2020-09-21,13748,3548.5,35726,High,West,OK,Plus
ST-06136,Dollar Tree #6136,2011-07-18,13207,8973.0,93421,Medium,Mid-Atlantic,MO,Standard
ST-06137,Dollar Tree #6137,2000-03-01,8106,10174.7,82837,Medium,Northeast,NV,Standard
ST-06138,Dollar Tree #6138,2007-07-26,11518,4204.4,47264,Medium,Southwest,IA,Standard
ST-06139,Dollar Tree #6139,2002-05-10,12432,1883.3,71474,Low,Mid-Atlantic,NM,Plus
ST-06140,Dollar Tree #6140,2014-05-11,7784,960.2,48875,Medium,West,NJ,Standard
ST-06141,Dollar Tree #6141,2000-09-02,6407,1912.7,90899,Low,Southwest,CT,Plus
ST-06142,Dollar Tree #6142,2011-05-16,7603,11691.8,65669,Medium,Southeast,MS,Plus
ST-06143,Dollar Tree #6143,2022-03-19,8082,2596.9,92468,Low,Northeast,MS,Plus
ST-06144,Dollar Tree #6144,2000-10-17,13703,2081.9,52388,Low,Mid-Atlantic,WI,Standard
ST-06145,Dollar Tree #6145,2008-12-14,11447,3706.1,15400,Low,Southeast,TN,Standard
ST-06146,Dollar Tree #6146,2014-05-04,10030,899.1,66084,Low,Southeast,OH,Standard
ST-06147,Dollar Tree #6147,2005-06-11,13438,11006.0,96604,High,Northeast,IL,Standard
ST-06148,Dollar Tree #6148,2023-02-15,9450,2400.4,34472,Medium,Northeast,NM,Plus
ST-06149,Dollar Tree #6149,2011-05-03,10028,4565.7,98993,Low,Northeast,AZ,Standard
ST-06150,Dollar Tree #6150,2014-10-02,8875,9302.0,45148,Medium,Southeast,SC,Standard
ST-06151,Dollar Tree #6151,2014-04-20,7672,2693.2,90082,High,Southwest,CO,Combo
ST-06152,Dollar Tree #6152,2003-01-25,13513,11522.9,81195,Low,West,TN,Combo
ST-06153,Dollar Tree #6153,2021-06-14,13800,1487.2,17983,Medium,Midwest,AZ,Standard
ST-06154,Dollar Tree #6154,2023-07-27,13720,11999.7,59286,Medium,Southwest,SC,Standard
ST-06155,Dollar Tree #6155,2012-03-11,13364,763.3,44273,Medium,Northeast,CT,Combo
ST-06156,Dollar Tree #6156,2002-11-28,13255,11323.1,42481,Medium,West,AL,Standard
ST-06157,Dollar Tree #6157,2011-08-01,13214,7045.5,32365,Medium,Southwest,NY,Standard
ST-06158,Dollar Tree #6158,2004-09-12,11149,4152.4,24033,Medium,Southeast,WI,Combo
ST-06159,Dollar Tree #6159,2004-06-22,8732,1863.3,42258,Low,Mid-Atlantic,KS,Combo
ST-06160,Dollar Tree #6160,2017-07-11,12822,6860.1,80349,Low,West,MS,Plus
ST-06161,Dollar Tree #6161,2001-06-06,10342,10303.7,89263,Low,Midwest,IL,Standard
ST-06162,Dollar Tree #6162,2013-08-08,13287,376.6,97915,Medium,Southeast,MS,Standard
ST-06163,Dollar Tree #6163,2007-09-17,8371,419.0,66461,High,Southwest,IN,Plus
ST-06164,Dollar Tree #6164,2018-03-23,11641,10477.7,86241,High,Northeast,CT,Standard
ST-06165,Dollar Tree #6165,2010-01-28,10010,10597.6,85843,Medium,Northeast,CO,Standard
ST-06166,Dollar Tree #6166,2015-05-25,8511,4310.5,46352,Low,Southwest,AL,Standard
ST-06167,Dollar Tree #6167,2009-04-17,9724,9622.1,71711,Low,West,KY,Standard
ST-06168,Dollar Tree #6168,2007-02-25,11667,11123.9,51605,High,Midwest,TN,Plus
ST-06169,Dollar Tree #6169,2013-10-11,10910,10993.4,91911,Low,West,AZ,Standard
ST-06170,Dollar Tree #6170,2023-07-08,7344,8648.8,38631,Low,Midwest,GA,Plus
ST-06171,Dollar Tree #6171,2024-01-07,11540,10368.3,90714,Low,West,OK,Standard
ST-06172,Dollar Tree #6172,2010-07-13,12265,3989.5,24314,Medium,Northeast,OK,Standard
ST-06173,Dollar Tree #6173,2009-04-01,13313,5490.3,77942,High,Southeast,PA,Plus
ST-06174,Dollar Tree #6174,2024-09-15,9151,9765.8,81736,Low,Mid-Atlantic,KY,Combo
ST-06175,Dollar Tree #6175,2013-01-12,12638,8707.5,21370,Medium,Northeast,MO,Standard
ST-06176,Dollar Tree #6176,2005-11-09,7524,10415.2,66067,High,Southeast,IN,Standard
ST-06177,Dollar Tree #6177,2023-11-07,9788,3142.7,15932,Low,Southeast,FL,Plus
ST-06178,Dollar Tree #6178,2008-04-10,6614,2423.6,98337,Medium,Mid-Atlantic,NY,Plus
ST-06179,Dollar Tree #6179,2023-09-05,9391,1667.2,24241,High,Midwest,IN,Plus
ST-06180,Dollar Tree #6180,2005-01-15,7679,3213.0,80605,Medium,Southeast,CT,Standard
ST-06181,Dollar Tree #6181,2009-02-09,12756,11577.2,55742,Medium,Midwest,IN,Standard
ST-06182,Dollar Tree #6182,2002-11-04,12376,4877.8,79965,Medium,West,OH,Plus
ST-06183,Dollar Tree #6183,2012-04-16,11219,8768.6,11808,Medium,Mid-Atlantic,WI,Plus
ST-06184,Dollar Tree #6184,2008-04-18,7592,735.1,49087,Medium,Mid-Atlantic,NJ,Plus
ST-06185,Dollar Tree #6185,2016-12-04,9314,4607.6,66828,Low,West,WI,Standard
ST-06186,Dollar Tree #6186,2021-05-03,10163,8268.7,14947,High,Southeast,MI,Standard
ST-06187,Dollar Tree #6187,2012-12-06,10552,6416.9,32344,Medium,Northeast,IN,Standard
ST-06188,Dollar Tree #6188,2008-12-13,6278,11144.6,81448,Medium,Southeast,IA,Plus
ST-06189,Dollar Tree #6189,2006-02-09,10620,2502.7,22279,Medium,Northeast,IL,Plus
ST-06190,Dollar Tree #6190,2004-03-19,12046,2576.8,10906,Medium,Midwest,TX,Combo
ST-06191,Dollar Tree #6191,2007-01-25,13357,7777.8,40127,Medium,West,NY,Combo
ST-06192,Dollar Tree #6192,2002-07-10,10014,5066.5,86104,Low,Mid-Atlantic,MO,Standard
ST-06193,Dollar Tree #6193,2017-12-14,10546,9756.7,36668,Low,Mid-Atlantic,MO,Combo
ST-06194,Dollar Tree #6194,2004-12-06,11207,5951.1,83190,Low,West,FL,Standard
ST-06195,Dollar Tree #6195,2011-04-22,10748,2387.8,76041,Medium,Southeast,CA,Standard
ST-06196,Dollar Tree #6196,2002-04-13,9986,948.8,16730,High,Southeast,GA,Plus
ST-06197,Dollar Tree #6197,2009-02-24,9879,9158.9,69647,Medium,Northeast,PA,Plus
ST-06198,Dollar Tree #6198,2015-05-20,6117,5770.5,64216,High,Mid-Atlantic,NC,Plus
ST-06199,Dollar Tree #6199,2016-02-01,8773,8399.0,42529,Medium,Northeast,TN,Plus
ST-06200,Dollar Tree #6200,2017-02-06,10350,6226.6,41895,Medium,West,KY,Standard
ST-06201,Dollar Tree #6201,2019-11-18,8694,10887.3,84360,Low,Northeast,IA,Plus
ST-06202,Dollar Tree #6202,2004-03-26,9670,7825.7,77750,Low,Midwest,TN,Plus
ST-06203,Dollar Tree #6203,2011-04-19,8594,3092.0,65278,Medium,West,CT,Standard
ST-06204,Dollar Tree #6204,2007-03-02,9593,2175.2,49388,Medium,Southwest,NY,Combo
ST-06205,Dollar Tree #6205,2002-06-14,12551,10694.8,30878,Low,Northeast,AR,Combo
ST-06206,Dollar Tree #6206,2012-08-18,6240,961.3,85497,Medium,Southwest,MO,Standard
ST-06207,Dollar Tree #6207,2002-05-23,6634,10215.4,83578,Low,Midwest,MI,Plus
ST-06208,Dollar Tree #6208,2003-03-02,10602,2578.2,65027,Low,Midwest,SC,Plus
ST-06209,Dollar Tree #6209,2009-09-11,9298,2392.7,68808,Medium,Mid-Atlantic,SC,Plus
ST-06210,Dollar Tree #6210,2022-02-16,13591,2812.1,27030,Medium,Southwest,TN,Standard
ST-06211,Dollar Tree #6211,2022-07-25,7542,7412.4,95217,High,Midwest,KY,Standard
ST-06212,Dollar Tree #6212,2022-04-14,10565,6914.3,86300,Low,Southwest,NJ,Plus
ST-06213,Dollar Tree #6213,2009-02-23,9382,7205.2,42900,High,Southeast,NV,Plus
ST-06214,Dollar Tree #6214,2012-12-08,11533,3109.8,58697,Medium,Northeast,NV,Plus
ST-06215,Dollar Tree #6215,2008-06-08,8807,5885.9,73132,High,Southwest,NV,Plus
ST-06216,Dollar Tree #6216,2011-10-05,11636,7390.7,54459,Medium,Southeast,TN,Standard
ST-06217,Dollar Tree #6217,2017-11-26,10202,10961.5,35146,Medium,Midwest,MI,Plus
ST-06218,Dollar Tree #6218,2018-03-07,12214,7509.7,59457,Low,Midwest,PA,Standard
ST-06219,Dollar Tree #6219,2008-06-01,7494,4346.6,61109,Medium,Mid-Atlantic,CA,Standard
ST-06220,Dollar Tree #6220,2003-08-26,10235,2242.1,53629,Medium,West,SC,Standard
ST-06221,Dollar Tree #6221,2012-02-24,6027,11557.9,67430,High,Southwest,IL,Standard
ST-06222,Dollar Tree #6222,2018-05-01,7825,10041.6,76575,High,Northeast,MI,Standard
ST-06223,Dollar Tree #6223,2015-05-03,11121,2049.8,90077,Medium,Northeast,WI,Combo
ST-06224,Dollar Tree #6224,2012-06-11,13033,1617.5,78682,Medium,Northeast,CO,Plus
ST-06225,Dollar Tree #6225,2014-01-28,10063,10206.0,75855,Low,West,MS,Standard
ST-06226,Dollar Tree #6226,2021-02-08,7047,7545.3,14230,Low,Mid-Atlantic,MO,Standard
ST-06227,Dollar Tree #6227,2018-05-06,8940,10841.0,18645,Medium,Midwest,IN,Standard
ST-06228,Dollar Tree #6228,2011-06-16,8468,6352.8,37811,High,Southeast,SC,Standard
ST-06229,Dollar Tree #6229,2000-11-22,10058,8101.7,10417,Medium,Southwest,CA,Standard
ST-06230,Dollar Tree #6230,2010-08-07,10287,8661.5,47204,Low,Northeast,AL,Plus
ST-06231,Dollar Tree #6231,2000-01-24,9535,11151.7,25261,Medium,Mid-Atlantic,KS,Standard
ST-06232,Dollar Tree #6232,2021-06-07,6649,5398.0,63198,Low,Mid-Atlantic,OH,Standard
ST-06233,Dollar Tree #6233,2009-12-12,9085,7289.7,87315,Low,West,FL,Standard
ST-06234,Dollar Tree #6234,2006-04-25,11656,10773.8,60733,Medium,Southwest,VA,Plus
ST-06235,Dollar Tree #6235,2010-06-09,9221,9466.7,60397,Medium,Southeast,NC,Standard
ST-06236,Dollar Tree #6236,2013-01-12,7592,2978.5,78798,Medium,Southeast,AR,Combo
ST-06237,Dollar Tree #6237,2009-10-23,10823,11440.7,87120,Medium,Southwest,CT,Standard
ST-06238,Dollar Tree #6238,2017-12-26,13003,11260.4,99850,Low,West,IN,Standard
ST-06239,Dollar Tree #6239,2016-09-02,8362,1474.2,93810,Low,Southeast,TN,Standard
ST-06240,Dollar Tree #6240,2009-09-15,8130,4137.0,28102,High,Southwest,NY,Plus
ST-06241,Dollar Tree #6241,2007-08-20,6463,10418.1,30731,High,Mid-Atlantic,NV,Plus
ST-06242,Dollar Tree #6242,2006-01-20,11296,8316.6,48575,Low,Northeast,OK,Standard
ST-06243,Dollar Tree #6243,2002-04-09,12962,8613.1,53300,Medium,West,CO,Plus
ST-06244,Dollar Tree #6244,2000-01-16,7519,4243.1,60772,Medium,Southwest,PA,Standard
ST-06245,Dollar Tree #6245,2001-07-21,7718,11305.6,55673,Medium,West,IL,Plus
ST-06246,Dollar Tree #6246,2022-02-21,11578,4569.4,16895,Medium,Northeast,GA,Plus
ST-06247,Dollar Tree #6247,2015-08-16,13818,4679.8,73781,Medium,Midwest,MS,Plus
ST-06248,Dollar Tree #6248,2021-12-21,7652,8971.9,27380,Medium,West,AZ,Plus
ST-06249,Dollar Tree #6249,2006-08-03,10827,5175.8,51105,Medium,Southwest,AL,Standard
ST-06250,Dollar Tree #6250,2004-01-27,10954,3807.7,44599,High,Northeast,NM,Standard
ST-06251,Dollar Tree #6251,2017-12-20,13236,8315.4,49077,Low,West,NM,Combo
ST-06252,Dollar Tree #6252,2016-03-13,12885,7138.5,62911,Medium,Midwest,NY,Standard
ST-06253,Dollar Tree #6253,2021-07-13,9988,3380.5,81552,Medium,Southwest,AR,Plus
ST-06254,Dollar Tree #6254,2019-10-13,10935,10485.0,78073,Medium,West,TN,Standard
ST-06255,Dollar Tree #6255,2018-02-10,7001,6562.9,41372,Medium,West,CA,Combo
ST-06256,Dollar Tree #6256,2023-10-10,10996,824.7,46890,Medium,Midwest,IN,Standard
ST-06257,Dollar Tree #6257,2005-08-02,9708,1824.9,49342,Medium,Midwest,CT,Standard
ST-06258,Dollar Tree #6258,2015-09-14,6522,918.8,53784,Medium,Southwest,AR,Combo
ST-06259,Dollar Tree #6259,2005-09-16,8271,10877.0,69817,Medium,Northeast,KS,Plus
ST-06260,Dollar Tree #6260,2007-10-04,13631,3180.1,10955,Low,Southwest,SC,Standard
ST-06261,Dollar Tree #6261,2017-01-08,8573,5084.1,88424,Medium,Mid-Atlantic,NY,Combo
ST-06262,Dollar Tree #6262,2000-09-21,11298,4590.5,74855,Medium,Southwest,TX,Combo
ST-06263,Dollar Tree #6263,2015-06-01,6870,2458.4,95727,High,West,IL,Plus
ST-06264,Dollar Tree #6264,2020-03-11,9225,11627.2,69224,Medium,Southwest,OR,Standard
ST-06265,Dollar Tree #6265,2024-11-26,9231,9810.8,22057,Medium,Southwest,FL,Plus
ST-06266,Dollar Tree #6266,2012-03-14,9329,8827.2,79143,Medium,Northeast,AZ,Standard
ST-06267,Dollar Tree #6267,2007-09-13,7700,9535.2,25647,Low,Northeast,IL,Standard
ST-06268,Dollar Tree #6268,2023-07-05,8482,8281.1,90605,Medium,Southwest,MI,Standard
ST-06269,Dollar Tree #6269,2019-05-13,9248,4522.0,46281,Medium,Southwest,IN,Standard
ST-06270,Dollar Tree #6270,2024-06-08,9228,3703.9,42564,Medium,West,KY,Standard
ST-06271,Dollar Tree #6271,2009-02-05,6892,7902.5,59845,Low,Northeast,NV,Plus
ST-06272,Dollar Tree #6272,2020-01-28,6624,8467.4,79604,Medium,Southeast,NV,Standard
ST-06273,Dollar Tree #6273,2016-03-18,6074,11022.1,98356,Medium,Southeast,AR,Standard
ST-06274,Dollar Tree #6274,2011-04-28,9156,3991.9,47858,High,Midwest,AZ,Plus
ST-06275,Dollar Tree #6275,2013-10-14,10904,665.3,20437,Medium,Southeast,NV,Standard
ST-06276,Dollar Tree #6276,2006-02-26,13423,3930.4,49382,Low,Midwest,NV,Standard
ST-06277,Dollar Tree #6277,2010-11-15,8679,6265.5,44981,High,Southeast,IN,Plus
ST-06278,Dollar Tree #6278,2016-07-28,6763,7889.5,32879,Medium,Southwest,AR,Combo
ST-06279,Dollar Tree #6279,2018-12-28,7616,9691.1,39648,Low,Midwest,TN,Plus
ST-06280,Dollar Tree #6280,2009-03-01,6767,6706.6,43619,Medium,Southwest,AZ,Plus
ST-06281,Dollar Tree #6281,2002-07-28,12768,8664.0,32970,Medium,Mid-Atlantic,IA,Standard
ST-06282,Dollar Tree #6282,2001-12-14,8304,970.9,38023,Low,West,MI,Standard
ST-06283,Dollar Tree #6283,2020-11-16,13272,3099.5,33671,High,Southwest,NJ,Standard
ST-06284,Dollar Tree #6284,2006-05-21,9506,4559.6,57448,Medium,Southwest,CT,Standard
ST-06285,Dollar Tree #6285,2004-11-26,6504,2800.5,80994,Medium,Mid-Atlantic,TN,Plus
ST-06286,Dollar Tree #6286,2021-03-14,8132,3772.0,16789,Low,West,AR,Plus
ST-06287,Dollar Tree #6287,2019-03-23,10179,10798.6,25010,Medium,Mid-Atlantic,IL,Standard
ST-06288,Dollar Tree #6288,2006-06-27,11247,3293.4,33614,Medium,Mid-Atlantic,OR,Plus
ST-06289,Dollar Tree #6289,2004-09-22,13073,5189.5,94740,Low,Southwest,OR,Plus
ST-06290,Dollar Tree #6290,2002-04-26,13842,11989.6,47188,High,Southwest,MS,Standard
ST-06291,Dollar Tree #6291,2002-04-24,12264,3236.3,15684,Medium,Mid-Atlantic,NC,Plus
ST-06292,Dollar Tree #6292,2002-09-28,12023,3944.0,59060,High,West,NV,Standard
ST-06293,Dollar Tree #6293,2021-05-02,12211,4280.1,51322,Medium,Southwest,OR,Standard
ST-06294,Dollar Tree #6294,2002-03-02,9289,7478.5,96752,High,Mid-Atlantic,TN,Standard
ST-06295,Dollar Tree #6295,2003-10-26,11914,4315.6,87577,Medium,Southeast,KY,Plus
ST-06296,Dollar Tree #6296,2004-06-08,12477,212.5,25575,Medium,West,NC,Plus
ST-06297,Dollar Tree #6297,2009-04-25,10881,9434.3,45581,Low,West,TX,Combo
ST-06298,Dollar Tree #6298,2010-05-22,6138,921.9,31614,High,Southeast,NY,Plus
ST-06299,Dollar Tree #6299,2011-01-16,10589,6058.8,11978,Medium,Mid-Atlantic,IL,Plus
ST-06300,Dollar Tree #6300,2000-01-08,12217,3404.5,92896,Low,Southeast,CT,Plus
ST-06301,Dollar Tree #6301,2005-07-05,6205,10744.6,99306,Medium,Mid-Atlantic,NJ,Combo
ST-06302,Dollar Tree #6302,2011-12-13,12708,1942.5,76190,Medium,West,MO,Standard
ST-06303,Dollar Tree #6303,2012-06-24,13570,5422.4,38788,Low,West,GA,Plus
ST-06304,Dollar Tree #6304,2018-05-07,6586,547.9,99396,Medium,Northeast,SC,Plus
ST-06305,Dollar Tree #6305,2016-06-25,9644,6654.0,79567,Low,West,KS,Standard
ST-06306,Dollar Tree #6306,2021-10-11,9950,2325.3,76812,Low,West,IN,Plus
ST-06307,Dollar Tree #6307,2006-01-22,12995,1040.0,88972,Medium,Southwest,AR,Standard
ST-06308,Dollar Tree #6308,2020-11-19,13022,9249.1,78502,Medium,Southwest,IA,Combo
ST-06309,Dollar Tree #6309,2022-12-01,12820,5520.5,48316,Medium,Southwest,OH,Combo
ST-06310,Dollar Tree #6310,2010-11-24,9089,7755.9,10464,Low,Southeast,IN,Standard
ST-06311,Dollar Tree #6311,2017-11-17,9663,4408.8,69244,Medium,Northeast,MS,Plus
ST-06312,Dollar Tree #6312,2017-01-22,7082,607.8,54748,High,Southeast,CA,Standard
ST-06313,Dollar Tree #6313,2012-10-02,13263,5660.0,47687,Low,West,TX,Combo
ST-06314,Dollar Tree #6314,2012-05-18,8059,5864.1,74871,Low,West,OH,Standard
ST-06315,Dollar Tree #6315,2004-05-21,12507,3213.7,45247,Low,Mid-Atlantic,MO,Standard
ST-06316,Dollar Tree #6316,2020-02-19,9963,1152.3,80964,High,West,CT,Combo
ST-06317,Dollar Tree #6317,2000-02-03,7481,883.5,35671,Medium,Southwest,NM,Standard
ST-06318,Dollar Tree #6318,2019-11-21,6589,8872.7,91052,High,Midwest,NM,Standard
ST-06319,Dollar Tree #6319,2013-02-21,12362,11786.7,64409,High,Southwest,NC,Plus
ST-06320,Dollar Tree #6320,2002-01-16,11688,6963.0,55425,Low,Southwest,VA,Plus
ST-06321,Dollar Tree #6321,2011-03-23,11793,494.3,42501,Low,Mid-Atlantic,NV,Standard
ST-06322,Dollar Tree #6322,2000-11-01,6616,8890.8,20492,High,West,GA,Standard
ST-06323,Dollar Tree #6323,2002-06-06,10659,11231.8,17787,Medium,Midwest,FL,Combo
ST-06324,Dollar Tree #6324,2012-07-23,11699,3359.9,14939,Medium,Southwest,TX,Standard
ST-06325,Dollar Tree #6325,2004-09-28,11434,2974.7,62143,Medium,Southeast,IL,Standard
ST-06326,Dollar Tree #6326,2009-07-27,12057,3175.2,46801,Medium,Northeast,CA,Plus
ST-06327,Dollar Tree #6327,2001-07-02,9523,5559.8,94396,Low,Southwest,NM,Plus
ST-06328,Dollar Tree #6328,2016-09-20,7347,1054.3,26023,Medium,Northeast,CA,Standard
ST-06329,Dollar Tree #6329,2014-03-26,10981,500.0,96599,Medium,Southwest,CO,Plus
ST-06330,Dollar Tree #6330,2023-01-24,6857,7932.6,69781,Low,Mid-Atlantic,NJ,Plus
ST-06331,Dollar Tree #6331,2008-08-21,13126,8200.5,53390,Medium,Mid-Atlantic,NJ,Plus
ST-06332,Dollar Tree #6332,2024-06-15,10854,451.2,39527,High,Southeast,AZ,Combo
ST-06333,Dollar Tree #6333,2014-12-11,11187,7151.0,46635,Medium,West,FL,Standard
ST-06334,Dollar Tree #6334,2018-10-23,11069,7090.9,92026,Low,Mid-Atlantic,AR,Plus
ST-06335,Dollar Tree #6335,2016-05-18,11867,10266.6,51220,Low,Southeast,IA,Standard
ST-06336,Dollar Tree #6336,2017-01-10,8587,10105.0,35375,Medium,Southeast,TX,Standard
ST-06337,Dollar Tree #6337,2019-09-06,6213,9492.8,14230,Low,Northeast,PA,Plus
ST-06338,Dollar Tree #6338,2024-08-12,8765,3290.3,55510,Low,Mid-Atlantic,IA,Plus
ST-06339,Dollar Tree #6339,2013-05-26,11827,1254.5,65625,Low,West,PA,Standard
ST-06340,Dollar Tree #6340,2002-02-16,12994,9859.5,93185,Low,Northeast,IL,Standard
ST-06341,Dollar Tree #6341,2016-03-03,9888,9657.8,32974,Medium,Southeast,OK,Standard
ST-06342,Dollar Tree #6342,2000-09-25,13429,824.6,43847,Medium,Mid-Atlantic,KY,Standard
ST-06343,Dollar Tree #6343,2017-12-17,11844,5265.0,20364,Low,Southeast,IA,Standard
ST-06344,Dollar Tree #6344,2016-01-10,8494,8484.6,40364,Low,Southwest,VA,Combo
ST-06345,Dollar Tree #6345,2024-08-16,7039,1294.5,27503,Medium,Northeast,OR,Plus
ST-06346,Dollar Tree #6346,2016-02-01,10625,6463.5,22419,High,Southwest,TN,Plus
ST-06347,Dollar Tree #6347,2007-06-05,6698,4139.1,64816,Medium,Southeast,AR,Combo
ST-06348,Dollar Tree #6348,2014-02-03,6102,5533.6,10861,Medium,West,TN,Plus
ST-06349,Dollar Tree #6349,2020-07-09,9433,11906.8,50257,Low,Midwest,MO,Standard
ST-06350,Dollar Tree #6350,2011-10-27,8546,5247.2,84615,Medium,Southeast,KY,Plus
ST-06351,Dollar Tree #6351,2009-03-11,7412,3946.6,68229,Medium,West,AL,Plus
ST-06352,Dollar Tree #6352,2020-12-16,11877,5892.1,38980,High,West,NJ,Standard
ST-06353,Dollar Tree #6353,2012-11-13,6278,2849.7,31113,High,Mid-Atlantic,GA,Combo
ST-06354,Dollar Tree #6354,2015-12-27,6246,1378.2,98650,High,Northeast,NV,Plus
ST-06355,Dollar Tree #6355,2011-12-21,13915,928.9,67657,High,Northeast,NJ,Combo
ST-06356,Dollar Tree #6356,2024-02-20,10996,11362.6,97481,High,Mid-Atlantic,GA,Standard
ST-06357,Dollar Tree #6357,2007-01-21,8514,5954.4,74396,Low,Midwest,OR,Plus
ST-06358,Dollar Tree #6358,2013-02-23,6749,4464.5,94206,Medium,Mid-Atlantic,NJ,Combo
ST-06359,Dollar Tree #6359,2021-11-28,7883,2915.2,76207,Medium,Northeast,AZ,Standard
ST-06360,Dollar Tree #6360,2024-11-27,10748,8265.1,12268,Medium,Southeast,SC,Combo
ST-06361,Dollar Tree #6361,2024-09-03,8628,8691.7,63559,Medium,Northeast,OK,Standard
ST-06362,Dollar Tree #6362,2000-10-18,6475,4346.0,20990,High,West,IL,Standard
ST-06363,Dollar Tree #6363,2006-05-27,10648,2617.0,42725,Medium,Southwest,WI,Standard
ST-06364,Dollar Tree #6364,2022-09-16,9628,7463.4,42614,Medium,Southwest,PA,Standard
ST-06365,Dollar Tree #6365,2022-05-04,11765,5208.0,60808,Low,Northeast,MS,Plus
ST-06366,Dollar Tree #6366,2015-12-10,7977,443.0,63356,Medium,Southwest,MI,Standard
ST-06367,Dollar Tree #6367,2019-11-07,7147,4811.9,40966,High,Midwest,WI,Plus
ST-06368,Dollar Tree #6368,2000-10-24,13781,7733.0,86506,Medium,Northeast,TN,Combo
ST-06369,Dollar Tree #6369,2005-09-23,10826,678.1,50916,Medium,Midwest,WI,Standard
ST-06370,Dollar Tree #6370,2012-03-15,9905,10888.2,39261,Low,Southeast,VA,Plus
ST-06371,Dollar Tree #6371,2003-03-22,12295,11421.7,83452,Medium,Southwest,AZ,Standard
ST-06372,Dollar Tree #6372,2008-01-09,12532,1430.6,67976,High,Midwest,NC,Plus
ST-06373,Dollar Tree #6373,2013-06-23,7491,10227.4,26915,Medium,Southwest,KS,Plus
ST-06374,Dollar Tree #6374,2012-09-26,8712,11292.9,25050,Medium,West,OH,Standard
ST-06375,Dollar Tree #6375,2015-06-03,9779,1430.9,58701,High,Mid-Atlantic,PA,Combo
ST-06376,Dollar Tree #6376,2017-05-11,8134,7780.3,13822,High,Mid-Atlantic,AR,Standard
ST-06377,Dollar Tree #6377,2000-11-01,8903,9705.8,67622,Medium,Mid-Atlantic,VA,Combo
ST-06378,Dollar Tree #6378,2016-01-16,9407,5150.2,80081,Medium,West,MI,Standard
ST-06379,Dollar Tree #6379,2007-09-22,8045,1603.5,69786,Medium,Northeast,MO,Plus
ST-06380,Dollar Tree #6380,2024-04-07,8868,7358.4,80865,Low,Mid-Atlantic,NM,Standard
ST-06381,Dollar Tree #6381,2008-06-05,8350,9948.1,80920,Medium,Northeast,AZ,Standard
ST-06382,Dollar Tree #6382,2021-04-12,12610,3130.2,24140,Medium,Southwest,OR,Standard
ST-06383,Dollar Tree #6383,2009-07-04,12614,3292.2,23526,High,West,KY,Standard
ST-06384,Dollar Tree #6384,2001-11-04,8399,8148.3,70617,Low,West,KY,Combo
ST-06385,Dollar Tree #6385,2021-02-21,7387,9974.1,76380,High,Southeast,MS,Standard
ST-06386,Dollar Tree #6386,2016-05-10,10587,11802.3,11074,High,Northeast,PA,Plus
ST-06387,Dollar Tree #6387,2015-02-05,13263,5420.8,74204,High,Northeast,NM,Standard
ST-06388,Dollar Tree #6388,2012-11-17,8769,2496.7,88849,Low,West,NY,Combo
ST-06389,Dollar Tree #6389,2014-05-09,9993,6925.1,43083,Low,West,TX,Combo
ST-06390,Dollar Tree #6390,2006-01-26,12570,11655.6,80498,Medium,Mid-Atlantic,OH,Standard
ST-06391,Dollar Tree #6391,2018-11-02,13063,4947.8,22699,Medium,West,IA,Plus
ST-06392,Dollar Tree #6392,2010-09-24,8420,588.7,84061,Low,Southwest,TN,Standard
ST-06393,Dollar Tree #6393,2010-03-27,9407,7751.5,82757,Medium,Southeast,WI,Standard
ST-06394,Dollar Tree #6394,2005-04-18,13197,4741.0,65021,Low,Southwest,CA,Standard
ST-06395,Dollar Tree #6395,2017-01-12,10748,6616.2,97703,Low,West,IA,Plus
ST-06396,Dollar Tree #6396,2016-01-01,11726,3119.7,10060,Medium,Southeast,IN,Plus
ST-06397,Dollar Tree #6397,2004-09-13,13088,6381.9,72791,High,Southeast,MS,Combo
ST-06398,Dollar Tree #6398,2020-11-05,6418,10918.5,34986,Low,Southwest,FL,Standard
ST-06399,Dollar Tree #6399,2017-02-25,9474,6939.0,32289,Low,Southeast,KS,Combo
ST-06400,Dollar Tree #6400,2018-08-13,13739,7841.0,31932,Low,Midwest,NC,Standard
ST-06401,Dollar Tree #6401,2011-12-03,13991,7025.5,83571,Low,Southwest,TX,Combo
ST-06402,Dollar Tree #6402,2004-08-24,7098,7511.9,31844,High,West,MI,Standard
ST-06403,Dollar Tree #6403,2021-09-14,7774,4119.2,41157,Medium,West,OH,Combo
ST-06404,Dollar Tree #6404,2012-04-18,10772,9302.0,93465,Medium,Southwest,KY,Combo
ST-06405,Dollar Tree #6405,2008-10-11,8876,7386.3,16948,Medium,Southeast,IA,Combo
ST-06406,Dollar Tree #6406,2007-04-12,8975,10220.3,76080,Medium,Southwest,KS,Standard
ST-06407,Dollar Tree #6407,2016-11-08,8150,4920.0,38252,High,West,AR,Plus
ST-06408,Dollar Tree #6408,2003-07-03,11428,7278.5,55894,Medium,West,MO,Standard
ST-06409,Dollar Tree #6409,2006-01-23,11212,1965.1,63658,Low,Midwest,CT,Plus
ST-06410,Dollar Tree #6410,2019-11-25,6467,11772.3,98671,Medium,Midwest,FL,Plus
ST-06411,Dollar Tree #6411,2014-10-11,11138,7972.0,95469,Low,Southeast,IN,Plus
ST-06412,Dollar Tree #6412,2024-09-20,11588,8821.0,22567,Medium,Midwest,KS,Standard
ST-06413,Dollar Tree #6413,2017-02-26,6581,6836.6,90737,Low,Southwest,KY,Standard
ST-06414,Dollar Tree #6414,2016-05-11,12415,6289.8,80259,High,Southwest,NC,Plus
ST-06415,Dollar Tree #6415,2008-01-27,6361,7000.5,32847,Medium,Southeast,SC,Plus
ST-06416,Dollar Tree #6416,2012-06-24,10424,10115.4,74651,High,Southeast,TX,Standard
ST-06417,Dollar Tree #6417,2017-11-22,6184,4394.8,12708,Low,West,NV,Plus
ST-06418,Dollar Tree #6418,2009-04-25,11387,8039.7,52179,Medium,Midwest,OK,Standard
ST-06419,Dollar Tree #6419,2021-10-05,8704,4257.4,58969,High,Southwest,WI,Standard
ST-06420,Dollar Tree #6420,2022-12-18,8199,5207.3,88615,High,Northeast,TX,Standard
ST-06421,Dollar Tree #6421,2010-12-21,10604,1512.4,37664,Medium,Southeast,NC,Combo
ST-06422,Dollar Tree #6422,2005-05-20,11288,11778.5,47413,Medium,Mid-Atlantic,CA,Standard
ST-06423,Dollar Tree #6423,2004-06-04,10687,8372.9,61530,High,Southwest,NV,Standard
ST-06424,Dollar Tree #6424,2009-12-09,12398,5214.6,91460,Medium,Southwest,OR,Plus
ST-06425,Dollar Tree #6425,2005-05-18,9925,5915.9,70041,Medium,Southeast,NV,Standard
ST-06426,Dollar Tree #6426,2021-09-07,8730,5385.7,97734,Medium,West,TX,Plus
ST-06427,Dollar Tree #6427,2003-11-02,6302,8650.2,64731,Low,Midwest,KY,Plus
ST-06428,Dollar Tree #6428,2009-11-25,11528,1149.9,11882,Medium,Southeast,CA,Combo
ST-06429,Dollar Tree #6429,2004-03-07,6126,3929.2,83881,Medium,Midwest,IN,Standard
ST-06430,Dollar Tree #6430,2006-07-18,12345,7899.3,34541,Medium,Southwest,AZ,Standard
ST-06431,Dollar Tree #6431,2014-06-24,8926,4295.1,53497,Medium,Southwest,SC,Standard
ST-06432,Dollar Tree #6432,2012-09-12,6200,8751.7,65862,Medium,Midwest,WI,Plus
ST-06433,Dollar Tree #6433,2016-03-22,9283,3856.6,76866,Medium,Northeast,GA,Standard
ST-06434,Dollar Tree #6434,2001-01-06,8813,4357.7,63111,High,Midwest,VA,Standard
ST-06435,Dollar Tree #6435,2007-05-15,11093,6214.6,27856,Medium,Midwest,KY,Combo
ST-06436,Dollar Tree #6436,2016-05-10,9728,271.4,25501,High,Mid-Atlantic,MI,Standard
ST-06437,Dollar Tree #6437,2001-06-22,12104,4750.5,35667,Medium,Northeast,TN,Plus
ST-06438,Dollar Tree #6438,2010-11-04,12985,974.9,23690,Medium,Southwest,KY,Standard
ST-06439,Dollar Tree #6439,2006-09-21,9611,10295.0,57706,High,West,NJ,Standard
ST-06440,Dollar Tree #6440,2018-05-06,7459,6983.4,23525,High,Southeast,GA,Combo
ST-06441,Dollar Tree #6441,2004-05-03,11046,8079.3,70327,Medium,Mid-Atlantic,FL,Standard
ST-06442,Dollar Tree #6442,2016-01-28,6884,8623.2,59470,Medium,Mid-Atlantic,MS,Plus
ST-06443,Dollar Tree #6443,2009-04-13,6422,9991.9,81500,Medium,Northeast,KS,Plus
ST-06444,Dollar Tree #6444,2016-06-20,7271,5374.2,43855,Low,Mid-Atlantic,TN,Plus
ST-06445,Dollar Tree #6445,2024-05-16,8071,11986.0,36934,High,Midwest,IA,Plus
ST-06446,Dollar Tree #6446,2012-12-17,10368,7071.2,76275,Medium,Northeast,AZ,Combo
ST-06447,Dollar Tree #6447,2023-02-23,13557,6412.0,72981,Medium,Southwest,MI,Combo
ST-06448,Dollar Tree #6448,2010-09-22,6456,6568.1,34779,Low,West,TN,Combo
ST-06449,Dollar Tree #6449,2010-03-24,6551,10881.2,68592,Medium,Mid-Atlantic,CA,Combo
ST-06450,Dollar Tree #6450,2000-06-07,11433,964.5,65039,Low,Midwest,VA,Combo
ST-06451,Dollar Tree #6451,2015-05-02,7146,10898.8,79667,Medium,Midwest,CO,Standard
ST-06452,Dollar Tree #6452,2017-08-14,10695,3987.8,84092,Low,Mid-Atlantic,OH,Plus
ST-06453,Dollar Tree #6453,2016-02-08,6284,6052.8,41689,Medium,Southeast,NY,Plus
ST-06454,Dollar Tree #6454,2022-12-08,8855,7062.0,50245,Low,Southeast,CT,Standard
ST-06455,Dollar Tree #6455,2024-12-09,8685,7079.4,32600,Low,Southeast,MS,Standard
ST-06456,Dollar Tree #6456,2022-09-02,13902,9039.9,47876,Medium,Midwest,AR,Plus
ST-06457,Dollar Tree #6457,2002-02-25,9139,11927.0,70978,Medium,Southeast,VA,Standard
ST-06458,Dollar Tree #6458,2009-10-05,10213,9895.1,36366,Low,Southwest,OR,Standard
ST-06459,Dollar Tree #6459,2004-04-04,9806,3225.9,14364,Low,West,CT,Standard
ST-06460,Dollar Tree #6460,2001-07-01,12399,7649.6,73516,Medium,Southeast,AR,Standard
ST-06461,Dollar Tree #6461,2008-04-07,8292,8220.7,10269,Low,Mid-Atlantic,NV,Combo
ST-06462,Dollar Tree #6462,2012-04-08,11935,4526.4,46402,Low,Mid-Atlantic,AZ,Combo
ST-06463,Dollar Tree #6463,2005-10-26,10483,8034.8,74922,Low,Southeast,VA,Standard
ST-06464,Dollar Tree #6464,2003-06-24,11915,10535.1,45256,High,Mid-Atlantic,CT,Standard
ST-06465,Dollar Tree #6465,2011-02-16,7070,7865.5,97628,Medium,West,NJ,Standard
ST-06466,Dollar Tree #6466,2008-12-24,12506,7977.5,80252,Medium,Southeast,AZ,Standard
ST-06467,Dollar Tree #6467,2020-03-27,11918,11902.0,53752,Medium,Mid-Atlantic,MO,Standard
ST-06468,Dollar Tree #6468,2005-05-02,13303,3970.8,57211,Low,Northeast,IA,Plus
ST-06469,Dollar Tree #6469,2002-02-08,11020,400.7,44909,Medium,Mid-Atlantic,WI,Plus
ST-06470,Dollar Tree #6470,2004-08-12,12927,7687.8,35732,Medium,Northeast,WI,Plus
ST-06471,Dollar Tree #6471,2001-06-14,10607,9577.6,97114,Low,Southeast,VA,Standard
ST-06472,Dollar Tree #6472,2011-07-08,10170,4573.5,82720,Low,West,IA,Standard
ST-06473,Dollar Tree #6473,2017-05-07,11017,6853.2,67509,Medium,West,MS,Plus
ST-06474,Dollar Tree #6474,2018-09-02,6358,10515.9,57129,Medium,Mid-Atlantic,IL,Standard
ST-06475,Dollar Tree #6475,2016-01-15,11109,11688.4,26485,Medium,Mid-Atlantic,AZ,Standard
ST-06476,Dollar Tree #6476,2018-11-10,6082,3787.0,69762,Medium,Northeast,NY,Plus
ST-06477,Dollar Tree #6477,2010-01-11,9378,8217.0,61338,Medium,Midwest,WI,Plus
ST-06478,Dollar Tree #6478,2024-10-21,13916,9021.7,94610,Medium,Midwest,SC,Plus
ST-06479,Dollar Tree #6479,2018-08-28,12464,9035.0,27441,Low,Southeast,OH,Standard
ST-06480,Dollar Tree #6480,2005-01-09,7967,414.1,62336,Low,Mid-Atlantic,FL,Plus
ST-06481,Dollar Tree #6481,2003-01-27,9519,10260.4,71516,Low,Mid-Atlantic,KS,Standard
ST-06482,Dollar Tree #6482,2012-04-11,10847,1126.7,98035,Low,Midwest,OR,Standard
ST-06483,Dollar Tree #6483,2001-03-18,9259,1484.0,28928,Low,Southeast,SC,Plus
ST-06484,Dollar Tree #6484,2021-02-09,6016,8646.1,27249,High,Midwest,NM,Standard
ST-06485,Dollar Tree #6485,2009-03-05,8140,8911.3,30473,Low,Midwest,GA,Standard
ST-06486,Dollar Tree #6486,2004-04-23,7077,9333.2,17304,Low,Northeast,NY,Standard
ST-06487,Dollar Tree #6487,2004-08-17,13686,7322.5,81378,High,Mid-Atlantic,OH,Standard
ST-06488,Dollar Tree #6488,2021-04-11,6502,7760.2,74003,Medium,Northeast,OR,Standard
ST-06489,Dollar Tree #6489,2010-04-25,7325,7329.2,59890,Low,Mid-Atlantic,MO,Plus
ST-06490,Dollar Tree #6490,2005-10-09,13325,8890.9,78084,Medium,Southwest,CT,Plus
ST-06491,Dollar Tree #6491,2012-05-02,13369,9258.0,88129,Medium,Southwest,AL,Standard
ST-06492,Dollar Tree #6492,2006-07-03,13414,3445.8,82329,Low,Northeast,KY,Plus
ST-06493,Dollar Tree #6493,2001-10-02,9212,3102.6,41127,Medium,Northeast,PA,Plus
ST-06494,Dollar Tree #6494,2006-02-24,13943,4145.4,71588,High,Southeast,TN,Standard
ST-06495,Dollar Tree #6495,2015-12-25,7620,5266.0,87031,Low,Midwest,VA,Plus
ST-06496,Dollar Tree #6496,2021-09-19,9855,8550.8,69622,Low,West,CT,Combo
ST-06497,Dollar Tree #6497,2005-12-10,7591,11366.9,30473,Low,Midwest,TN,Standard
ST-06498,Dollar Tree #6498,2019-03-06,7524,11901.0,79478,Low,Southeast,WI,Combo
ST-06499,Dollar Tree #6499,2002-04-17,13690,11148.1,33147,High,Southeast,IL,Standard
ST-06500,Dollar Tree #6500,2019-01-13,7184,5927.1,13592,Medium,Mid-Atlantic,MI,Standard
ST-06501,Dollar Tree #6501,2023-11-04,8276,3731.7,32514,Medium,Midwest,NM,Standard
ST-06502,Dollar Tree #6502,2005-10-05,8061,9769.5,60838,Medium,Mid-Atlantic,TX,Plus
ST-06503,Dollar Tree #6503,2021-11-19,7806,6988.3,39713,High,Mid-Atlantic,NJ,Standard
ST-06504,Dollar Tree #6504,2008-07-06,11686,11592.0,34795,Low,Mid-Atlantic,IN,Standard
ST-06505,Dollar Tree #6505,2003-06-07,13037,4235.7,40708,Low,Mid-Atlantic,WI,Plus
ST-06506,Dollar Tree #6506,2016-11-19,8991,9495.6,20444,High,West,TX,Standard
ST-06507,Dollar Tree #6507,2007-01-19,11234,8986.1,54600,Medium,Southwest,NJ,Plus
ST-06508,Dollar Tree #6508,2011-01-17,11728,11897.3,55267,Medium,Southeast,GA,Standard
ST-06509,Dollar Tree #6509,2023-12-22,7565,365.3,73183,Low,West,TN,Standard
ST-06510,Dollar Tree #6510,2017-07-20,12663,3781.3,49056,Medium,Mid-Atlantic,IN,Standard
ST-06511,Dollar Tree #6511,2014-12-21,12170,4331.0,91234,Low,Midwest,SC,Standard
ST-06512,Dollar Tree #6512,2023-06-21,9119,10459.4,15418,Medium,Mid-Atlantic,IA,Plus
ST-06513,Dollar Tree #6513,2018-03-22,12868,1844.9,96584,Low,Mid-Atlantic,OH,Standard
ST-06514,Dollar Tree #6514,2004-11-22,9022,9673.6,93249,High,Mid-Atlantic,NC,Combo
ST-06515,Dollar Tree #6515,2003-02-24,11471,932.8,58228,Medium,Mid-Atlantic,TN,Standard
ST-06516,Dollar Tree #6516,2020-05-03,7170,5189.3,63497,Medium,Southwest,NV,Combo
ST-06517,Dollar Tree #6517,2016-01-26,11303,11216.4,44774,Low,Mid-Atlantic,VA,Plus
ST-06518,Dollar Tree #6518,2012-05-16,6290,3130.6,65613,Medium,Southeast,AR,Standard
ST-06519,Dollar Tree #6519,2024-06-25,7626,11745.3,30431,Low,Southwest,VA,Standard
ST-06520,Dollar Tree #6520,2023-12-08,7148,11744.1,93089,Low,Midwest,GA,Standard
ST-06521,Dollar Tree #6521,2001-12-22,13419,10757.7,37230,Medium,Northeast,NJ,Standard
ST-06522,Dollar Tree #6522,2022-05-07,12511,1613.2,89783,Low,Midwest,OK,Plus
ST-06523,Dollar Tree #6523,2017-04-21,13457,555.9,57861,Low,Mid-Atlantic,FL,Combo
ST-06524,Dollar Tree #6524,2005-03-12,7338,8904.0,62671,Medium,West,IN,Standard
ST-06525,Dollar Tree #6525,2014-09-15,6505,5331.4,95265,High,Mid-Atlantic,AZ,Standard
ST-06526,Dollar Tree #6526,2009-03-17,9388,7601.6,40507,Low,Southwest,OK,Combo
ST-06527,Dollar Tree #6527,2000-08-17,6649,8867.6,19068,High,Northeast,NY,Standard
ST-06528,Dollar Tree #6528,2009-05-17,12319,309.4,61344,Medium,Mid-Atlantic,MI,Standard
ST-06529,Dollar Tree #6529,2003-02-24,10171,5891.9,86862,High,Northeast,TX,Standard
ST-06530,Dollar Tree #6530,2008-10-03,12771,844.8,18091,Medium,Southeast,OR,Standard
ST-06531,Dollar Tree #6531,2022-02-24,12880,9706.1,84713,Low,Northeast,MI,Plus
ST-06532,Dollar Tree #6532,2019-04-01,11840,11499.9,47901,Low,Midwest,FL,Standard
ST-06533,Dollar Tree #6533,2002-01-15,6328,8120.7,45978,High,Southeast,FL,Standard
ST-06534,Dollar Tree #6534,2011-06-26,6076,2760.9,57766,High,West,WI,Plus
ST-06535,Dollar Tree #6535,2017-06-02,9170,5100.0,66446,Medium,Midwest,KY,Standard
ST-06536,Dollar Tree #6536,2008-02-09,10279,2889.7,19433,Medium,Southwest,TX,Plus
ST-06537,Dollar Tree #6537,2011-02-09,11893,1752.8,70008,Medium,Northeast,OK,Standard
ST-06538,Dollar Tree #6538,2002-06-25,7886,6570.6,25054,Low,Midwest,NY,Standard
ST-06539,Dollar Tree #6539,2002-12-14,7426,10407.2,71719,Low,Midwest,IL,Standard
ST-06540,Dollar Tree #6540,2019-04-09,6916,622.0,23767,High,Southwest,VA,Standard
ST-06541,Dollar Tree #6541,2020-05-23,13153,6087.1,51628,Medium,Southeast,NY,Combo
ST-06542,Dollar Tree #6542,2001-08-07,10089,10780.9,34496,Low,Northeast,IN,Standard
ST-06543,Dollar Tree #6543,2010-12-02,10470,7845.8,50131,Medium,Mid-Atlantic,CT,Standard
ST-06544,Dollar Tree #6544,2009-01-18,10239,5356.1,14519,High,West,TN,Combo
ST-06545,Dollar Tree #6545,2018-03-11,12273,11354.0,40774,Medium,Northeast,NY,Combo
ST-06546,Dollar Tree #6546,2000-10-24,11364,7434.6,41136,Low,West,NY,Combo
ST-06547,Dollar Tree #6547,2008-01-01,12646,7222.0,99523,Medium,Northeast,OH,Combo
ST-06548,Dollar Tree #6548,2019-08-23,6906,11928.5,86969,Low,Mid-Atlantic,OR,Combo
ST-06549,Dollar Tree #6549,2005-09-17,9665,10319.9,50095,High,Northeast,VA,Combo
ST-06550,Dollar Tree #6550,2018-05-20,7228,9646.2,44693,High,Southeast,MI,Combo
ST-06551,Dollar Tree #6551,2010-01-05,9319,5231.2,94511,Low,Southwest,GA,Plus
ST-06552,Dollar Tree #6552,2022-07-21,10876,10279.9,67323,Medium,West,FL,Standard
ST-06553,Dollar Tree #6553,2001-06-03,13800,9238.1,84124,High,Mid-Atlantic,PA,Combo
ST-06554,Dollar Tree #6554,2014-03-27,8220,2430.5,65845,Medium,Southwest,MO,Plus
ST-06555,Dollar Tree #6555,2016-04-22,9157,5575.1,76531,Low,Northeast,MO,Standard
ST-06556,Dollar Tree #6556,2016-12-05,8059,11535.5,75970,Medium,Southeast,KY,Standard
ST-06557,Dollar Tree #6557,2002-12-23,13055,10659.6,35034,High,Northeast,NJ,Plus
ST-06558,Dollar Tree #6558,2018-03-02,10603,2327.4,42630,Medium,Southwest,FL,Combo
ST-06559,Dollar Tree #6559,2012-11-06,6132,1171.7,29795,Medium,Midwest,CT,Standard
ST-06560,Dollar Tree #6560,2021-03-13,11279,10143.3,62582,Low,Mid-Atlantic,SC,Plus
ST-06561,Dollar Tree #6561,2018-07-25,6904,11735.1,12608,Medium,Midwest,TX,Combo
ST-06562,Dollar Tree #6562,2007-10-01,12080,6902.2,96283,High,Mid-Atlantic,MO,Plus
ST-06563,Dollar Tree #6563,2015-04-25,9375,443.5,79288,Medium,Southeast,NV,Standard
ST-06564,Dollar Tree #6564,2006-10-20,11309,11648.1,15772,Medium,Southwest,OR,Plus
ST-06565,Dollar Tree #6565,2020-08-14,6070,9546.1,54612,Medium,Northeast,WI,Combo
ST-06566,Dollar Tree #6566,2000-11-02,8783,10011.4,16378,High,West,CA,Plus
ST-06567,Dollar Tree #6567,2006-01-14,11126,7538.4,57278,Low,Mid-Atlantic,OR,Plus
ST-06568,Dollar Tree #6568,2024-09-27,6292,4347.5,58597,Medium,Midwest,MI,Standard
ST-06569,Dollar Tree #6569,2018-10-24,8358,9343.1,26620,Medium,Southeast,TN,Standard
ST-06570,Dollar Tree #6570,2012-01-12,6105,8450.2,88148,High,West,CO,Standard
ST-06571,Dollar Tree #6571,2014-07-03,10761,1588.3,92620,Medium,Northeast,CT,Standard
ST-06572,Dollar Tree #6572,2019-09-07,9383,6021.1,44541,Medium,Northeast,GA,Standard
ST-06573,Dollar Tree #6573,2002-08-15,8286,6849.2,22265,Low,Southwest,TN,Plus
ST-06574,Dollar Tree #6574,2010-06-01,13938,8378.6,97540,Low,Midwest,IL,Plus
ST-06575,Dollar Tree #6575,2010-11-28,7630,8906.2,23790,Medium,Southwest,NJ,Combo
ST-06576,Dollar Tree #6576,2021-03-06,11085,4002.5,80566,Low,West,AZ,Standard
ST-06577,Dollar Tree #6577,2006-10-02,7744,5209.1,48159,Medium,Southwest,IN,Standard
ST-06578,Dollar Tree #6578,2012-08-12,12991,2599.9,52597,Low,Midwest,GA,Standard
ST-06579,Dollar Tree #6579,2021-12-16,8330,2582.9,27908,Medium,Northeast,WI,Standard
ST-06580,Dollar Tree #6580,2005-01-15,10470,728.2,13377,Low,Southwest,SC,Standard
ST-06581,Dollar Tree #6581,2000-02-01,8040,7681.3,10723,Medium,Southeast,KS,Standard
ST-06582,Dollar Tree #6582,2008-02-27,12295,4979.2,88286,High,West,TX,Plus
ST-06583,Dollar Tree #6583,2014-06-16,11769,6339.0,56340,Low,Southwest,AZ,Standard
ST-06584,Dollar Tree #6584,2018-01-16,13209,4875.7,50950,Medium,West,CA,Standard
ST-06585,Dollar Tree #6585,2007-10-10,12101,8122.4,62255,High,Northeast,TN,Combo
ST-06586,Dollar Tree #6586,2004-03-23,7383,11825.3,68184,Low,Southwest,NY,Standard
ST-06587,Dollar Tree #6587,2010-05-25,11309,9541.0,14928,Low,Mid-Atlantic,AZ,Standard
ST-06588,Dollar Tree #6588,2023-03-17,11322,3766.8,64036,Medium,Mid-Atlantic,VA,Plus
ST-06589,Dollar Tree #6589,2004-02-23,10345,7135.5,60208,Medium,West,MS,Plus
ST-06590,Dollar Tree #6590,2008-10-19,13353,2763.2,35162,High,West,IN,Standard
ST-06591,Dollar Tree #6591,2011-04-20,13892,948.0,15590,Low,Southeast,SC,Standard
ST-06592,Dollar Tree #6592,2017-08-14,6690,9461.8,49810,Medium,Midwest,GA,Combo
ST-06593,Dollar Tree #6593,2022-04-22,11536,9265.4,40388,Medium,Mid-Atlantic,KY,Standard
ST-06594,Dollar Tree #6594,2019-01-17,8697,5372.6,39192,High,Southwest,CO,Standard
ST-06595,Dollar Tree #6595,2014-07-25,7770,1435.3,38549,High,Midwest,OH,Combo
ST-06596,Dollar Tree #6596,2018-01-01,7298,3569.0,87809,Low,Mid-Atlantic,MO,Plus
ST-06597,Dollar Tree #6597,2010-03-28,7660,3685.8,96308,Low,Midwest,FL,Standard
ST-06598,Dollar Tree #6598,2003-07-16,9303,8874.8,78556,Medium,Southwest,CA,Standard
ST-06599,Dollar Tree #6599,2000-07-14,13157,3944.6,91485,Medium,West,OK,Standard
ST-06600,Dollar Tree #6600,2022-05-05,12021,4560.3,65252,Medium,West,PA,Plus
ST-06601,Dollar Tree #6601,2006-09-27,8700,3156.4,93704,Low,Mid-Atlantic,OK,Standard
ST-06602,Dollar Tree #6602,2023-05-21,8758,409.6,40482,Medium,West,AZ,Standard
ST-06603,Dollar Tree #6603,2016-04-24,8078,4648.7,61125,Medium,Northeast,WI,Standard
ST-06604,Dollar Tree #6604,2008-05-20,10350,4817.4,15708,Low,West,OR,Plus
ST-06605,Dollar Tree #6605,2010-04-06,11630,6759.5,39220,Low,Midwest,OK,Standard
ST-06606,Dollar Tree #6606,2000-08-01,9819,10725.9,23684,Medium,Northeast,MS,Standard
ST-06607,Dollar Tree #6607,2022-09-23,10064,6293.4,12998,Low,Midwest,CA,Plus
ST-06608,Dollar Tree #6608,2022-11-26,7850,10961.9,41293,Medium,Midwest,FL,Standard
ST-06609,Dollar Tree #6609,2019-09-05,10938,11903.1,42960,Medium,Midwest,IA,Standard
ST-06610,Dollar Tree #6610,2016-04-07,12379,6054.9,78272,Low,Midwest,KY,Plus
ST-06611,Dollar Tree #6611,2024-12-10,7185,10625.9,13097,Medium,Midwest,GA,Plus
ST-06612,Dollar Tree #6612,2004-01-27,7638,7219.0,98253,Low,Mid-Atlantic,OR,Standard
ST-06613,Dollar Tree #6613,2014-09-14,9663,5468.2,53639,Medium,Northeast,CA,Standard
ST-06614,Dollar Tree #6614,2006-12-11,9966,9586.0,93497,High,Southwest,OR,Standard
ST-06615,Dollar Tree #6615,2020-04-13,13033,5537.6,38478,Medium,Northeast,NC,Standard
ST-06616,Dollar Tree #6616,2008-08-09,6692,11942.1,22209,Medium,Mid-Atlantic,GA,Standard
ST-06617,Dollar Tree #6617,2019-06-14,9405,8563.6,94051,Medium,West,NV,Combo
ST-06618,Dollar Tree #6618,2005-12-09,11345,3056.5,49548,Medium,Midwest,FL,Plus
ST-06619,Dollar Tree #6619,2016-03-23,9683,8238.0,74940,Medium,Southeast,CA,Plus
ST-06620,Dollar Tree #6620,2002-05-28,13474,4814.0,20489,Medium,Mid-Atlantic,NC,Standard
ST-06621,Dollar Tree #6621,2019-07-10,6210,10798.2,17889,Low,Mid-Atlantic,AL,Standard
ST-06622,Dollar Tree #6622,2010-07-22,10184,9522.8,98717,Medium,West,KY,Plus
ST-06623,Dollar Tree #6623,2004-08-17,8043,7585.3,82988,Medium,Southwest,MO,Plus
ST-06624,Dollar Tree #6624,2010-05-01,7098,2848.1,71747,Low,Midwest,NJ,Standard
ST-06625,Dollar Tree #6625,2006-08-09,11396,10561.3,26739,Medium,Mid-Atlantic,MS,Standard
ST-06626,Dollar Tree #6626,2013-06-26,12660,7809.4,66562,Medium,Southeast,AL,Standard
ST-06627,Dollar Tree #6627,2021-07-16,8965,4784.2,69542,Medium,Midwest,VA,Combo
ST-06628,Dollar Tree #6628,2008-01-08,12382,3798.4,93085,Medium,West,GA,Plus
ST-06629,Dollar Tree #6629,2014-06-20,8932,4085.0,62338,High,Midwest,KY,Standard
ST-06630,Dollar Tree #6630,2005-11-02,13012,7024.9,67414,Low,Midwest,NC,Standard
ST-06631,Dollar Tree #6631,2015-07-12,10131,10540.6,36330,Medium,Mid-Atlantic,IA,Combo
ST-06632,Dollar Tree #6632,2000-02-18,11968,7929.7,60474,High,West,OH,Plus
ST-06633,Dollar Tree #6633,2001-05-28,7966,6235.0,53405,High,Southeast,KS,Plus
ST-06634,Dollar Tree #6634,2014-02-28,13176,4367.6,77856,Low,Midwest,KY,Combo
ST-06635,Dollar Tree #6635,2024-05-08,6201,1751.2,86415,Medium,Mid-Atlantic,OK,Plus
ST-06636,Dollar Tree #6636,2022-04-18,8604,3866.6,33165,Medium,Northeast,PA,Plus
ST-06637,Dollar Tree #6637,2024-05-27,13271,6520.3,10971,Medium,Mid-Atlantic,TN,Plus
ST-06638,Dollar Tree #6638,2016-07-23,11931,10700.6,91277,High,West,KY,Plus
ST-06639,Dollar Tree #6639,2001-09-23,9697,4926.7,43415,High,Southeast,MO,Standard
ST-06640,Dollar Tree #6640,2009-08-26,9812,1422.5,56000,Medium,West,IN,Standard
ST-06641,Dollar Tree #6641,2015-09-03,8796,10693.1,26068,Medium,Southeast,FL,Combo
ST-06642,Dollar Tree #6642,2015-04-13,13638,5789.8,21246,Low,Mid-Atlantic,WI,Combo
ST-06643,Dollar Tree #6643,2015-04-03,8390,436.6,93860,Low,Northeast,AL,Combo
ST-06644,Dollar Tree #6644,2003-07-14,9402,10432.2,25766,Medium,Southeast,MI,Combo
ST-06645,Dollar Tree #6645,2021-11-13,11057,8747.7,78514,High,West,KY,Combo
ST-06646,Dollar Tree #6646,2013-08-13,7411,11241.4,19961,Medium,Southeast,OH,Standard
ST-06647,Dollar Tree #6647,2014-10-21,11160,2339.9,43768,Medium,Southwest,KY,Plus
ST-06648,Dollar Tree #6648,2013-08-02,11627,5579.0,61435,Medium,Northeast,KY,Standard
ST-06649,Dollar Tree #6649,2016-11-19,8943,5631.0,28473,Medium,Southwest,SC,Standard
ST-06650,Dollar Tree #6650,2022-03-07,13836,3922.3,29835,Medium,West,CA,Standard
ST-06651,Dollar Tree #6651,2019-04-10,12213,1028.1,67865,Low,Midwest,VA,Standard
ST-06652,Dollar Tree #6652,2004-05-16,12818,10489.3,22567,Low,Midwest,NV,Standard
ST-06653,Dollar Tree #6653,2016-03-28,7480,11393.9,83055,Low,West,VA,Standard
ST-06654,Dollar Tree #6654,2014-02-26,10945,11621.8,69106,Low,Southwest,IN,Plus
ST-06655,Dollar Tree #6655,2020-07-22,10962,2529.5,25331,Low,Northeast,MS,Plus
ST-06656,Dollar Tree #6656,2009-06-08,10534,2518.0,62461,Medium,Southeast,NJ,Standard
ST-06657,Dollar Tree #6657,2000-04-12,8005,3068.3,32915,High,Northeast,CA,Standard
ST-06658,Dollar Tree #6658,2005-06-10,11718,4961.3,52926,Medium,Northeast,MI,Plus
ST-06659,Dollar Tree #6659,2018-11-20,8934,10219.1,68851,Medium,Northeast,GA,Standard
ST-06660,Dollar Tree #6660,2022-08-01,8952,5257.4,96238,High,Southeast,NJ,Plus
ST-06661,Dollar Tree #6661,2006-03-02,6548,10807.9,38364,Medium,Midwest,NJ,Plus
ST-06662,Dollar Tree #6662,2006-07-28,9857,7469.7,77582,High,Southeast,TN,Plus
ST-06663,Dollar Tree #6663,2013-04-14,11183,10250.3,49360,High,Midwest,CT,Standard
ST-06664,Dollar Tree #6664,2018-09-04,6248,8008.0,35426,Low,Southwest,KS,Plus
ST-06665,Dollar Tree #6665,2024-04-19,7143,7678.4,59415,High,Northeast,NC,Standard
ST-06666,Dollar Tree #6666,2018-05-05,11046,7396.0,28368,Low,Northeast,CO,Standard
ST-06667,Dollar Tree #6667,2008-08-09,13839,2707.2,92666,Medium,Northeast,TN,Plus
ST-06668,Dollar Tree #6668,2021-08-18,13370,2199.9,85477,Medium,Mid-Atlantic,IL,Plus
ST-06669,Dollar Tree #6669,2015-03-28,6972,1313.9,12427,Low,West,PA,Combo
ST-06670,Dollar Tree #6670,2018-10-17,7572,7132.8,88094,Low,Northeast,NJ,Standard
ST-06671,Dollar Tree #6671,2024-11-25,11550,11722.6,91484,Medium,Midwest,MO,Plus
ST-06672,Dollar Tree #6672,2002-07-18,12160,918.7,92322,Medium,West,CA,Standard
ST-06673,Dollar Tree #6673,2001-05-24,13921,10288.1,10803,Medium,Mid-Atlantic,OR,Standard
ST-06674,Dollar Tree #6674,2013-09-01,6649,9685.5,36288,Low,Midwest,IL,Standard
ST-06675,Dollar Tree #6675,2013-01-12,10043,3291.5,34348,Low,Mid-Atlantic,NV,Standard
ST-06676,Dollar Tree #6676,2003-06-09,10704,4122.0,92753,High,Mid-Atlantic,KY,Plus
ST-06677,Dollar Tree #6677,2004-10-03,12214,8264.1,88018,High,Northeast,CO,Plus
ST-06678,Dollar Tree #6678,2019-11-02,10933,10398.6,40794,Medium,Midwest,FL,Plus
ST-06679,Dollar Tree #6679,2020-07-11,13817,8452.4,26886,Low,Midwest,AL,Standard
ST-06680,Dollar Tree #6680,2017-11-07,12440,4895.4,84713,Low,Northeast,TN,Plus
ST-06681,Dollar Tree #6681,2000-02-25,6672,4215.9,96721,Low,Mid-Atlantic,TN,Standard
ST-06682,Dollar Tree #6682,2019-07-10,7722,7379.9,57699,High,Southeast,KY,Standard
ST-06683,Dollar Tree #6683,2019-08-07,7033,894.1,86466,Medium,Northeast,NY,Standard
ST-06684,Dollar Tree #6684,2006-06-07,12587,7642.4,13797,Medium,Southeast,OH,Standard
ST-06685,Dollar Tree #6685,2013-12-06,13594,3837.5,83477,Medium,Mid-Atlantic,KS,Plus
ST-06686,Dollar Tree #6686,2020-12-27,13937,6566.1,49378,Medium,Southwest,CA,Standard
ST-06687,Dollar Tree #6687,2013-05-18,13237,8471.6,52297,Medium,Northeast,OK,Plus
ST-06688,Dollar Tree #6688,2018-12-07,7335,8666.4,14140,Medium,Mid-Atlantic,NV,Plus
ST-06689,Dollar Tree #6689,2024-11-26,8369,1377.0,93911,Medium,Southeast,NJ,Standard
ST-06690,Dollar Tree #6690,2018-02-21,6012,2966.5,94403,Medium,Northeast,OR,Plus
ST-06691,Dollar Tree #6691,2024-07-16,9609,8309.2,91850,High,Midwest,PA,Standard
ST-06692,Dollar Tree #6692,2016-06-22,10131,10235.8,59641,Medium,Mid-Atlantic,CA,Standard
ST-06693,Dollar Tree #6693,2022-04-20,8133,1904.0,11836,Low,West,OK,Combo
ST-06694,Dollar Tree #6694,2016-10-05,8675,9329.2,80756,High,Midwest,MO,Plus
ST-06695,Dollar Tree #6695,2006-10-23,12708,11534.6,15909,Low,Southwest,TX,Standard
ST-06696,Dollar Tree #6696,2014-08-07,12156,1174.1,16782,Medium,West,MS,Plus
ST-06697,Dollar Tree #6697,2013-10-21,11634,3809.2,56501,Low,Mid-Atlantic,CA,Plus
ST-06698,Dollar Tree #6698,2008-09-15,13760,6704.4,34755,Medium,Northeast,CT,Plus
ST-06699,Dollar Tree #6699,2011-12-21,6963,11105.6,11868,Medium,Northeast,CT,Standard
ST-06700,Dollar Tree #6700,2017-02-08,11819,10165.1,60631,Low,Southwest,NV,Standard
ST-06701,Dollar Tree #6701,2000-01-09,10216,9873.1,49900,High,Mid-Atlantic,NY,Combo
ST-06702,Dollar Tree #6702,2024-12-05,11587,2469.2,42877,Medium,Northeast,TX,Combo
ST-06703,Dollar Tree #6703,2018-05-22,8665,2151.9,52838,Low,Mid-Atlantic,AL,Plus
ST-06704,Dollar Tree #6704,2004-06-27,8958,5290.1,45594,Medium,Northeast,NM,Standard
ST-06705,Dollar Tree #6705,2021-12-25,11671,9399.0,83922,Medium,Southwest,CA,Standard
ST-06706,Dollar Tree #6706,2001-10-07,11417,1724.6,53689,Low,West,NC,Standard
ST-06707,Dollar Tree #6707,2015-07-04,6906,1335.6,50357,Medium,Southeast,OH,Standard
ST-06708,Dollar Tree #6708,2024-12-02,10906,4993.4,54929,Low,Mid-Atlantic,TN,Standard
ST-06709,Dollar Tree #6709,2004-02-13,12699,9497.1,83869,Medium,West,FL,Combo
ST-06710,Dollar Tree #6710,2020-01-01,6630,958.5,37136,Low,Mid-Atlantic,TX,Standard
ST-06711,Dollar Tree #6711,2013-08-19,12763,4702.2,58323,High,Southwest,KY,Plus
ST-06712,Dollar Tree #6712,2007-03-08,10492,8778.4,35186,Medium,West,MI,Standard
ST-06713,Dollar Tree #6713,2009-04-10,8306,4838.4,32264,Low,West,TX,Combo
ST-06714,Dollar Tree #6714,2015-05-22,10937,7789.2,51128,Low,West,OK,Combo
ST-06715,Dollar Tree #6715,2018-11-01,8807,8815.4,58131,Low,West,IA,Combo
ST-06716,Dollar Tree #6716,2008-03-17,11251,1010.5,81224,Low,Southwest,PA,Standard
ST-06717,Dollar Tree #6717,2014-08-06,6702,510.1,75788,Medium,Southeast,IN,Standard
ST-06718,Dollar Tree #6718,2003-01-27,13683,4597.6,20429,Medium,Mid-Atlantic,IN,Plus
ST-06719,Dollar Tree #6719,2016-12-27,12140,10528.0,58906,Medium,Midwest,FL,Plus
ST-06720,Dollar Tree #6720,2009-10-12,11883,11701.1,58241,Low,West,TN,Standard
ST-06721,Dollar Tree #6721,2007-11-11,7151,1825.2,73427,Low,Southeast,SC,Standard
ST-06722,Dollar Tree #6722,2004-05-25,10296,5858.6,94293,High,Southeast,AL,Plus
ST-06723,Dollar Tree #6723,2001-11-06,6184,10715.2,90900,Low,Mid-Atlantic,NM,Plus
ST-06724,Dollar Tree #6724,2005-07-11,12348,1455.1,94916,Low,Mid-Atlantic,NC,Standard
ST-06725,Dollar Tree #6725,2001-05-21,8749,10123.9,77593,Low,Southeast,NY,Standard
ST-06726,Dollar Tree #6726,2011-07-05,11911,4600.0,17937,Low,Northeast,NV,Standard
ST-06727,Dollar Tree #6727,2008-02-08,6128,379.5,24827,Low,Northeast,MI,Plus
ST-06728,Dollar Tree #6728,2009-05-06,6685,3527.6,70944,High,Southwest,WI,Combo
ST-06729,Dollar Tree #6729,2021-01-28,9041,4162.6,90893,Low,Mid-Atlantic,PA,Plus
ST-06730,Dollar Tree #6730,2015-01-22,7039,5243.6,50078,Medium,Southwest,AZ,Plus
ST-06731,Dollar Tree #6731,2020-08-20,10781,8885.2,77914,Medium,Mid-Atlantic,OH,Standard
ST-06732,Dollar Tree #6732,2012-11-19,9572,7846.0,50071,Low,Northeast,IL,Standard
ST-06733,Dollar Tree #6733,2000-08-23,9559,9477.9,91019,Medium,Southwest,IN,Standard
ST-06734,Dollar Tree #6734,2022-08-23,9300,2442.0,84021,Medium,West,TX,Standard
ST-06735,Dollar Tree #6735,2014-02-04,11045,10390.2,75418,Medium,Northeast,OK,Standard
ST-06736,Dollar Tree #6736,2020-03-05,6372,1322.8,28878,Medium,Northeast,CT,Standard
ST-06737,Dollar Tree #6737,2004-03-23,9025,11196.8,39281,Low,Mid-Atlantic,OR,Standard
ST-06738,Dollar Tree #6738,2006-09-03,12620,3793.5,37812,Low,Southwest,NV,Standard
ST-06739,Dollar Tree #6739,2013-07-24,13066,7533.2,97093,Medium,Midwest,OK,Standard
ST-06740,Dollar Tree #6740,2013-10-16,6324,5955.3,24680,Medium,West,MS,Combo
ST-06741,Dollar Tree #6741,2018-06-03,12486,1497.3,58506,Medium,West,NV,Plus
ST-06742,Dollar Tree #6742,2004-04-19,6491,10979.4,74843,Low,Midwest,KY,Standard
ST-06743,Dollar Tree #6743,2016-07-01,7489,4947.7,27069,Low,Southwest,KS,Standard
ST-06744,Dollar Tree #6744,2023-05-11,12528,6211.9,47435,High,Southwest,CT,Plus
ST-06745,Dollar Tree #6745,2006-08-03,12655,3517.6,94797,Medium,Southwest,NJ,Standard
ST-06746,Dollar Tree #6746,2016-11-01,8924,7824.4,70230,High,Northeast,FL,Plus
ST-06747,Dollar Tree #6747,2016-05-21,8513,3493.3,17922,Low,Mid-Atlantic,MO,Standard
ST-06748,Dollar Tree #6748,2024-09-20,8092,2205.8,50218,Low,Southwest,CO,Standard
ST-06749,Dollar Tree #6749,2012-07-14,13838,815.5,50574,Medium,Southwest,MS,Combo
ST-06750,Dollar Tree #6750,2014-02-04,10411,6383.5,63361,Low,West,OH,Combo
ST-06751,Dollar Tree #6751,2015-12-15,11280,2799.1,68379,Medium,Midwest,AL,Plus
ST-06752,Dollar Tree #6752,2014-09-24,8389,4623.8,26439,Medium,Southeast,OR,Standard
ST-06753,Dollar Tree #6753,2020-11-21,6838,7758.9,78153,Low,Midwest,TN,Plus
ST-06754,Dollar Tree #6754,2010-05-04,12713,2720.7,53925,Medium,Mid-Atlantic,IA,Combo
ST-06755,Dollar Tree #6755,2011-06-22,9589,7246.6,93463,Low,Mid-Atlantic,IN,Plus
ST-06756,Dollar Tree #6756,2023-01-16,13319,5415.2,17244,Medium,Mid-Atlantic,KY,Standard
ST-06757,Dollar Tree #6757,2010-04-01,6161,1040.6,35669,Low,Midwest,NY,Standard
ST-06758,Dollar Tree #6758,2015-03-12,10814,2269.8,93665,Low,West,KY,Plus
ST-06759,Dollar Tree #6759,2011-07-15,11657,1700.7,16850,Medium,Midwest,VA,Combo
ST-06760,Dollar Tree #6760,2020-03-11,12973,10090.5,75282,Medium,Midwest,KY,Plus
ST-06761,Dollar Tree #6761,2011-07-11,7278,11092.6,62894,Medium,Southeast,IA,Combo
ST-06762,Dollar Tree #6762,2008-04-15,8521,2022.6,27727,Low,Northeast,OH,Standard
ST-06763,Dollar Tree #6763,2001-05-03,6028,5137.0,84820,Medium,Northeast,IN,Standard
ST-06764,Dollar Tree #6764,2012-06-06,11849,928.1,99989,Low,Mid-Atlantic,NC,Plus
ST-06765,Dollar Tree #6765,2014-07-02,11102,5052.1,40392,Medium,Southeast,NJ,Standard
ST-06766,Dollar Tree #6766,2001-10-08,7317,11696.1,85097,Medium,Southwest,CT,Plus
ST-06767,Dollar Tree #6767,2006-03-02,9067,8843.1,65374,High,Midwest,CA,Plus
ST-06768,Dollar Tree #6768,2018-07-21,6929,8141.7,54014,Medium,West,NC,Standard
ST-06769,Dollar Tree #6769,2021-06-05,7781,4883.7,86070,Medium,Northeast,NY,Combo
ST-06770,Dollar Tree #6770,2000-01-26,13279,8193.4,14349,Medium,West,AZ,Plus
ST-06771,Dollar Tree #6771,2012-12-02,8436,890.0,63991,Low,Southeast,OH,Standard
ST-06772,Dollar Tree #6772,2011-02-23,13890,9997.5,51293,Low,West,AZ,Plus
ST-06773,Dollar Tree #6773,2018-03-19,9340,524.1,78552,Medium,Midwest,GA,Standard
ST-06774,Dollar Tree #6774,2008-11-26,7735,3391.7,33348,Low,Northeast,MO,Standard
ST-06775,Dollar Tree #6775,2009-04-03,12471,8280.8,69694,Medium,Southeast,OH,Standard
ST-06776,Dollar Tree #6776,2017-08-09,11061,11187.9,88309,Medium,West,AL,Standard
ST-06777,Dollar Tree #6777,2023-07-16,13638,3658.1,80875,High,Southwest,CA,Standard
ST-06778,Dollar Tree #6778,2015-07-23,11252,5759.8,79440,Medium,Southeast,NV,Plus
ST-06779,Dollar Tree #6779,2024-09-02,6967,1425.2,37081,Low,Mid-Atlantic,NJ,Standard
ST-06780,Dollar Tree #6780,2021-10-05,13741,2653.0,39166,Medium,Southeast,PA,Standard
ST-06781,Dollar Tree #6781,2014-08-11,6362,3383.2,78718,Low,Southwest,KY,Standard
ST-06782,Dollar Tree #6782,2020-03-09,8282,6693.1,89883,Medium,West,NC,Plus
ST-06783,Dollar Tree #6783,2001-05-28,6898,11130.0,32192,Medium,Northeast,AZ,Combo
ST-06784,Dollar Tree #6784,2023-06-11,11169,3869.7,71221,Medium,Southeast,IL,Combo
ST-06785,Dollar Tree #6785,2018-10-16,6456,1760.8,49037,High,Southwest,FL,Combo
ST-06786,Dollar Tree #6786,2012-10-27,12097,9142.9,50877,Medium,Mid-Atlantic,AZ,Standard
ST-06787,Dollar Tree #6787,2001-03-20,13023,5241.7,94999,High,Midwest,NC,Standard
ST-06788,Dollar Tree #6788,2002-10-24,6364,9139.5,44758,Low,Southwest,IN,Standard
ST-06789,Dollar Tree #6789,2005-10-22,9395,5609.1,14309,Medium,Northeast,IL,Standard
ST-06790,Dollar Tree #6790,2013-03-08,13776,5523.0,34490,Medium,Southwest,OK,Standard
ST-06791,Dollar Tree #6791,2024-06-26,9254,313.4,80424,Medium,Northeast,FL,Plus
ST-06792,Dollar Tree #6792,2018-01-13,8623,9082.2,40843,Low,Southeast,OK,Plus
ST-06793,Dollar Tree #6793,2015-10-03,12230,1561.2,74406,Medium,Midwest,NY,Standard
ST-06794,Dollar Tree #6794,2011-10-23,7403,8242.5,33402,Medium,Northeast,AZ,Plus
ST-06795,Dollar Tree #6795,2009-03-25,7194,1742.7,89551,Low,Midwest,GA,Plus
ST-06796,Dollar Tree #6796,2008-02-18,9629,4098.1,72705,Medium,Northeast,MO,Plus
ST-06797,Dollar Tree #6797,2011-11-16,7325,2086.5,43862,Medium,West,NV,Plus
ST-06798,Dollar Tree #6798,2007-07-14,6115,6095.9,83351,Low,Southeast,OK,Standard
ST-06799,Dollar Tree #6799,2001-09-07,12005,9801.0,35494,Medium,West,IL,Plus
ST-06800,Dollar Tree #6800,2020-02-12,12825,7687.3,33921,Medium,Southwest,WI,Plus
ST-06801,Dollar Tree #6801,2012-11-17,6193,6596.7,12900,Medium,West,NJ,Plus
ST-06802,Dollar Tree #6802,2010-04-02,6206,783.6,28759,Medium,Midwest,TX,Plus
ST-06803,Dollar Tree #6803,2006-12-14,11398,9807.7,46819,Medium,Northeast,CO,Standard
ST-06804,Dollar Tree #6804,2017-01-08,13330,2821.0,21402,Medium,Southeast,OK,Standard
ST-06805,Dollar Tree #6805,2006-08-10,9682,9923.4,75381,Medium,Southeast,AL,Standard
ST-06806,Dollar Tree #6806,2020-03-22,9339,11874.5,75968,Medium,Midwest,KS,Plus
ST-06807,Dollar Tree #6807,2010-05-06,10085,9914.1,26510,Medium,Southeast,CT,Combo
ST-06808,Dollar Tree #6808,2024-04-13,11988,6974.5,76946,Low,Southeast,IA,Standard
ST-06809,Dollar Tree #6809,2000-11-16,7424,9618.8,77510,Low,West,AR,Standard
ST-06810,Dollar Tree #6810,2019-09-04,11166,10937.7,64584,Low,Mid-Atlantic,WI,Standard
ST-06811,Dollar Tree #6811,2018-09-27,12153,563.6,80026,Medium,Mid-Atlantic,CA,Standard
ST-06812,Dollar Tree #6812,2000-10-07,7893,4849.6,33199,Medium,Southeast,NC,Standard
ST-06813,Dollar Tree #6813,2010-03-06,9964,4440.8,43946,Low,Southwest,MO,Standard
ST-06814,Dollar Tree #6814,2004-12-23,11823,8531.5,33520,Low,Southeast,NY,Standard
ST-06815,Dollar Tree #6815,2011-04-05,8622,792.2,22626,Medium,West,KS,Plus
ST-06816,Dollar Tree #6816,2006-03-19,13637,10909.7,43240,Medium,Northeast,FL,Combo
ST-06817,Dollar Tree #6817,2021-07-11,12674,8487.3,18977,Medium,Northeast,SC,Plus
ST-06818,Dollar Tree #6818,2005-05-27,10856,9442.5,23925,Low,Southeast,AL,Plus
ST-06819,Dollar Tree #6819,2013-12-01,13777,8878.3,54698,Medium,Midwest,KS,Standard
ST-06820,Dollar Tree #6820,2020-10-13,9236,8977.7,72770,Low,Mid-Atlantic,FL,Plus
ST-06821,Dollar Tree #6821,2002-04-05,11393,245.1,30321,Low,Mid-Atlantic,AL,Standard
ST-06822,Dollar Tree #6822,2018-12-03,10401,3304.5,62378,Medium,Midwest,KS,Standard
ST-06823,Dollar Tree #6823,2024-07-07,9544,7047.5,97086,Medium,Midwest,NV,Standard
ST-06824,Dollar Tree #6824,2012-08-24,13127,5162.1,57273,Medium,West,CO,Plus
ST-06825,Dollar Tree #6825,2002-10-13,12756,5067.0,68041,Medium,Northeast,CT,Standard
ST-06826,Dollar Tree #6826,2004-04-13,8250,11804.6,84986,High,West,MS,Standard
ST-06827,Dollar Tree #6827,2021-02-28,8370,2967.1,97376,Low,Mid-Atlantic,NC,Standard
ST-06828,Dollar Tree #6828,2021-05-05,8431,7363.8,64800,Low,Southwest,IL,Standard
ST-06829,Dollar Tree #6829,2015-08-16,12258,3404.6,45836,Low,Southeast,PA,Standard
ST-06830,Dollar Tree #6830,2005-11-10,7074,11611.3,24118,High,West,AR,Plus
ST-06831,Dollar Tree #6831,2006-09-03,11473,8844.5,99453,Medium,Northeast,NM,Standard
ST-06832,Dollar Tree #6832,2008-08-07,6851,5553.7,23229,Low,Mid-Atlantic,OH,Plus
ST-06833,Dollar Tree #6833,2011-09-08,11969,6802.3,11932,Medium,Mid-Atlantic,IL,Standard
ST-06834,Dollar Tree #6834,2005-08-04,6199,3721.4,37167,High,Midwest,FL,Standard
ST-06835,Dollar Tree #6835,2010-11-14,11995,2580.7,98090,High,Midwest,GA,Standard
ST-06836,Dollar Tree #6836,2022-08-03,10959,8149.8,92940,Low,Southwest,GA,Standard
ST-06837,Dollar Tree #6837,2024-06-09,9655,7613.0,56991,Medium,Southeast,GA,Combo
ST-06838,Dollar Tree #6838,2020-09-06,8651,3771.8,73539,Medium,West,AL,Standard
ST-06839,Dollar Tree #6839,2022-11-05,6267,4897.1,80700,Low,West,KY,Plus
ST-06840,Dollar Tree #6840,2023-05-11,12328,6702.5,15446,Low,West,NM,Standard
ST-06841,Dollar Tree #6841,2011-08-04,11523,6768.5,85091,High,Northeast,IA,Plus
ST-06842,Dollar Tree #6842,2021-11-17,13961,1206.3,33068,Medium,Midwest,CO,Plus
ST-06843,Dollar Tree #6843,2006-02-10,8639,3135.9,64818,Medium,Northeast,IL,Standard
ST-06844,Dollar Tree #6844,2016-07-04,12444,2831.8,71072,High,Midwest,KS,Plus
ST-06845,Dollar Tree #6845,2002-07-04,9517,9947.2,51774,Medium,Southeast,GA,Plus
ST-06846,Dollar Tree #6846,2021-01-16,12163,8084.7,41054,Medium,Southwest,FL,Standard
ST-06847,Dollar Tree #6847,2015-12-09,9963,247.9,89360,Medium,Southeast,MS,Standard
ST-06848,Dollar Tree #6848,2005-02-15,12467,6438.0,87963,Medium,Northeast,OK,Combo
ST-06849,Dollar Tree #6849,2012-10-25,9695,1857.0,87867,Medium,Southwest,PA,Standard
ST-06850,Dollar Tree #6850,2008-02-18,9522,2202.5,35608,Low,West,IA,Standard
ST-06851,Dollar Tree #6851,2020-07-15,10521,11122.2,92943,Medium,Midwest,CT,Combo
ST-06852,Dollar Tree #6852,2017-07-23,8112,5998.5,43880,Low,Northeast,CO,Standard
ST-06853,Dollar Tree #6853,2020-06-12,8021,10548.9,69382,Medium,Midwest,MS,Standard
ST-06854,Dollar Tree #6854,2008-07-27,6842,5326.6,48661,High,Southeast,SC,Combo
ST-06855,Dollar Tree #6855,2008-01-08,10939,10501.9,26475,Medium,Southwest,VA,Standard
ST-06856,Dollar Tree #6856,2011-08-14,12705,7149.7,17525,Medium,Midwest,FL,Standard
ST-06857,Dollar Tree #6857,2004-06-22,12163,929.3,56220,Medium,Southeast,TN,Combo
ST-06858,Dollar Tree #6858,2023-01-07,10173,4095.1,52221,Low,West,IA,Plus
ST-06859,Dollar Tree #6859,2005-04-04,13704,2679.5,90968,Medium,Southwest,MO,Plus
ST-06860,Dollar Tree #6860,2006-05-07,13647,4435.4,99538,High,Midwest,CO,Plus
ST-06861,Dollar Tree #6861,2003-10-15,13225,9347.6,63646,Low,West,NJ,Plus
ST-06862,Dollar Tree #6862,2012-12-26,11386,6991.8,28580,Medium,Mid-Atlantic,KY,Combo
ST-06863,Dollar Tree #6863,2008-04-16,11671,5002.4,65172,Medium,Southeast,WI,Plus
ST-06864,Dollar Tree #6864,2003-02-15,12655,1567.3,67307,Medium,Southeast,KY,Standard
ST-06865,Dollar Tree #6865,2019-06-12,7599,7344.8,58405,Low,Southwest,OK,Plus
ST-06866,Dollar Tree #6866,2016-10-11,10116,9385.6,26838,Medium,Midwest,SC,Plus
ST-06867,Dollar Tree #6867,2007-01-20,10700,8826.0,29722,Medium,Midwest,VA,Combo
ST-06868,Dollar Tree #6868,2020-05-04,9659,7048.6,90772,Medium,Southeast,FL,Standard
ST-06869,Dollar Tree #6869,2018-12-04,8157,2074.9,19335,Medium,Midwest,MI,Combo
ST-06870,Dollar Tree #6870,2001-10-13,9789,10143.1,29271,Medium,Southeast,SC,Standard
ST-06871,Dollar Tree #6871,2015-05-02,8533,466.6,58503,Low,Mid-Atlantic,OK,Combo
ST-06872,Dollar Tree #6872,2015-11-23,9811,11903.4,12586,Low,Midwest,NC,Plus
ST-06873,Dollar Tree #6873,2013-07-27,12552,9809.6,16552,Medium,Mid-Atlantic,NV,Plus
ST-06874,Dollar Tree #6874,2018-10-16,8625,1107.6,94510,Low,West,TX,Plus
ST-06875,Dollar Tree #6875,2022-11-12,12279,9840.5,22905,Medium,Midwest,TX,Plus
ST-06876,Dollar Tree #6876,2005-04-09,13787,9696.0,23440,Medium,Mid-Atlantic,CA,Standard
ST-06877,Dollar Tree #6877,2003-12-24,6512,6088.5,77288,Low,West,PA,Standard
ST-06878,Dollar Tree #6878,2001-10-05,12741,3949.0,37604,Medium,Northeast,TX,Standard
ST-06879,Dollar Tree #6879,2018-12-12,6366,955.5,22277,Medium,Southwest,NC,Combo
ST-06880,Dollar Tree #6880,2014-03-20,10687,846.8,55539,Medium,Midwest,PA,Standard
ST-06881,Dollar Tree #6881,2015-09-07,11687,7492.8,43089,Medium,Southwest,NJ,Plus
ST-06882,Dollar Tree #6882,2022-05-11,9086,11153.5,47119,Medium,Southeast,AR,Plus
ST-06883,Dollar Tree #6883,2007-04-07,12744,11333.5,93171,Medium,West,NV,Standard
ST-06884,Dollar Tree #6884,2023-07-11,6542,6934.6,15510,Low,Mid-Atlantic,MI,Plus
ST-06885,Dollar Tree #6885,2006-01-18,7129,3676.1,37322,Low,Northeast,TN,Standard
ST-06886,Dollar Tree #6886,2012-11-25,12470,3205.2,44464,Medium,Northeast,IL,Standard
ST-06887,Dollar Tree #6887,2020-12-19,7991,10518.2,48097,Low,Southwest,OK,Plus
ST-06888,Dollar Tree #6888,2023-11-07,7670,3559.5,95381,Low,Mid-Atlantic,KY,Standard
ST-06889,Dollar Tree #6889,2024-12-27,13508,11009.1,24553,Medium,Mid-Atlantic,AR,Standard
ST-06890,Dollar Tree #6890,2003-11-28,10352,2083.3,60188,High,Northeast,NV,Plus
ST-06891,Dollar Tree #6891,2021-04-19,7351,11546.7,18785,Medium,Southwest,IN,Combo
ST-06892,Dollar Tree #6892,2021-09-04,11530,1202.5,13574,Medium,Northeast,PA,Standard
ST-06893,Dollar Tree #6893,2017-09-08,13268,4909.6,85653,High,Southwest,NM,Standard
ST-06894,Dollar Tree #6894,2024-11-05,12535,10113.7,56645,Medium,West,NV,Standard
ST-06895,Dollar Tree #6895,2007-06-14,8536,3391.1,18367,Low,West,KY,Combo
ST-06896,Dollar Tree #6896,2006-06-10,13453,9407.3,34224,Medium,Southwest,GA,Plus
ST-06897,Dollar Tree #6897,2018-12-13,7331,3812.7,12183,High,Southeast,GA,Plus
ST-06898,Dollar Tree #6898,2022-05-20,7178,879.4,19216,Medium,Mid-Atlantic,NJ,Plus
ST-06899,Dollar Tree #6899,2002-05-11,6082,7365.0,88840,High,Northeast,KY,Standard
ST-06900,Dollar Tree #6900,2019-11-12,12284,5855.2,78313,Medium,West,GA,Plus
ST-06901,Dollar Tree #6901,2010-04-19,13788,7742.1,21748,Low,Southwest,KS,Combo
ST-06902,Dollar Tree #6902,2015-04-08,7745,11052.2,34158,Medium,Southwest,VA,Standard
ST-06903,Dollar Tree #6903,2024-05-18,11487,819.1,33331,High,Midwest,AL,Plus
ST-06904,Dollar Tree #6904,2012-09-20,10709,8510.9,40863,Medium,Midwest,SC,Standard
ST-06905,Dollar Tree #6905,2023-06-24,7494,521.2,10211,High,Northeast,KY,Combo
ST-06906,Dollar Tree #6906,2022-11-12,11558,3859.2,50393,Medium,Midwest,MO,Plus
ST-06907,Dollar Tree #6907,2004-01-15,8220,871.9,23742,High,Mid-Atlantic,SC,Plus
ST-06908,Dollar Tree #6908,2000-04-22,7103,2206.7,95422,Medium,Southwest,VA,Plus
ST-06909,Dollar Tree #6909,2019-01-05,8821,9373.0,92197,Medium,West,GA,Plus
ST-06910,Dollar Tree #6910,2002-01-07,7441,273.6,45953,Low,Mid-Atlantic,CA,Standard
ST-06911,Dollar Tree #6911,2020-08-05,10163,9190.9,17181,Low,West,IN,Standard
ST-06912,Dollar Tree #6912,2019-06-27,12820,5487.0,56818,Low,Southeast,TN,Standard
ST-06913,Dollar Tree #6913,2014-01-21,6456,6027.7,89593,Medium,Mid-Atlantic,CT,Standard
ST-06914,Dollar Tree #6914,2006-12-01,12527,2332.1,55737,Low,Southwest,AZ,Plus
ST-06915,Dollar Tree #6915,2013-09-20,11006,2256.5,31526,Medium,Midwest,TN,Standard
ST-06916,Dollar Tree #6916,2003-04-07,8481,4500.2,55563,Medium,Southeast,KY,Plus
ST-06917,Dollar Tree #6917,2011-07-12,9258,2083.5,86028,Low,West,NM,Combo
ST-06918,Dollar Tree #6918,2010-10-02,10779,10774.9,84294,Medium,Midwest,FL,Standard
ST-06919,Dollar Tree #6919,2015-06-07,12234,5380.1,35686,Medium,West,NM,Combo
ST-06920,Dollar Tree #6920,2005-06-14,13661,3646.9,76591,Medium,West,TN,Standard
ST-06921,Dollar Tree #6921,2015-07-14,10780,4425.6,97036,Medium,Mid-Atlantic,MO,Plus
ST-06922,Dollar Tree #6922,2023-01-11,6963,6816.7,57887,Low,Southwest,IN,Plus
ST-06923,Dollar Tree #6923,2023-10-14,13564,3504.6,54185,Low,Northeast,NJ,Plus
ST-06924,Dollar Tree #6924,2020-01-11,11048,1820.7,53434,Medium,West,IN,Standard
ST-06925,Dollar Tree #6925,2009-03-14,8149,4659.3,90000,Medium,West,NJ,Standard
ST-06926,Dollar Tree #6926,2023-09-02,12432,9364.5,62091,Medium,Northeast,OR,Combo
ST-06927,Dollar Tree #6927,2012-04-17,11768,9430.0,34056,Medium,Midwest,CA,Combo
ST-06928,Dollar Tree #6928,2009-02-14,7165,9203.7,53285,Low,Mid-Atlantic,KY,Standard
ST-06929,Dollar Tree #6929,2000-11-20,7293,2330.1,32908,Low,Southeast,IA,Standard
ST-06930,Dollar Tree #6930,2017-01-06,10758,9840.8,46923,Medium,Mid-Atlantic,AR,Plus
ST-06931,Dollar Tree #6931,2004-08-13,7994,4025.3,22572,Medium,West,IN,Standard
ST-06932,Dollar Tree #6932,2018-08-21,6750,3918.4,22785,Low,Mid-Atlantic,CO,Standard
ST-06933,Dollar Tree #6933,2008-06-25,12598,6811.6,41509,High,West,VA,Standard
ST-06934,Dollar Tree #6934,2020-04-11,10097,10391.6,48442,Medium,West,KY,Plus
ST-06935,Dollar Tree #6935,2021-10-27,12163,985.2,87383,Medium,Southeast,NJ,Combo
ST-06936,Dollar Tree #6936,2020-10-23,8783,1889.2,82105,High,Southwest,KY,Combo
ST-06937,Dollar Tree #6937,2010-02-05,6057,6941.8,15788,Low,West,FL,Plus
ST-06938,Dollar Tree #6938,2021-05-25,10711,5598.6,18292,Low,Northeast,MI,Plus
ST-06939,Dollar Tree #6939,2013-04-07,9470,10237.2,83994,Medium,West,OR,Standard
ST-06940,Dollar Tree #6940,2001-06-22,6023,3525.6,52234,Medium,Southwest,KY,Standard
ST-06941,Dollar Tree #6941,2019-11-15,13371,7856.3,45283,Low,Northeast,KS,Combo
ST-06942,Dollar Tree #6942,2011-10-16,9006,9363.2,37254,Medium,Mid-Atlantic,MI,Standard
ST-06943,Dollar Tree #6943,2019-12-09,7376,1250.3,49280,Low,Northeast,OK,Plus
ST-06944,Dollar Tree #6944,2009-02-17,7531,6635.1,63354,Medium,Midwest,AL,Standard
ST-06945,Dollar Tree #6945,2014-09-15,7425,4028.3,14565,High,Midwest,MI,Standard
ST-06946,Dollar Tree #6946,2010-02-20,6394,6970.4,70031,Medium,Southwest,IA,Plus
ST-06947,Dollar Tree #6947,2000-08-27,12422,7035.3,59685,High,Northeast,KS,Combo
ST-06948,Dollar Tree #6948,2012-02-22,9471,7126.1,24777,Low,Midwest,AR,Standard
ST-06949,Dollar Tree #6949,2005-09-09,12456,10374.5,36867,Medium,West,VA,Standard
ST-06950,Dollar Tree #6950,2018-06-18,13941,2089.4,70689,High,Northeast,OR,Plus
ST-06951,Dollar Tree #6951,2018-10-28,7076,10657.1,64507,Medium,Mid-Atlantic,NY,Standard
ST-06952,Dollar Tree #6952,2012-10-22,11500,10715.6,88385,Low,Southwest,NV,Standard
ST-06953,Dollar Tree #6953,2016-11-06,10074,5211.7,12547,Low,Southeast,OR,Standard
ST-06954,Dollar Tree #6954,2011-02-22,7126,520.1,91777,Medium,Midwest,AL,Combo
ST-06955,Dollar Tree #6955,2024-07-19,6898,4145.1,71516,Low,Mid-Atlantic,NC,Plus
ST-06956,Dollar Tree #6956,2008-04-18,8835,11142.0,96566,Medium,Southeast,IL,Plus
ST-06957,Dollar Tree #6957,2011-10-28,10193,8400.9,45202,Medium,Mid-Atlantic,FL,Standard
ST-06958,Dollar Tree #6958,2023-09-24,9879,10709.1,79303,Medium,Northeast,NY,Plus
ST-06959,Dollar Tree #6959,2016-02-21,12418,8015.3,99229,Low,Northeast,CT,Standard
ST-06960,Dollar Tree #6960,2007-08-20,8668,10553.5,30950,Low,Southeast,NY,Standard
ST-06961,Dollar Tree #6961,2007-03-09,6667,7628.1,67956,Low,Mid-Atlantic,IN,Standard
ST-06962,Dollar Tree #6962,2004-08-17,9974,9308.2,64559,Low,Southeast,CT,Plus
ST-06963,Dollar Tree #6963,2015-10-21,6335,10131.8,18990,Low,Mid-Atlantic,OH,Standard
ST-06964,Dollar Tree #6964,2023-01-27,10157,11271.2,33730,Low,Midwest,MI,Plus
ST-06965,Dollar Tree #6965,2009-11-27,11867,3022.8,51688,Low,West,MO,Plus
ST-06966,Dollar Tree #6966,2024-09-04,9402,10592.3,86825,Medium,Southwest,NY,Standard
ST-06967,Dollar Tree #6967,2009-03-22,13130,4220.4,91547,Medium,Northeast,TX,Combo
ST-06968,Dollar Tree #6968,2020-03-17,8413,2135.9,46043,Low,Southwest,CA,Combo
ST-06969,Dollar Tree #6969,2003-09-26,12399,7911.0,39248,High,Northeast,GA,Plus
ST-06970,Dollar Tree #6970,2015-11-09,7717,3237.8,39381,Low,Midwest,CT,Combo
ST-06971,Dollar Tree #6971,2015-10-06,8720,8545.1,93770,Low,Southwest,GA,Standard
ST-06972,Dollar Tree #6972,2007-06-17,6943,2945.2,75645,Low,Southeast,CA,Standard
ST-06973,Dollar Tree #6973,2020-06-28,7277,7435.7,73767,Medium,Southwest,SC,Standard
ST-06974,Dollar Tree #6974,2009-07-06,6666,1290.5,69203,Low,Mid-Atlantic,CA,Plus
ST-06975,Dollar Tree #6975,2005-01-17,7121,11351.1,27395,Medium,Northeast,IN,Combo
ST-06976,Dollar Tree #6976,2012-07-10,11890,7713.3,54282,High,Southeast,AZ,Standard
ST-06977,Dollar Tree #6977,2018-03-04,12196,8414.1,53607,Low,Mid-Atlantic,KS,Standard
ST-06978,Dollar Tree #6978,2003-04-09,8099,11103.4,59411,Medium,Mid-Atlantic,NV,Plus
ST-06979,Dollar Tree #6979,2010-01-19,7086,9874.2,20829,Medium,Midwest,WI,Plus
ST-06980,Dollar Tree #6980,2018-05-12,8224,8089.5,86539,Medium,Mid-Atlantic,CO,Plus
ST-06981,Dollar Tree #6981,2004-06-10,9819,10143.2,96338,Low,Midwest,MO,Standard
ST-06982,Dollar Tree #6982,2009-03-22,6882,5483.7,57280,Medium,Southeast,AL,Standard
ST-06983,Dollar Tree #6983,2018-01-09,12662,4734.4,23224,Medium,Midwest,NC,Standard
ST-06984,Dollar Tree #6984,2013-12-26,8974,5922.9,77739,Low,Midwest,CT,Standard
ST-06985,Dollar Tree #6985,2005-06-05,11761,10671.1,76952,Medium,Mid-Atlantic,MS,Plus
ST-06986,Dollar Tree #6986,2009-07-11,13082,402.7,83434,Medium,Southeast,NV,Standard
ST-06987,Dollar Tree #6987,2008-04-03,9896,11155.5,48501,Low,Northeast,GA,Plus
ST-06988,Dollar Tree #6988,2003-04-25,9578,8494.3,90930,Medium,Midwest,NC,Plus
ST-06989,Dollar Tree #6989,2007-10-07,9995,5921.7,27367,High,Southwest,CT,Standard
ST-06990,Dollar Tree #6990,2011-05-27,7241,2126.1,25150,Low,Midwest,IA,Standard
ST-06991,Dollar Tree #6991,2022-04-28,10317,8193.3,46051,Low,Southeast,MI,Plus
ST-06992,Dollar Tree #6992,2004-03-08,13984,10406.4,69678,Low,Northeast,IN,Standard
ST-06993,Dollar Tree #6993,2002-10-16,8830,2755.1,72587,Low,Mid-Atlantic,CA,Plus
ST-06994,Dollar Tree #6994,2007-03-08,10880,11021.0,89184,Medium,Mid-Atlantic,KY,Plus
ST-06995,Dollar Tree #6995,2015-08-07,7852,11481.3,30879,Low,Northeast,WI,Standard
ST-06996,Dollar Tree #6996,2016-04-21,9768,4515.3,99441,Medium,Southeast,TN,Standard
ST-06997,Dollar Tree #6997,2005-02-17,10944,3517.5,58438,Low,Mid-Atlantic,CA,Plus
ST-06998,Dollar Tree #6998,2016-06-25,10156,6854.3,85815,Medium,Mid-Atlantic,OK,Standard
ST-06999,Dollar Tree #6999,2016-02-04,12545,11460.2,91311,Medium,Southeast,SC,Standard
ST-07000,Dollar Tree #7000,2015-12-18,7926,3566.6,94217,Low,Southwest,NC,Standard
ST-07001,Dollar Tree #7001,2006-11-19,12104,7939.7,51832,Medium,Southeast,MS,Standard
ST-07002,Dollar Tree #7002,2006-04-10,10618,8190.9,22948,Medium,Southwest,PA,Combo
ST-07003,Dollar Tree #7003,2000-05-02,12788,11122.0,84069,High,Southeast,OH,Standard
ST-07004,Dollar Tree #7004,2004-05-25,7605,9969.9,14185,Low,West,KY,Standard
ST-07005,Dollar Tree #7005,2021-12-25,9764,2854.7,59306,Low,Southeast,PA,Standard
ST-07006,Dollar Tree #7006,2020-04-01,11387,6286.1,97155,Medium,Southeast,MI,Standard
ST-07007,Dollar Tree #7007,2015-09-08,12873,6959.5,13722,Medium,Northeast,NV,Standard
ST-07008,Dollar Tree #7008,2002-03-12,10061,7509.2,80738,Medium,Southwest,NM,Plus
ST-07009,Dollar Tree #7009,2002-01-05,8484,10246.7,84567,Medium,Mid-Atlantic,OH,Plus
ST-07010,Dollar Tree #7010,2024-03-09,8382,7887.1,57179,Low,Northeast,IN,Plus
ST-07011,Dollar Tree #7011,2018-10-21,12673,1109.7,28788,Medium,Southeast,FL,Standard
ST-07012,Dollar Tree #7012,2024-10-15,10038,6179.4,56771,Low,Southwest,AZ,Standard
ST-07013,Dollar Tree #7013,2001-02-18,6395,821.2,46181,Medium,Northeast,IA,Standard
ST-07014,Dollar Tree #7014,2014-08-13,6484,1582.2,26574,Low,Northeast,AZ,Standard
ST-07015,Dollar Tree #7015,2010-08-12,6754,489.1,14407,Low,Southeast,AZ,Plus
ST-07016,Dollar Tree #7016,2024-09-12,9862,10359.1,41346,Medium,Southwest,KY,Standard
ST-07017,Dollar Tree #7017,2017-05-28,12536,5522.1,93740,Low,Mid-Atlantic,OR,Plus
ST-07018,Dollar Tree #7018,2008-06-17,6610,10416.2,39736,Low,Southeast,NY,Standard
ST-07019,Dollar Tree #7019,2018-02-18,7302,2465.6,35387,Medium,Southeast,VA,Standard
ST-07020,Dollar Tree #7020,2002-03-20,11437,6351.3,14100,High,Southeast,IA,Combo
ST-07021,Dollar Tree #7021,2002-01-05,9118,2004.0,67758,Low,Midwest,CA,Plus
ST-07022,Dollar Tree #7022,2014-11-10,10562,8727.9,32860,High,Midwest,OH,Standard
ST-07023,Dollar Tree #7023,2018-03-11,8304,10216.5,61552,Medium,Mid-Atlantic,OK,Standard
ST-07024,Dollar Tree #7024,2015-07-08,12649,1107.1,88893,Low,Midwest,NJ,Standard
ST-07025,Dollar Tree #7025,2019-01-07,9152,4192.3,56530,High,Midwest,OH,Standard
ST-07026,Dollar Tree #7026,2014-03-09,9579,5204.8,60328,High,Southeast,OH,Plus
ST-07027,Dollar Tree #7027,2022-08-13,6605,6017.5,94412,Medium,West,TX,Standard
ST-07028,Dollar Tree #7028,2011-06-06,12194,1885.2,32373,High,Northeast,NJ,Plus
ST-07029,Dollar Tree #7029,2013-05-05,9000,3609.9,68968,Medium,Northeast,AZ,Standard
ST-07030,Dollar Tree #7030,2007-08-03,11057,10135.2,95852,Medium,Northeast,OR,Combo
ST-07031,Dollar Tree #7031,2006-05-28,12149,9682.5,91574,Medium,Southeast,FL,Standard
ST-07032,Dollar Tree #7032,2013-01-04,8850,4684.9,54986,Low,West,CO,Standard
ST-07033,Dollar Tree #7033,2005-02-04,12326,8957.4,99371,Medium,Midwest,MS,Standard
ST-07034,Dollar Tree #7034,2008-01-03,8845,470.4,44224,Low,Mid-Atlantic,IN,Plus
ST-07035,Dollar Tree #7035,2001-12-17,9406,10085.3,13506,Medium,West,GA,Standard
ST-07036,Dollar Tree #7036,2016-12-24,9024,10730.5,75884,High,Southeast,TN,Standard
ST-07037,Dollar Tree #7037,2010-05-21,10602,5490.3,90337,Medium,West,AL,Combo
ST-07038,Dollar Tree #7038,2015-05-05,8862,8857.1,31236,High,West,KY,Standard
ST-07039,Dollar Tree #7039,2023-05-07,9150,6456.3,72578,Medium,Southwest,WI,Standard
ST-07040,Dollar Tree #7040,2018-08-22,10325,4068.1,69391,Medium,Mid-Atlantic,KS,Plus
ST-07041,Dollar Tree #7041,2015-03-25,8600,2944.3,77054,Low,Midwest,WI,Standard
ST-07042,Dollar Tree #7042,2017-07-15,10279,8161.0,88035,Medium,Midwest,NY,Standard
ST-07043,Dollar Tree #7043,2019-04-22,13418,10304.8,47146,Medium,Southwest,FL,Combo
ST-07044,Dollar Tree #7044,2022-11-19,11053,7202.3,70838,Medium,Southeast,IL,Plus
ST-07045,Dollar Tree #7045,2003-01-01,11929,1933.4,91617,Medium,West,KY,Plus
ST-07046,Dollar Tree #7046,2006-06-03,12566,9243.2,73681,Medium,Southwest,CA,Standard
ST-07047,Dollar Tree #7047,2006-03-02,10609,8676.3,59318,Low,Southeast,OK,Combo
ST-07048,Dollar Tree #7048,2000-02-10,8553,9722.6,45860,Low,West,MO,Standard
ST-07049,Dollar Tree #7049,2022-10-27,13945,7946.8,19303,High,Northeast,IL,Plus
ST-07050,Dollar Tree #7050,2015-06-17,13806,367.7,84486,High,Southeast,PA,Combo
ST-07051,Dollar Tree #7051,2023-12-17,13311,7178.7,15217,Low,Northeast,IN,Standard
ST-07052,Dollar Tree #7052,2006-01-25,8035,11405.4,73509,Low,West,IN,Standard
ST-07053,Dollar Tree #7053,2016-05-14,12828,5614.7,17480,Medium,Southwest,MO,Combo
ST-07054,Dollar Tree #7054,2007-08-07,13955,7716.3,64545,Medium,Southeast,IN,Standard
ST-07055,Dollar Tree #7055,2019-03-16,8535,5082.6,16200,Low,Northeast,TX,Plus
ST-07056,Dollar Tree #7056,2020-10-21,12675,5421.7,48280,Low,Northeast,CO,Combo
ST-07057,Dollar Tree #7057,2014-01-03,10207,2741.9,58548,High,Mid-Atlantic,OR,Plus
ST-07058,Dollar Tree #7058,2012-12-28,6584,6621.3,59535,Low,Northeast,WI,Standard
ST-07059,Dollar Tree #7059,2007-08-02,6053,6095.6,12710,Low,Northeast,NM,Standard
ST-07060,Dollar Tree #7060,2024-03-05,11938,1577.3,61873,Medium,Southeast,KS,Plus
ST-07061,Dollar Tree #7061,2001-06-04,12921,8993.3,25976,Low,West,NM,Standard
ST-07062,Dollar Tree #7062,2023-07-19,7605,9518.5,87073,Low,Northeast,MS,Plus
ST-07063,Dollar Tree #7063,2014-07-20,10244,10831.8,18490,Low,Northeast,MI,Plus
ST-07064,Dollar Tree #7064,2009-02-03,12483,9678.7,65777,Low,Southeast,SC,Standard
ST-07065,Dollar Tree #7065,2023-03-12,6918,6895.6,43723,Low,West,NM,Standard
ST-07066,Dollar Tree #7066,2016-11-13,6995,5305.1,29117,Low,Northeast,NV,Plus
ST-07067,Dollar Tree #7067,2000-03-27,8676,3187.6,49508,Medium,Southwest,VA,Standard
ST-07068,Dollar Tree #7068,2001-03-23,8256,11097.9,30536,High,Northeast,KS,Plus
ST-07069,Dollar Tree #7069,2021-03-11,12830,9634.1,93429,Medium,Northeast,VA,Combo
ST-07070,Dollar Tree #7070,2014-06-20,12857,11656.6,10258,Low,Midwest,PA,Standard
ST-07071,Dollar Tree #7071,2020-03-14,7763,3092.3,59125,Low,Southeast,NY,Combo
ST-07072,Dollar Tree #7072,2014-11-11,8355,6137.6,75239,Low,Mid-Atlantic,IL,Standard
ST-07073,Dollar Tree #7073,2000-03-01,9281,1263.2,37047,Medium,Mid-Atlantic,PA,Standard
ST-07074,Dollar Tree #7074,2007-02-25,10292,5100.8,65746,High,Southwest,NC,Standard
ST-07075,Dollar Tree #7075,2016-03-06,10180,8997.6,82697,Low,Southwest,NM,Standard
ST-07076,Dollar Tree #7076,2019-01-02,13546,10042.1,49227,Medium,Southwest,GA,Standard
ST-07077,Dollar Tree #7077,2022-10-13,9419,4818.6,68866,Medium,Southeast,AL,Plus
ST-07078,Dollar Tree #7078,2001-11-06,13760,9546.0,89781,Medium,Mid-Atlantic,MI,Plus
ST-07079,Dollar Tree #7079,2019-02-21,6340,3232.8,74586,Low,Southwest,MI,Plus
ST-07080,Dollar Tree #7080,2010-05-27,13947,3984.6,75815,Medium,Mid-Atlantic,MI,Plus
ST-07081,Dollar Tree #7081,2011-08-15,11873,11369.7,42128,High,Mid-Atlantic,IN,Standard
ST-07082,Dollar Tree #7082,2011-04-09,7370,5694.0,86285,Low,Mid-Atlantic,AR,Standard
ST-07083,Dollar Tree #7083,2016-08-25,7761,1923.1,32744,Medium,Southwest,TN,Standard
ST-07084,Dollar Tree #7084,2008-12-18,11173,3616.5,75486,Medium,West,IA,Standard
ST-07085,Dollar Tree #7085,2013-12-10,8807,7610.5,94887,Low,Southeast,NV,Combo
ST-07086,Dollar Tree #7086,2000-12-01,7272,7789.8,49354,Low,Southwest,TN,Standard
ST-07087,Dollar Tree #7087,2024-10-10,8941,10809.6,36377,Medium,West,OH,Standard
ST-07088,Dollar Tree #7088,2004-04-10,12467,11485.7,42072,Low,Midwest,AZ,Plus
ST-07089,Dollar Tree #7089,2016-03-05,12342,9184.2,88468,High,Southwest,AR,Standard
ST-07090,Dollar Tree #7090,2024-08-22,9019,3778.5,93151,Low,Mid-Atlantic,TX,Standard
ST-07091,Dollar Tree #7091,2022-10-18,6005,1533.9,40508,High,Southwest,KY,Plus
ST-07092,Dollar Tree #7092,2002-10-03,13374,4512.0,69891,Medium,Northeast,NY,Standard
ST-07093,Dollar Tree #7093,2002-02-03,8917,9034.6,79248,Low,Mid-Atlantic,AZ,Standard
ST-07094,Dollar Tree #7094,2006-02-12,7993,7392.7,31031,Medium,Northeast,NY,Standard
ST-07095,Dollar Tree #7095,2017-08-24,13532,4979.1,15118,Medium,Northeast,AZ,Standard
ST-07096,Dollar Tree #7096,2019-08-21,8984,467.6,67563,High,West,IA,Standard
ST-07097,Dollar Tree #7097,2003-06-03,6315,7935.3,89114,Medium,Northeast,CA,Standard
ST-07098,Dollar Tree #7098,2020-10-28,8169,3679.8,11983,Low,Southeast,IN,Plus
ST-07099,Dollar Tree #7099,2007-03-25,6115,8192.6,54026,Medium,West,MI,Standard
ST-07100,Dollar Tree #7100,2014-11-14,11148,2426.6,11116,High,West,OH,Plus
ST-07101,Dollar Tree #7101,2006-03-28,9224,9756.3,64680,High,Southeast,OR,Combo
ST-07102,Dollar Tree #7102,2003-02-10,8019,1134.1,18048,Medium,Midwest,GA,Plus
ST-07103,Dollar Tree #7103,2016-08-03,8263,1483.6,34372,Medium,Mid-Atlantic,NV,Standard
ST-07104,Dollar Tree #7104,2004-10-08,6251,9570.6,97852,Medium,Mid-Atlantic,AZ,Standard
ST-07105,Dollar Tree #7105,2009-04-17,12010,2581.0,76356,High,Northeast,TN,Plus
ST-07106,Dollar Tree #7106,2009-12-24,7100,8348.2,87996,Medium,Midwest,KS,Standard
ST-07107,Dollar Tree #7107,2011-09-10,11379,5800.0,42260,Medium,West,MI,Plus
ST-07108,Dollar Tree #7108,2010-03-26,10163,11394.0,73481,Low,Mid-Atlantic,MI,Standard
ST-07109,Dollar Tree #7109,2019-08-19,10553,11322.8,81198,Low,Southeast,NM,Standard
ST-07110,Dollar Tree #7110,2010-06-23,8417,511.3,95357,Medium,Southeast,NY,Standard
ST-07111,Dollar Tree #7111,2000-02-10,11211,7180.3,62357,Low,Northeast,IA,Plus
ST-07112,Dollar Tree #7112,2014-09-11,12555,3501.2,37360,Medium,Mid-Atlantic,AR,Combo
ST-07113,Dollar Tree #7113,2001-12-12,9605,8500.9,81616,Medium,Southwest,NM,Standard
ST-07114,Dollar Tree #7114,2023-07-20,7447,10225.1,38174,Low,West,VA,Standard
ST-07115,Dollar Tree #7115,2023-01-02,12111,8125.8,26757,High,Midwest,CT,Standard
ST-07116,Dollar Tree #7116,2006-10-11,13050,7973.4,93833,Medium,Southwest,OR,Standard
ST-07117,Dollar Tree #7117,2014-08-22,12114,2774.7,33030,Medium,Southeast,MI,Standard
ST-07118,Dollar Tree #7118,2016-12-27,10009,9719.1,26123,Low,Northeast,CT,Standard
ST-07119,Dollar Tree #7119,2002-08-12,6998,5988.3,97429,Low,Midwest,SC,Standard
ST-07120,Dollar Tree #7120,2013-03-10,12818,6844.7,33115,Low,Midwest,FL,Standard
ST-07121,Dollar Tree #7121,2013-10-10,8551,2799.3,74942,Medium,Southwest,FL,Plus
ST-07122,Dollar Tree #7122,2002-04-11,13789,8272.3,89766,Low,Midwest,NV,Combo
ST-07123,Dollar Tree #7123,2021-09-22,10788,1189.1,17393,Medium,Midwest,SC,Standard
ST-07124,Dollar Tree #7124,2010-07-06,11911,10921.6,37908,Medium,Southwest,MS,Standard
ST-07125,Dollar Tree #7125,2006-11-25,7655,10296.5,66421,Low,Southeast,TX,Combo
ST-07126,Dollar Tree #7126,2019-10-05,13645,6682.8,96630,Medium,Mid-Atlantic,CT,Combo
ST-07127,Dollar Tree #7127,2015-09-10,7254,8066.4,71881,Medium,Midwest,NY,Standard
ST-07128,Dollar Tree #7128,2007-07-22,9602,9524.2,16178,High,West,IN,Combo
ST-07129,Dollar Tree #7129,2011-01-27,9144,4630.9,87697,Low,Mid-Atlantic,NM,Combo
ST-07130,Dollar Tree #7130,2004-12-18,8570,11596.5,61876,Medium,Midwest,AL,Standard
ST-07131,Dollar Tree #7131,2009-02-14,8339,9895.0,41008,Low,Northeast,IA,Standard
ST-07132,Dollar Tree #7132,2002-06-13,12199,7719.2,81031,Medium,Midwest,TX,Standard
ST-07133,Dollar Tree #7133,2012-12-27,7025,1372.7,15411,Medium,Mid-Atlantic,OR,Combo
ST-07134,Dollar Tree #7134,2000-12-08,12145,11727.9,42744,Low,Southeast,OK,Standard
ST-07135,Dollar Tree #7135,2023-02-18,8665,10430.2,28954,Medium,Mid-Atlantic,FL,Plus
ST-07136,Dollar Tree #7136,2011-07-03,7632,8404.0,18104,Medium,Mid-Atlantic,MS,Standard
ST-07137,Dollar Tree #7137,2019-09-15,6643,7846.2,48139,Medium,Midwest,OK,Standard
ST-07138,Dollar Tree #7138,2008-05-28,7628,549.9,70844,High,Midwest,MS,Standard
ST-07139,Dollar Tree #7139,2021-08-24,10003,5732.8,48143,Low,Mid-Atlantic,NV,Standard
ST-07140,Dollar Tree #7140,2013-12-27,12483,4286.7,23143,Medium,Southeast,NY,Plus
ST-07141,Dollar Tree #7141,2007-04-25,7433,10650.7,39057,Low,Mid-Atlantic,TN,Standard
ST-07142,Dollar Tree #7142,2001-06-15,12017,4367.6,76276,Medium,Southwest,KS,Standard
ST-07143,Dollar Tree #7143,2014-01-06,12777,10894.4,54113,Low,Southwest,CT,Plus
ST-07144,Dollar Tree #7144,2013-07-02,13670,4761.3,93982,High,Midwest,TX,Plus
ST-07145,Dollar Tree #7145,2011-12-05,9494,1166.2,16193,Medium,West,CO,Plus
ST-07146,Dollar Tree #7146,2011-06-28,12941,8875.9,27818,Medium,Midwest,MO,Standard
ST-07147,Dollar Tree #7147,2003-11-23,8127,956.5,98144,Medium,Northeast,OK,Standard
ST-07148,Dollar Tree #7148,2006-10-14,10263,3545.7,37571,Medium,West,MS,Plus
ST-07149,Dollar Tree #7149,2001-01-01,13224,993.6,96518,High,Southeast,TX,Plus
ST-07150,Dollar Tree #7150,2015-02-13,11178,2757.4,82273,Low,West,IL,Combo
ST-07151,Dollar Tree #7151,2021-10-21,11250,1912.1,20646,Medium,Northeast,WI,Plus
ST-07152,Dollar Tree #7152,2018-04-18,12889,10300.8,90000,Medium,Southwest,NV,Plus
ST-07153,Dollar Tree #7153,2004-02-14,8723,232.2,78777,Low,Southwest,CT,Standard
ST-07154,Dollar Tree #7154,2014-07-24,6065,1410.0,14192,Medium,Southwest,OR,Plus
ST-07155,Dollar Tree #7155,2021-06-24,7025,1688.5,27192,Medium,West,MS,Standard
ST-07156,Dollar Tree #7156,2010-03-22,10246,7453.1,32027,Medium,Northeast,NM,Plus
ST-07157,Dollar Tree #7157,2013-06-26,12139,1149.0,74125,Low,Northeast,IL,Standard
ST-07158,Dollar Tree #7158,2019-08-10,10664,3102.5,41364,Medium,Southeast,OR,Combo
ST-07159,Dollar Tree #7159,2015-11-14,12554,2351.9,55171,Medium,West,GA,Plus
ST-07160,Dollar Tree #7160,2013-11-12,6512,1295.4,77983,Low,Midwest,TN,Plus
ST-07161,Dollar Tree #7161,2020-06-04,9140,2731.1,24380,Medium,Southeast,MO,Standard
ST-07162,Dollar Tree #7162,2024-06-09,10381,8380.1,64186,Low,West,FL,Combo
ST-07163,Dollar Tree #7163,2006-05-04,7919,9453.7,13079,Low,Southeast,MI,Plus
ST-07164,Dollar Tree #7164,2000-12-16,8549,11902.4,64502,High,West,IN,Standard
ST-07165,Dollar Tree #7165,2014-05-21,12102,3690.1,51327,Medium,Mid-Atlantic,NC,Plus
ST-07166,Dollar Tree #7166,2004-02-17,12941,10688.4,74019,Low,West,SC,Combo
ST-07167,Dollar Tree #7167,2005-02-25,7041,10752.6,52726,Medium,West,MO,Plus
ST-07168,Dollar Tree #7168,2008-01-25,8878,885.4,18535,Medium,Northeast,IL,Standard
