_id,CONSOLIDATED_BUSINESS_SEGMENT,company_name,country
ACC000000,Enterprise,Company 0,US
ACC000001,Growth,Company 1,US
ACC000002,Individuals,Company 2,US
ACC000003,Enterprise,Company 3,UK
ACC000004,Core,Company 4,IN
ACC000005,Individuals,Company 5,US
ACC000006,Enterprise,Company 6,AU
ACC000007,Enterprise,Company 7,US
ACC000008,Core,Company 8,US
ACC000009,Growth,Company 9,CA
ACC000010,Growth,Company 10,CA
ACC000011,Individuals,Company 11,AU
ACC000012,Growth,Company 12,US
ACC000013,Enterprise,Company 13,CA
ACC000014,Growth,Company 14,US
ACC000015,Core,Company 15,US
ACC000016,Growth,Company 16,US
ACC000017,Core,Company 17,IN
ACC000018,Enterprise,Company 18,US
ACC000019,Growth,Company 19,AU
ACC000020,Enterprise,Company 20,UK
ACC000021,Growth,Company 21,CA
ACC000022,Individuals,Company 22,CA
ACC000023,Individuals,Company 23,AU
ACC000024,Enterprise,Company 24,US
ACC000025,Core,Company 25,US
ACC000026,Growth,Company 26,UK
ACC000027,Core,Company 27,US
ACC000028,Core,Company 28,US
ACC000029,Enterprise,Company 29,US
ACC000030,Enterprise,Company 30,US
ACC000031,Individuals,Company 31,US
ACC000032,Core,Company 32,US
ACC000033,Growth,Company 33,AU
ACC000034,Growth,Company 34,US
ACC000035,Core,Company 35,IN
ACC000036,Core,Company 36,IN
ACC000037,Growth,Company 37,US
ACC000038,Core,Company 38,CA
ACC000039,Enterprise,Company 39,UK
ACC000040,Growth,Company 40,UK
ACC000041,Enterprise,Company 41,US
ACC000042,Enterprise,Company 42,US
ACC000043,Core,Company 43,US
ACC000044,Enterprise,Company 44,UK
ACC000045,Enterprise,Company 45,IN
ACC000046,Growth,Company 46,UK
ACC000047,Core,Company 47,CA
ACC000048,Enterprise,Company 48,IN
ACC000049,Core,Company 49,UK
ACC000050,Core,Company 50,US
ACC000051,Core,Company 51,AU
ACC000052,Enterprise,Company 52,US
ACC000053,Enterprise,Company 53,US
ACC000054,Enterprise,Company 54,US
ACC000055,Enterprise,Company 55,IN
ACC000056,Growth,Company 56,US
ACC000057,Growth,Company 57,US
ACC000058,Core,Company 58,US
ACC000059,Core,Company 59,US
ACC000060,Enterprise,Company 60,US
ACC000061,Growth,Company 61,CA
ACC000062,Growth,Company 62,AU
ACC000063,Enterprise,Company 63,US
ACC000064,Growth,Company 64,US
ACC000065,Growth,Company 65,US
ACC000066,Growth,Company 66,US
ACC000067,Core,Company 67,UK
ACC000068,Core,Company 68,UK
ACC000069,Growth,Company 69,UK
ACC000070,Core,Company 70,US
ACC000071,Growth,Company 71,UK
ACC000072,Individuals,Company 72,US
ACC000073,Core,Company 73,US
ACC000074,Core,Company 74,IN
ACC000075,Core,Company 75,CA
ACC000076,Core,Company 76,IN
ACC000077,Enterprise,Company 77,AU
ACC000078,Growth,Company 78,UK
ACC000079,Enterprise,Company 79,IN
ACC000080,Enterprise,Company 80,US
ACC000081,Growth,Company 81,US
ACC000082,Enterprise,Company 82,US
ACC000083,Core,Company 83,US
ACC000084,Core,Company 84,US
ACC000085,Core,Company 85,US
ACC000086,Enterprise,Company 86,CA
ACC000087,Growth,Company 87,CA
ACC000088,Core,Company 88,UK
ACC000089,Growth,Company 89,US
ACC000090,Core,Company 90,CA
ACC000091,Enterprise,Company 91,US
ACC000092,Growth,Company 92,US
ACC000093,Growth,Company 93,US
ACC000094,Core,Company 94,US
ACC000095,Growth,Company 95,US
ACC000096,Growth,Company 96,CA
ACC000097,Core,Company 97,CA
ACC000098,Core,Company 98,UK
ACC000099,Individuals,Company 99,US
ACC000100,Individuals,Company 100,CA
ACC000101,Enterprise,Company 101,UK
ACC000102,Core,Company 102,US
ACC000103,Individuals,Company 103,UK
ACC000104,Enterprise,Company 104,US
ACC000105,Enterprise,Company 105,US
ACC000106,Growth,Company 106,US
ACC000107,Core,Company 107,US
ACC000108,Core,Company 108,US
ACC000109,Individuals,Company 109,US
ACC000110,Growth,Company 110,US
ACC000111,Core,Company 111,IN
ACC000112,Core,Company 112,US
ACC000113,Growth,Company 113,US
ACC000114,Core,Company 114,US
ACC000115,Individuals,Company 115,AU
ACC000116,Enterprise,Company 116,UK
ACC000117,Enterprise,Company 117,AU
ACC000118,Growth,Company 118,US
ACC000119,Growth,Company 119,US
ACC000120,Growth,Company 120,UK
ACC000121,Growth,Company 121,US
ACC000122,Core,Company 122,CA
ACC000123,Growth,Company 123,AU
ACC000124,Core,Company 124,US
ACC000125,Growth,Company 125,IN
ACC000126,Core,Company 126,UK
ACC000127,Core,Company 127,US
ACC000128,Core,Company 128,US
ACC000129,Growth,Company 129,US
ACC000130,Core,Company 130,CA
ACC000131,Individuals,Company 131,US
ACC000132,Growth,Company 132,US
ACC000133,Core,Company 133,UK
ACC000134,Growth,Company 134,US
ACC000135,Core,Company 135,US
ACC000136,Individuals,Company 136,UK
ACC000137,Growth,Company 137,US
ACC000138,Enterprise,Company 138,US
ACC000139,Core,Company 139,US
ACC000140,Growth,Company 140,US
ACC000141,Growth,Company 141,US
ACC000142,Individuals,Company 142,CA
ACC000143,Growth,Company 143,IN
ACC000144,Growth,Company 144,US
ACC000145,Core,Company 145,IN
ACC000146,Core,Company 146,UK
ACC000147,Growth,Company 147,UK
ACC000148,Growth,Company 148,CA
ACC000149,Core,Company 149,CA
ACC000150,Enterprise,Company 150,CA
ACC000151,Individuals,Company 151,US
ACC000152,Core,Company 152,US
ACC000153,Growth,Company 153,US
ACC000154,Core,Company 154,US
ACC000155,Enterprise,Company 155,UK
ACC000156,Core,Company 156,US
ACC000157,Enterprise,Company 157,US
ACC000158,Enterprise,Company 158,US
ACC000159,Enterprise,Company 159,US
ACC000160,Core,Company 160,UK
ACC000161,Individuals,Company 161,UK
ACC000162,Core,Company 162,US
ACC000163,Core,Company 163,US
ACC000164,Growth,Company 164,US
ACC000165,Growth,Company 165,US
ACC000166,Enterprise,Company 166,CA
ACC000167,Enterprise,Company 167,UK
ACC000168,Core,Company 168,US
ACC000169,Individuals,Company 169,US
ACC000170,Core,Company 170,IN
ACC000171,Growth,Company 171,CA
ACC000172,Core,Company 172,US
ACC000173,Individuals,Company 173,US
ACC000174,Core,Company 174,US
ACC000175,Core,Company 175,IN
ACC000176,Growth,Company 176,US
ACC000177,Individuals,Company 177,US
ACC000178,Individuals,Company 178,IN
ACC000179,Enterprise,Company 179,CA
ACC000180,Individuals,Company 180,US
ACC000181,Individuals,Company 181,US
ACC000182,Growth,Company 182,US
ACC000183,Core,Company 183,UK
ACC000184,Enterprise,Company 184,US
ACC000185,Enterprise,Company 185,IN
ACC000186,Growth,Company 186,IN
ACC000187,Core,Company 187,US
ACC000188,Enterprise,Company 188,UK
ACC000189,Core,Company 189,US
ACC000190,Individuals,Company 190,US
ACC000191,Core,Company 191,CA
ACC000192,Core,Company 192,US
ACC000193,Enterprise,Company 193,US
ACC000194,Core,Company 194,US
ACC000195,Core,Company 195,US
ACC000196,Growth,Company 196,US
ACC000197,Individuals,Company 197,CA
ACC000198,Core,Company 198,CA
ACC000199,Core,Company 199,UK
ACC000200,Enterprise,Company 200,AU
ACC000201,Individuals,Company 201,US
ACC000202,Growth,Company 202,AU
ACC000203,Core,Company 203,US
ACC000204,Core,Company 204,US
ACC000205,Core,Company 205,IN
ACC000206,Core,Company 206,US
ACC000207,Enterprise,Company 207,US
ACC000208,Core,Company 208,US
ACC000209,Growth,Company 209,US
ACC000210,Enterprise,Company 210,US
ACC000211,Growth,Company 211,US
ACC000212,Core,Company 212,AU
ACC000213,Enterprise,Company 213,US
ACC000214,Enterprise,Company 214,US
ACC000215,Enterprise,Company 215,US
ACC000216,Core,Company 216,AU
ACC000217,Core,Company 217,US
ACC000218,Individuals,Company 218,US
ACC000219,Growth,Company 219,US
ACC000220,Core,Company 220,UK
ACC000221,Growth,Company 221,CA
ACC000222,Enterprise,Company 222,UK
ACC000223,Individuals,Company 223,CA
ACC000224,Core,Company 224,US
ACC000225,Individuals,Company 225,US
ACC000226,Core,Company 226,US
ACC000227,Growth,Company 227,US
ACC000228,Growth,Company 228,US
ACC000229,Core,Company 229,US
ACC000230,Core,Company 230,US
ACC000231,Growth,Company 231,UK
ACC000232,Individuals,Company 232,US
ACC000233,Growth,Company 233,UK
ACC000234,Individuals,Company 234,UK
ACC000235,Enterprise,Company 235,US
ACC000236,Growth,Company 236,US
ACC000237,Enterprise,Company 237,UK
ACC000238,Core,Company 238,UK
ACC000239,Core,Company 239,US
ACC000240,Enterprise,Company 240,US
ACC000241,Enterprise,Company 241,UK
ACC000242,Core,Company 242,UK
ACC000243,Growth,Company 243,US
ACC000244,Growth,Company 244,US
ACC000245,Individuals,Company 245,AU
ACC000246,Growth,Company 246,US
ACC000247,Growth,Company 247,AU
ACC000248,Growth,Company 248,US
ACC000249,Growth,Company 249,US
ACC000250,Enterprise,Company 250,US
ACC000251,Individuals,Company 251,US
ACC000252,Growth,Company 252,AU
ACC000253,Core,Company 253,US
ACC000254,Core,Company 254,IN
ACC000255,Enterprise,Company 255,US
ACC000256,Enterprise,Company 256,AU
ACC000257,Core,Company 257,IN
ACC000258,Core,Company 258,UK
ACC000259,Growth,Company 259,US
ACC000260,Core,Company 260,UK
ACC000261,Enterprise,Company 261,US
ACC000262,Core,Company 262,IN
ACC000263,Core,Company 263,US
ACC000264,Individuals,Company 264,US
ACC000265,Core,Company 265,US
ACC000266,Core,Company 266,UK
ACC000267,Core,Company 267,IN
ACC000268,Core,Company 268,US
ACC000269,Core,Company 269,CA
ACC000270,Core,Company 270,IN
ACC000271,Core,Company 271,US
ACC000272,Core,Company 272,US
ACC000273,Growth,Company 273,UK
ACC000274,Enterprise,Company 274,UK
ACC000275,Growth,Company 275,US
ACC000276,Core,Company 276,AU
ACC000277,Growth,Company 277,US
ACC000278,Individuals,Company 278,AU
ACC000279,Individuals,Company 279,AU
ACC000280,Core,Company 280,CA
ACC000281,Core,Company 281,US
ACC000282,Core,Company 282,US
ACC000283,Core,Company 283,US
ACC000284,Growth,Company 284,US
ACC000285,Growth,Company 285,UK
ACC000286,Core,Company 286,US
ACC000287,Growth,Company 287,US
ACC000288,Growth,Company 288,US
ACC000289,Core,Company 289,US
ACC000290,Enterprise,Company 290,US
ACC000291,Core,Company 291,UK
ACC000292,Individuals,Company 292,CA
ACC000293,Core,Company 293,US
ACC000294,Enterprise,Company 294,AU
ACC000295,Individuals,Company 295,AU
ACC000296,Individuals,Company 296,US
ACC000297,Enterprise,Company 297,UK
ACC000298,Enterprise,Company 298,US
ACC000299,Growth,Company 299,US
ACC000300,Enterprise,Company 300,US
ACC000301,Core,Company 301,US
ACC000302,Growth,Company 302,AU
ACC000303,Growth,Company 303,IN
ACC000304,Individuals,Company 304,AU
ACC000305,Growth,Company 305,UK
ACC000306,Growth,Company 306,UK
ACC000307,Growth,Company 307,IN
ACC000308,Core,Company 308,US
ACC000309,Core,Company 309,US
ACC000310,Growth,Company 310,UK
ACC000311,Growth,Company 311,US
ACC000312,Core,Company 312,US
ACC000313,Growth,Company 313,US
ACC000314,Growth,Company 314,UK
ACC000315,Core,Company 315,US
ACC000316,Growth,Company 316,US
ACC000317,Enterprise,Company 317,US
ACC000318,Core,Company 318,US
ACC000319,Individuals,Company 319,AU
ACC000320,Individuals,Company 320,US
ACC000321,Growth,Company 321,UK
ACC000322,Core,Company 322,CA
ACC000323,Growth,Company 323,US
ACC000324,Enterprise,Company 324,AU
ACC000325,Enterprise,Company 325,UK
ACC000326,Enterprise,Company 326,UK
ACC000327,Growth,Company 327,US
ACC000328,Growth,Company 328,US
ACC000329,Core,Company 329,IN
ACC000330,Enterprise,Company 330,CA
ACC000331,Core,Company 331,IN
ACC000332,Enterprise,Company 332,AU
ACC000333,Individuals,Company 333,US
ACC000334,Core,Company 334,CA
ACC000335,Growth,Company 335,US
ACC000336,Core,Company 336,CA
ACC000337,Enterprise,Company 337,US
ACC000338,Core,Company 338,US
ACC000339,Individuals,Company 339,CA
ACC000340,Core,Company 340,CA
ACC000341,Individuals,Company 341,UK
ACC000342,Enterprise,Company 342,US
ACC000343,Growth,Company 343,US
ACC000344,Enterprise,Company 344,IN
ACC000345,Enterprise,Company 345,US
ACC000346,Individuals,Company 346,US
ACC000347,Core,Company 347,UK
ACC000348,Growth,Company 348,US
ACC000349,Core,Company 349,UK
ACC000350,Growth,Company 350,US
ACC000351,Core,Company 351,AU
ACC000352,Growth,Company 352,AU
ACC000353,Growth,Company 353,IN
ACC000354,Growth,Company 354,UK
ACC000355,Growth,Company 355,US
ACC000356,Enterprise,Company 356,CA
ACC000357,Enterprise,Company 357,AU
ACC000358,Growth,Company 358,UK
ACC000359,Growth,Company 359,UK
ACC000360,Individuals,Company 360,CA
ACC000361,Core,Company 361,UK
ACC000362,Core,Company 362,CA
ACC000363,Core,Company 363,US
ACC000364,Enterprise,Company 364,US
ACC000365,Growth,Company 365,UK
ACC000366,Enterprise,Company 366,US
ACC000367,Enterprise,Company 367,AU
ACC000368,Core,Company 368,UK
ACC000369,Individuals,Company 369,US
ACC000370,Enterprise,Company 370,CA
ACC000371,Core,Company 371,CA
ACC000372,Growth,Company 372,CA
ACC000373,Core,Company 373,US
ACC000374,Core,Company 374,AU
ACC000375,Core,Company 375,US
ACC000376,Individuals,Company 376,UK
ACC000377,Growth,Company 377,US
ACC000378,Growth,Company 378,UK
ACC000379,Enterprise,Company 379,CA
ACC000380,Growth,Company 380,UK
ACC000381,Individuals,Company 381,US
ACC000382,Enterprise,Company 382,CA
ACC000383,Growth,Company 383,UK
ACC000384,Growth,Company 384,US
ACC000385,Individuals,Company 385,IN
ACC000386,Enterprise,Company 386,CA
ACC000387,Individuals,Company 387,IN
ACC000388,Core,Company 388,IN
ACC000389,Individuals,Company 389,AU
ACC000390,Growth,Company 390,CA
ACC000391,Core,Company 391,UK
ACC000392,Growth,Company 392,US
ACC000393,Enterprise,Company 393,US
ACC000394,Core,Company 394,CA
ACC000395,Growth,Company 395,US
ACC000396,Enterprise,Company 396,AU
ACC000397,Core,Company 397,US
ACC000398,Growth,Company 398,US
ACC000399,Growth,Company 399,US
ACC000400,Core,Company 400,US
ACC000401,Individuals,Company 401,US
ACC000402,Enterprise,Company 402,US
ACC000403,Core,Company 403,AU
ACC000404,Individuals,Company 404,US
ACC000405,Individuals,Company 405,US
ACC000406,Core,Company 406,US
ACC000407,Enterprise,Company 407,US
ACC000408,Core,Company 408,US
ACC000409,Individuals,Company 409,CA
ACC000410,Enterprise,Company 410,CA
ACC000411,Enterprise,Company 411,US
ACC000412,Core,Company 412,UK
ACC000413,Individuals,Company 413,US
ACC000414,Core,Company 414,US
ACC000415,Core,Company 415,AU
ACC000416,Core,Company 416,US
ACC000417,Enterprise,Company 417,AU
ACC000418,Core,Company 418,US
ACC000419,Individuals,Company 419,US
ACC000420,Enterprise,Company 420,US
ACC000421,Core,Company 421,US
ACC000422,Core,Company 422,IN
ACC000423,Core,Company 423,US
ACC000424,Growth,Company 424,AU
ACC000425,Enterprise,Company 425,AU
ACC000426,Core,Company 426,UK
ACC000427,Enterprise,Company 427,US
ACC000428,Core,Company 428,US
ACC000429,Enterprise,Company 429,US
ACC000430,Individuals,Company 430,CA
ACC000431,Enterprise,Company 431,US
ACC000432,Enterprise,Company 432,IN
ACC000433,Enterprise,Company 433,UK
ACC000434,Core,Company 434,US
ACC000435,Core,Company 435,CA
ACC000436,Core,Company 436,US
ACC000437,Growth,Company 437,AU
ACC000438,Enterprise,Company 438,US
ACC000439,Growth,Company 439,IN
ACC000440,Individuals,Company 440,CA
ACC000441,Core,Company 441,AU
ACC000442,Enterprise,Company 442,US
ACC000443,Core,Company 443,AU
ACC000444,Core,Company 444,US
ACC000445,Enterprise,Company 445,CA
ACC000446,Individuals,Company 446,US
ACC000447,Growth,Company 447,US
ACC000448,Core,Company 448,US
ACC000449,Growth,Company 449,US
ACC000450,Core,Company 450,US
ACC000451,Individuals,Company 451,AU
ACC000452,Enterprise,Company 452,US
ACC000453,Core,Company 453,CA
ACC000454,Core,Company 454,US
ACC000455,Core,Company 455,CA
ACC000456,Individuals,Company 456,CA
ACC000457,Growth,Company 457,US
ACC000458,Enterprise,Company 458,CA
ACC000459,Growth,Company 459,AU
ACC000460,Growth,Company 460,CA
ACC000461,Core,Company 461,US
ACC000462,Individuals,Company 462,US
ACC000463,Core,Company 463,CA
ACC000464,Growth,Company 464,US
ACC000465,Enterprise,Company 465,CA
ACC000466,Growth,Company 466,US
ACC000467,Individuals,Company 467,CA
ACC000468,Core,Company 468,US
ACC000469,Growth,Company 469,US
ACC000470,Growth,Company 470,IN
ACC000471,Growth,Company 471,AU
ACC000472,Core,Company 472,AU
ACC000473,Core,Company 473,IN
ACC000474,Core,Company 474,US
ACC000475,Core,Company 475,US
ACC000476,Growth,Company 476,US
ACC000477,Growth,Company 477,US
ACC000478,Growth,Company 478,US
ACC000479,Growth,Company 479,IN
ACC000480,Growth,Company 480,US
ACC000481,Core,Company 481,US
ACC000482,Growth,Company 482,US
ACC000483,Core,Company 483,US
ACC000484,Core,Company 484,US
ACC000485,Growth,Company 485,UK
ACC000486,Growth,Company 486,US
ACC000487,Core,Company 487,UK
ACC000488,Growth,Company 488,AU
ACC000489,Growth,Company 489,UK
ACC000490,Enterprise,Company 490,UK
ACC000491,Growth,Company 491,US
ACC000492,Enterprise,Company 492,US
ACC000493,Core,Company 493,US
ACC000494,Enterprise,Company 494,IN
ACC000495,Growth,Company 495,UK
ACC000496,Growth,Company 496,US
ACC000497,Growth,Company 497,US
ACC000498,Growth,Company 498,AU
ACC000499,Growth,Company 499,UK
ACC000500,Enterprise,Company 500,UK
ACC000501,Individuals,Company 501,AU
ACC000502,Individuals,Company 502,UK
ACC000503,Growth,Company 503,UK
ACC000504,Growth,Company 504,US
ACC000505,Enterprise,Company 505,US
ACC000506,Core,Company 506,IN
ACC000507,Enterprise,Company 507,UK
ACC000508,Growth,Company 508,US
ACC000509,Core,Company 509,UK
ACC000510,Core,Company 510,US
ACC000511,Enterprise,Company 511,AU
ACC000512,Core,Company 512,US
ACC000513,Core,Company 513,CA
ACC000514,Core,Company 514,US
ACC000515,Core,Company 515,US
ACC000516,Core,Company 516,US
ACC000517,Enterprise,Company 517,CA
ACC000518,Core,Company 518,US
ACC000519,Enterprise,Company 519,US
ACC000520,Individuals,Company 520,CA
ACC000521,Growth,Company 521,US
ACC000522,Core,Company 522,US
ACC000523,Growth,Company 523,US
ACC000524,Core,Company 524,AU
ACC000525,Growth,Company 525,US
ACC000526,Individuals,Company 526,US
ACC000527,Individuals,Company 527,US
ACC000528,Enterprise,Company 528,US
ACC000529,Core,Company 529,US
ACC000530,Enterprise,Company 530,US
ACC000531,Enterprise,Company 531,US
ACC000532,Growth,Company 532,US
ACC000533,Growth,Company 533,AU
ACC000534,Core,Company 534,US
ACC000535,Core,Company 535,US
ACC000536,Growth,Company 536,AU
ACC000537,Core,Company 537,AU
ACC000538,Core,Company 538,UK
ACC000539,Enterprise,Company 539,US
ACC000540,Individuals,Company 540,US
ACC000541,Growth,Company 541,US
ACC000542,Enterprise,Company 542,US
ACC000543,Individuals,Company 543,US
ACC000544,Core,Company 544,UK
ACC000545,Growth,Company 545,US
ACC000546,Growth,Company 546,UK
ACC000547,Core,Company 547,US
ACC000548,Enterprise,Company 548,US
ACC000549,Growth,Company 549,CA
ACC000550,Growth,Company 550,AU
ACC000551,Core,Company 551,US
ACC000552,Core,Company 552,UK
ACC000553,Individuals,Company 553,US
ACC000554,Core,Company 554,US
ACC000555,Core,Company 555,CA
ACC000556,Core,Company 556,US
ACC000557,Growth,Company 557,US
ACC000558,Growth,Company 558,US
ACC000559,Growth,Company 559,US
ACC000560,Core,Company 560,US
ACC000561,Core,Company 561,US
ACC000562,Enterprise,Company 562,IN
ACC000563,Growth,Company 563,UK
ACC000564,Growth,Company 564,US
ACC000565,Enterprise,Company 565,US
ACC000566,Enterprise,Company 566,UK
ACC000567,Core,Company 567,US
ACC000568,Growth,Company 568,US
ACC000569,Growth,Company 569,CA
ACC000570,Core,Company 570,US
ACC000571,Enterprise,Company 571,US
ACC000572,Growth,Company 572,US
ACC000573,Enterprise,Company 573,US
ACC000574,Individuals,Company 574,US
ACC000575,Growth,Company 575,AU
ACC000576,Individuals,Company 576,US
ACC000577,Growth,Company 577,UK
ACC000578,Individuals,Company 578,UK
ACC000579,Core,Company 579,US
ACC000580,Growth,Company 580,US
ACC000581,Growth,Company 581,US
ACC000582,Core,Company 582,UK
ACC000583,Growth,Company 583,US
ACC000584,Individuals,Company 584,CA
ACC000585,Growth,Company 585,AU
ACC000586,Core,Company 586,CA
ACC000587,Core,Company 587,IN
ACC000588,Core,Company 588,CA
ACC000589,Core,Company 589,AU
ACC000590,Individuals,Company 590,AU
ACC000591,Growth,Company 591,CA
ACC000592,Core,Company 592,CA
ACC000593,Growth,Company 593,IN
ACC000594,Core,Company 594,US
ACC000595,Core,Company 595,UK
ACC000596,Enterprise,Company 596,US
ACC000597,Growth,Company 597,AU
ACC000598,Individuals,Company 598,US
ACC000599,Growth,Company 599,CA
ACC000600,Growth,Company 600,CA
ACC000601,Enterprise,Company 601,IN
ACC000602,Individuals,Company 602,US
ACC000603,Enterprise,Company 603,CA
ACC000604,Individuals,Company 604,CA
ACC000605,Enterprise,Company 605,IN
ACC000606,Individuals,Company 606,AU
ACC000607,Core,Company 607,UK
ACC000608,Enterprise,Company 608,UK
ACC000609,Growth,Company 609,US
ACC000610,Growth,Company 610,IN
ACC000611,Enterprise,Company 611,US
ACC000612,Individuals,Company 612,CA
ACC000613,Individuals,Company 613,CA
ACC000614,Core,Company 614,US
ACC000615,Enterprise,Company 615,US
ACC000616,Enterprise,Company 616,US
ACC000617,Core,Company 617,AU
ACC000618,Core,Company 618,US
ACC000619,Core,Company 619,US
ACC000620,Enterprise,Company 620,CA
ACC000621,Growth,Company 621,US
ACC000622,Individuals,Company 622,AU
ACC000623,Growth,Company 623,US
ACC000624,Individuals,Company 624,US
ACC000625,Growth,Company 625,US
ACC000626,Enterprise,Company 626,US
ACC000627,Core,Company 627,US
ACC000628,Growth,Company 628,CA
ACC000629,Enterprise,Company 629,US
ACC000630,Individuals,Company 630,US
ACC000631,Enterprise,Company 631,US
ACC000632,Core,Company 632,US
ACC000633,Growth,Company 633,IN
ACC000634,Core,Company 634,US
ACC000635,Core,Company 635,IN
ACC000636,Enterprise,Company 636,US
ACC000637,Enterprise,Company 637,US
ACC000638,Enterprise,Company 638,US
ACC000639,Individuals,Company 639,US
ACC000640,Enterprise,Company 640,CA
ACC000641,Enterprise,Company 641,US
ACC000642,Core,Company 642,US
ACC000643,Core,Company 643,UK
ACC000644,Growth,Company 644,UK
ACC000645,Individuals,Company 645,IN
ACC000646,Core,Company 646,IN
ACC000647,Growth,Company 647,UK
ACC000648,Enterprise,Company 648,CA
ACC000649,Core,Company 649,CA
ACC000650,Growth,Company 650,US
ACC000651,Individuals,Company 651,CA
ACC000652,Enterprise,Company 652,US
ACC000653,Core,Company 653,CA
ACC000654,Individuals,Company 654,IN
ACC000655,Core,Company 655,US
ACC000656,Individuals,Company 656,AU
ACC000657,Core,Company 657,IN
ACC000658,Growth,Company 658,US
ACC000659,Growth,Company 659,US
ACC000660,Core,Company 660,IN
ACC000661,Individuals,Company 661,IN
ACC000662,Core,Company 662,US
ACC000663,Core,Company 663,US
ACC000664,Core,Company 664,UK
ACC000665,Enterprise,Company 665,US
ACC000666,Enterprise,Company 666,US
ACC000667,Individuals,Company 667,US
ACC000668,Core,Company 668,US
ACC000669,Growth,Company 669,UK
ACC000670,Core,Company 670,UK
ACC000671,Growth,Company 671,UK
ACC000672,Individuals,Company 672,CA
ACC000673,Enterprise,Company 673,US
ACC000674,Growth,Company 674,US
ACC000675,Growth,Company 675,US
ACC000676,Individuals,Company 676,US
ACC000677,Growth,Company 677,US
ACC000678,Core,Company 678,US
ACC000679,Growth,Company 679,US
ACC000680,Core,Company 680,US
ACC000681,Core,Company 681,UK
ACC000682,Core,Company 682,UK
ACC000683,Growth,Company 683,IN
ACC000684,Growth,Company 684,CA
ACC000685,Core,Company 685,UK
ACC000686,Growth,Company 686,US
ACC000687,Individuals,Company 687,UK
ACC000688,Enterprise,Company 688,US
ACC000689,Growth,Company 689,US
ACC000690,Core,Company 690,US
ACC000691,Individuals,Company 691,US
ACC000692,Core,Company 692,US
ACC000693,Core,Company 693,UK
ACC000694,Individuals,Company 694,AU
ACC000695,Growth,Company 695,CA
ACC000696,Enterprise,Company 696,UK
ACC000697,Growth,Company 697,US
ACC000698,Enterprise,Company 698,US
ACC000699,Core,Company 699,CA
ACC000700,Core,Company 700,US
ACC000701,Core,Company 701,US
ACC000702,Core,Company 702,US
ACC000703,Individuals,Company 703,IN
ACC000704,Core,Company 704,UK
ACC000705,Growth,Company 705,US
ACC000706,Enterprise,Company 706,UK
ACC000707,Enterprise,Company 707,US
ACC000708,Growth,Company 708,US
ACC000709,Growth,Company 709,US
ACC000710,Individuals,Company 710,US
ACC000711,Enterprise,Company 711,UK
ACC000712,Enterprise,Company 712,US
ACC000713,Individuals,Company 713,CA
ACC000714,Enterprise,Company 714,US
ACC000715,Core,Company 715,UK
ACC000716,Growth,Company 716,UK
ACC000717,Core,Company 717,UK
ACC000718,Enterprise,Company 718,UK
ACC000719,Individuals,Company 719,IN
ACC000720,Growth,Company 720,US
ACC000721,Growth,Company 721,CA
ACC000722,Core,Company 722,CA
ACC000723,Individuals,Company 723,US
ACC000724,Core,Company 724,US
ACC000725,Core,Company 725,US
ACC000726,Core,Company 726,US
ACC000727,Core,Company 727,US
ACC000728,Growth,Company 728,US
ACC000729,Growth,Company 729,UK
ACC000730,Core,Company 730,US
ACC000731,Core,Company 731,CA
ACC000732,Core,Company 732,US
ACC000733,Growth,Company 733,CA
ACC000734,Core,Company 734,US
ACC000735,Enterprise,Company 735,US
ACC000736,Core,Company 736,US
ACC000737,Core,Company 737,UK
ACC000738,Growth,Company 738,US
ACC000739,Growth,Company 739,IN
ACC000740,Core,Company 740,US
ACC000741,Core,Company 741,UK
ACC000742,Individuals,Company 742,US
ACC000743,Core,Company 743,UK
ACC000744,Growth,Company 744,US
ACC000745,Growth,Company 745,US
ACC000746,Core,Company 746,US
ACC000747,Growth,Company 747,US
ACC000748,Enterprise,Company 748,US
ACC000749,Enterprise,Company 749,IN
ACC000750,Core,Company 750,US
ACC000751,Core,Company 751,US
ACC000752,Core,Company 752,IN
ACC000753,Growth,Company 753,US
ACC000754,Enterprise,Company 754,US
ACC000755,Core,Company 755,CA
ACC000756,Core,Company 756,AU
ACC000757,Individuals,Company 757,CA
ACC000758,Core,Company 758,US
ACC000759,Growth,Company 759,IN
ACC000760,Enterprise,Company 760,US
ACC000761,Core,Company 761,IN
ACC000762,Core,Company 762,AU
ACC000763,Core,Company 763,IN
ACC000764,Individuals,Company 764,US
ACC000765,Core,Company 765,US
ACC000766,Core,Company 766,UK
ACC000767,Core,Company 767,US
ACC000768,Core,Company 768,US
ACC000769,Growth,Company 769,IN
ACC000770,Core,Company 770,UK
ACC000771,Growth,Company 771,US
ACC000772,Growth,Company 772,US
ACC000773,Enterprise,Company 773,US
ACC000774,Core,Company 774,US
ACC000775,Individuals,Company 775,US
ACC000776,Growth,Company 776,CA
ACC000777,Core,Company 777,CA
ACC000778,Enterprise,Company 778,US
ACC000779,Individuals,Company 779,US
ACC000780,Core,Company 780,UK
ACC000781,Individuals,Company 781,CA
ACC000782,Growth,Company 782,AU
ACC000783,Growth,Company 783,US
ACC000784,Individuals,Company 784,CA
ACC000785,Growth,Company 785,US
ACC000786,Enterprise,Company 786,US
ACC000787,Core,Company 787,AU
ACC000788,Enterprise,Company 788,US
ACC000789,Growth,Company 789,US
ACC000790,Core,Company 790,US
ACC000791,Growth,Company 791,US
ACC000792,Core,Company 792,US
ACC000793,Core,Company 793,UK
ACC000794,Core,Company 794,US
ACC000795,Core,Company 795,US
ACC000796,Core,Company 796,AU
ACC000797,Core,Company 797,US
ACC000798,Enterprise,Company 798,IN
ACC000799,Enterprise,Company 799,US
ACC000800,Enterprise,Company 800,UK
ACC000801,Core,Company 801,US
ACC000802,Individuals,Company 802,AU
ACC000803,Growth,Company 803,US
ACC000804,Core,Company 804,AU
ACC000805,Core,Company 805,US
ACC000806,Enterprise,Company 806,UK
ACC000807,Core,Company 807,US
ACC000808,Growth,Company 808,US
ACC000809,Individuals,Company 809,US
ACC000810,Core,Company 810,US
ACC000811,Core,Company 811,US
ACC000812,Individuals,Company 812,UK
ACC000813,Growth,Company 813,US
ACC000814,Core,Company 814,US
ACC000815,Individuals,Company 815,US
ACC000816,Individuals,Company 816,US
ACC000817,Growth,Company 817,US
ACC000818,Growth,Company 818,UK
ACC000819,Core,Company 819,US
ACC000820,Core,Company 820,AU
ACC000821,Growth,Company 821,US
ACC000822,Core,Company 822,US
ACC000823,Enterprise,Company 823,AU
ACC000824,Enterprise,Company 824,US
ACC000825,Core,Company 825,US
ACC000826,Growth,Company 826,IN
ACC000827,Core,Company 827,IN
ACC000828,Individuals,Company 828,CA
ACC000829,Core,Company 829,US
ACC000830,Growth,Company 830,UK
ACC000831,Growth,Company 831,IN
ACC000832,Growth,Company 832,IN
ACC000833,Enterprise,Company 833,US
ACC000834,Enterprise,Company 834,US
ACC000835,Growth,Company 835,US
ACC000836,Enterprise,Company 836,US
ACC000837,Individuals,Company 837,UK
ACC000838,Growth,Company 838,US
ACC000839,Growth,Company 839,US
ACC000840,Core,Company 840,US
ACC000841,Enterprise,Company 841,US
ACC000842,Growth,Company 842,US
ACC000843,Growth,Company 843,US
ACC000844,Core,Company 844,US
ACC000845,Individuals,Company 845,IN
ACC000846,Growth,Company 846,US
ACC000847,Enterprise,Company 847,US
ACC000848,Core,Company 848,US
ACC000849,Individuals,Company 849,US
ACC000850,Core,Company 850,US
ACC000851,Core,Company 851,US
ACC000852,Individuals,Company 852,US
ACC000853,Individuals,Company 853,US
ACC000854,Core,Company 854,UK
ACC000855,Growth,Company 855,US
ACC000856,Enterprise,Company 856,US
ACC000857,Individuals,Company 857,UK
ACC000858,Growth,Company 858,US
ACC000859,Growth,Company 859,US
ACC000860,Enterprise,Company 860,US
ACC000861,Enterprise,Company 861,US
ACC000862,Enterprise,Company 862,US
ACC000863,Growth,Company 863,IN
ACC000864,Core,Company 864,IN
ACC000865,Individuals,Company 865,IN
ACC000866,Individuals,Company 866,US
ACC000867,Enterprise,Company 867,US
ACC000868,Core,Company 868,US
ACC000869,Core,Company 869,US
ACC000870,Enterprise,Company 870,US
ACC000871,Core,Company 871,US
ACC000872,Individuals,Company 872,US
ACC000873,Growth,Company 873,US
ACC000874,Enterprise,Company 874,US
ACC000875,Individuals,Company 875,CA
ACC000876,Growth,Company 876,US
ACC000877,Core,Company 877,AU
ACC000878,Growth,Company 878,US
ACC000879,Growth,Company 879,US
ACC000880,Growth,Company 880,US
ACC000881,Growth,Company 881,US
ACC000882,Individuals,Company 882,US
ACC000883,Growth,Company 883,US
ACC000884,Core,Company 884,UK
ACC000885,Growth,Company 885,US
ACC000886,Growth,Company 886,US
ACC000887,Core,Company 887,IN
ACC000888,Core,Company 888,US
ACC000889,Enterprise,Company 889,UK
ACC000890,Core,Company 890,US
ACC000891,Individuals,Company 891,US
ACC000892,Core,Company 892,US
ACC000893,Core,Company 893,US
ACC000894,Enterprise,Company 894,CA
ACC000895,Individuals,Company 895,US
ACC000896,Core,Company 896,US
ACC000897,Core,Company 897,US
ACC000898,Core,Company 898,AU
ACC000899,Growth,Company 899,CA
ACC000900,Growth,Company 900,IN
ACC000901,Core,Company 901,UK
ACC000902,Core,Company 902,UK
ACC000903,Growth,Company 903,US
ACC000904,Individuals,Company 904,AU
ACC000905,Enterprise,Company 905,US
ACC000906,Growth,Company 906,US
ACC000907,Core,Company 907,UK
ACC000908,Core,Company 908,US
ACC000909,Core,Company 909,US
ACC000910,Enterprise,Company 910,US
ACC000911,Individuals,Company 911,US
ACC000912,Individuals,Company 912,AU
ACC000913,Individuals,Company 913,US
ACC000914,Individuals,Company 914,AU
ACC000915,Individuals,Company 915,US
ACC000916,Core,Company 916,CA
ACC000917,Core,Company 917,US
ACC000918,Core,Company 918,IN
ACC000919,Growth,Company 919,US
ACC000920,Core,Company 920,US
ACC000921,Enterprise,Company 921,US
ACC000922,Growth,Company 922,US
ACC000923,Growth,Company 923,US
ACC000924,Core,Company 924,CA
ACC000925,Core,Company 925,IN
ACC000926,Core,Company 926,UK
ACC000927,Individuals,Company 927,US
ACC000928,Growth,Company 928,US
ACC000929,Enterprise,Company 929,AU
ACC000930,Core,Company 930,AU
ACC000931,Growth,Company 931,US
ACC000932,Growth,Company 932,IN
ACC000933,Enterprise,Company 933,US
ACC000934,Enterprise,Company 934,CA
ACC000935,Core,Company 935,IN
ACC000936,Individuals,Company 936,CA
ACC000937,Core,Company 937,US
ACC000938,Individuals,Company 938,UK
ACC000939,Core,Company 939,US
ACC000940,Core,Company 940,CA
ACC000941,Enterprise,Company 941,US
ACC000942,Core,Company 942,UK
ACC000943,Growth,Company 943,AU
ACC000944,Growth,Company 944,US
ACC000945,Core,Company 945,US
ACC000946,Enterprise,Company 946,UK
ACC000947,Individuals,Company 947,US
ACC000948,Individuals,Company 948,US
ACC000949,Core,Company 949,US
ACC000950,Growth,Company 950,US
ACC000951,Core,Company 951,UK
ACC000952,Core,Company 952,UK
ACC000953,Core,Company 953,US
ACC000954,Individuals,Company 954,US
ACC000955,Individuals,Company 955,US
ACC000956,Enterprise,Company 956,US
ACC000957,Growth,Company 957,CA
ACC000958,Growth,Company 958,US
ACC000959,Growth,Company 959,US
ACC000960,Growth,Company 960,IN
ACC000961,Growth,Company 961,US
ACC000962,Core,Company 962,UK
ACC000963,Core,Company 963,US
ACC000964,Individuals,Company 964,US
ACC000965,Growth,Company 965,US
ACC000966,Individuals,Company 966,CA
ACC000967,Core,Company 967,AU
ACC000968,Growth,Company 968,US
ACC000969,Core,Company 969,US
ACC000970,Core,Company 970,US
ACC000971,Core,Company 971,UK
ACC000972,Core,Company 972,UK
ACC000973,Individuals,Company 973,UK
ACC000974,Core,Company 974,AU
ACC000975,Growth,Company 975,US
ACC000976,Growth,Company 976,UK
ACC000977,Growth,Company 977,UK
ACC000978,Growth,Company 978,US
ACC000979,Core,Company 979,AU
ACC000980,Individuals,Company 980,US
ACC000981,Enterprise,Company 981,CA
ACC000982,Enterprise,Company 982,CA
ACC000983,Growth,Company 983,AU
ACC000984,Core,Company 984,US
ACC000985,Individuals,Company 985,US
ACC000986,Core,Company 986,AU
ACC000987,Core,Company 987,CA
ACC000988,Core,Company 988,US
ACC000989,Enterprise,Company 989,CA
ACC000990,Growth,Company 990,US
ACC000991,Enterprise,Company 991,UK
ACC000992,Enterprise,Company 992,AU
ACC000993,Core,Company 993,US
ACC000994,Individuals,Company 994,US
ACC000995,Growth,Company 995,IN
ACC000996,Growth,Company 996,CA
ACC000997,Core,Company 997,AU
ACC000998,Individuals,Company 998,US
ACC000999,Core,Company 999,IN
ACC001000,Core,Company 1000,US
ACC001001,Growth,Company 1001,US
ACC001002,Core,Company 1002,US
ACC001003,Core,Company 1003,CA
ACC001004,Growth,Company 1004,AU
ACC001005,Growth,Company 1005,CA
ACC001006,Individuals,Company 1006,UK
ACC001007,Core,Company 1007,US
ACC001008,Enterprise,Company 1008,US
ACC001009,Growth,Company 1009,US
ACC001010,Enterprise,Company 1010,US
ACC001011,Growth,Company 1011,US
ACC001012,Growth,Company 1012,AU
ACC001013,Individuals,Company 1013,CA
ACC001014,Core,Company 1014,CA
ACC001015,Core,Company 1015,US
ACC001016,Enterprise,Company 1016,US
ACC001017,Enterprise,Company 1017,US
ACC001018,Core,Company 1018,US
ACC001019,Growth,Company 1019,US
ACC001020,Individuals,Company 1020,US
ACC001021,Enterprise,Company 1021,US
ACC001022,Individuals,Company 1022,UK
ACC001023,Growth,Company 1023,US
ACC001024,Enterprise,Company 1024,US
ACC001025,Core,Company 1025,US
ACC001026,Individuals,Company 1026,US
ACC001027,Growth,Company 1027,US
ACC001028,Enterprise,Company 1028,US
ACC001029,Growth,Company 1029,UK
ACC001030,Growth,Company 1030,US
ACC001031,Enterprise,Company 1031,AU
ACC001032,Growth,Company 1032,US
ACC001033,Individuals,Company 1033,US
ACC001034,Growth,Company 1034,US
ACC001035,Growth,Company 1035,US
ACC001036,Core,Company 1036,US
ACC001037,Growth,Company 1037,AU
ACC001038,Growth,Company 1038,US
ACC001039,Core,Company 1039,UK
ACC001040,Core,Company 1040,US
ACC001041,Enterprise,Company 1041,US
ACC001042,Enterprise,Company 1042,US
ACC001043,Enterprise,Company 1043,US
ACC001044,Core,Company 1044,US
ACC001045,Core,Company 1045,IN
ACC001046,Core,Company 1046,CA
ACC001047,Enterprise,Company 1047,IN
ACC001048,Individuals,Company 1048,US
ACC001049,Core,Company 1049,CA
ACC001050,Enterprise,Company 1050,UK
ACC001051,Core,Company 1051,UK
ACC001052,Core,Company 1052,IN
ACC001053,Core,Company 1053,UK
ACC001054,Core,Company 1054,AU
ACC001055,Enterprise,Company 1055,CA
ACC001056,Individuals,Company 1056,US
ACC001057,Core,Company 1057,UK
ACC001058,Growth,Company 1058,US
ACC001059,Enterprise,Company 1059,AU
ACC001060,Individuals,Company 1060,CA
ACC001061,Growth,Company 1061,US
ACC001062,Core,Company 1062,US
ACC001063,Growth,Company 1063,US
ACC001064,Core,Company 1064,US
ACC001065,Individuals,Company 1065,US
ACC001066,Growth,Company 1066,CA
ACC001067,Enterprise,Company 1067,UK
ACC001068,Core,Company 1068,AU
ACC001069,Growth,Company 1069,US
ACC001070,Individuals,Company 1070,US
ACC001071,Growth,Company 1071,US
ACC001072,Growth,Company 1072,AU
ACC001073,Individuals,Company 1073,US
ACC001074,Individuals,Company 1074,US
ACC001075,Core,Company 1075,US
ACC001076,Growth,Company 1076,CA
ACC001077,Growth,Company 1077,US
ACC001078,Growth,Company 1078,UK
ACC001079,Core,Company 1079,CA
ACC001080,Core,Company 1080,CA
ACC001081,Individuals,Company 1081,US
ACC001082,Individuals,Company 1082,US
ACC001083,Enterprise,Company 1083,US
ACC001084,Individuals,Company 1084,US
ACC001085,Enterprise,Company 1085,UK
ACC001086,Enterprise,Company 1086,US
ACC001087,Enterprise,Company 1087,US
ACC001088,Growth,Company 1088,US
ACC001089,Growth,Company 1089,UK
ACC001090,Core,Company 1090,US
ACC001091,Growth,Company 1091,UK
ACC001092,Core,Company 1092,US
ACC001093,Core,Company 1093,IN
ACC001094,Growth,Company 1094,UK
ACC001095,Growth,Company 1095,US
ACC001096,Core,Company 1096,US
ACC001097,Enterprise,Company 1097,US
ACC001098,Individuals,Company 1098,US
ACC001099,Core,Company 1099,US
ACC001100,Core,Company 1100,AU
ACC001101,Core,Company 1101,UK
ACC001102,Enterprise,Company 1102,US
ACC001103,Enterprise,Company 1103,UK
ACC001104,Core,Company 1104,US
ACC001105,Enterprise,Company 1105,IN
ACC001106,Core,Company 1106,US
ACC001107,Growth,Company 1107,CA
ACC001108,Individuals,Company 1108,CA
ACC001109,Core,Company 1109,US
ACC001110,Core,Company 1110,US
ACC001111,Growth,Company 1111,US
ACC001112,Growth,Company 1112,AU
ACC001113,Individuals,Company 1113,US
ACC001114,Individuals,Company 1114,UK
ACC001115,Core,Company 1115,CA
ACC001116,Core,Company 1116,AU
ACC001117,Enterprise,Company 1117,US
ACC001118,Core,Company 1118,US
ACC001119,Individuals,Company 1119,CA
ACC001120,Enterprise,Company 1120,US
ACC001121,Core,Company 1121,AU
ACC001122,Enterprise,Company 1122,US
ACC001123,Core,Company 1123,US
ACC001124,Growth,Company 1124,CA
ACC001125,Growth,Company 1125,US
ACC001126,Growth,Company 1126,US
ACC001127,Enterprise,Company 1127,US
ACC001128,Enterprise,Company 1128,US
ACC001129,Individuals,Company 1129,AU
ACC001130,Individuals,Company 1130,US
ACC001131,Growth,Company 1131,US
ACC001132,Core,Company 1132,US
ACC001133,Enterprise,Company 1133,IN
ACC001134,Individuals,Company 1134,US
ACC001135,Core,Company 1135,IN
ACC001136,Growth,Company 1136,AU
ACC001137,Growth,Company 1137,US
ACC001138,Core,Company 1138,CA
ACC001139,Enterprise,Company 1139,UK
ACC001140,Growth,Company 1140,US
ACC001141,Enterprise,Company 1141,US
ACC001142,Enterprise,Company 1142,CA
ACC001143,Enterprise,Company 1143,CA
ACC001144,Growth,Company 1144,CA
ACC001145,Core,Company 1145,IN
ACC001146,Enterprise,Company 1146,US
ACC001147,Enterprise,Company 1147,CA
ACC001148,Growth,Company 1148,AU
ACC001149,Individuals,Company 1149,US
ACC001150,Core,Company 1150,US
ACC001151,Individuals,Company 1151,US
ACC001152,Core,Company 1152,AU
ACC001153,Core,Company 1153,US
ACC001154,Growth,Company 1154,CA
ACC001155,Core,Company 1155,US
ACC001156,Core,Company 1156,US
ACC001157,Core,Company 1157,UK
ACC001158,Growth,Company 1158,US
ACC001159,Enterprise,Company 1159,AU
ACC001160,Core,Company 1160,US
ACC001161,Enterprise,Company 1161,AU
ACC001162,Enterprise,Company 1162,US
ACC001163,Core,Company 1163,IN
ACC001164,Core,Company 1164,UK
ACC001165,Individuals,Company 1165,US
ACC001166,Enterprise,Company 1166,US
ACC001167,Growth,Company 1167,US
ACC001168,Enterprise,Company 1168,UK
ACC001169,Core,Company 1169,CA
ACC001170,Growth,Company 1170,US
ACC001171,Enterprise,Company 1171,US
ACC001172,Core,Company 1172,UK
ACC001173,Enterprise,Company 1173,US
ACC001174,Growth,Company 1174,UK
ACC001175,Enterprise,Company 1175,US
ACC001176,Growth,Company 1176,CA
ACC001177,Growth,Company 1177,IN
ACC001178,Core,Company 1178,US
ACC001179,Core,Company 1179,US
ACC001180,Enterprise,Company 1180,US
ACC001181,Core,Company 1181,UK
ACC001182,Core,Company 1182,US
ACC001183,Core,Company 1183,IN
ACC001184,Core,Company 1184,UK
ACC001185,Enterprise,Company 1185,US
ACC001186,Growth,Company 1186,CA
ACC001187,Individuals,Company 1187,US
ACC001188,Core,Company 1188,CA
ACC001189,Enterprise,Company 1189,US
ACC001190,Growth,Company 1190,UK
ACC001191,Growth,Company 1191,IN
ACC001192,Individuals,Company 1192,CA
ACC001193,Individuals,Company 1193,AU
ACC001194,Individuals,Company 1194,US
ACC001195,Core,Company 1195,AU
ACC001196,Core,Company 1196,UK
ACC001197,Enterprise,Company 1197,UK
ACC001198,Core,Company 1198,US
ACC001199,Enterprise,Company 1199,US
ACC001200,Growth,Company 1200,UK
ACC001201,Growth,Company 1201,US
ACC001202,Enterprise,Company 1202,CA
ACC001203,Enterprise,Company 1203,AU
ACC001204,Core,Company 1204,IN
ACC001205,Core,Company 1205,US
ACC001206,Growth,Company 1206,IN
ACC001207,Growth,Company 1207,US
ACC001208,Core,Company 1208,US
ACC001209,Growth,Company 1209,AU
ACC001210,Enterprise,Company 1210,US
ACC001211,Enterprise,Company 1211,US
ACC001212,Growth,Company 1212,US
ACC001213,Growth,Company 1213,US
ACC001214,Core,Company 1214,CA
ACC001215,Growth,Company 1215,US
ACC001216,Core,Company 1216,US
ACC001217,Growth,Company 1217,UK
ACC001218,Enterprise,Company 1218,US
ACC001219,Core,Company 1219,CA
ACC001220,Core,Company 1220,IN
ACC001221,Core,Company 1221,CA
ACC001222,Individuals,Company 1222,AU
ACC001223,Growth,Company 1223,US
ACC001224,Core,Company 1224,AU
ACC001225,Individuals,Company 1225,US
ACC001226,Growth,Company 1226,US
ACC001227,Growth,Company 1227,UK
ACC001228,Individuals,Company 1228,US
ACC001229,Core,Company 1229,AU
ACC001230,Core,Company 1230,UK
ACC001231,Growth,Company 1231,IN
ACC001232,Core,Company 1232,US
ACC001233,Enterprise,Company 1233,US
ACC001234,Core,Company 1234,CA
ACC001235,Core,Company 1235,US
ACC001236,Core,Company 1236,US
ACC001237,Growth,Company 1237,UK
ACC001238,Core,Company 1238,IN
ACC001239,Core,Company 1239,CA
ACC001240,Individuals,Company 1240,US
ACC001241,Core,Company 1241,US
ACC001242,Growth,Company 1242,UK
ACC001243,Core,Company 1243,US
ACC001244,Growth,Company 1244,US
ACC001245,Core,Company 1245,US
ACC001246,Growth,Company 1246,US
ACC001247,Core,Company 1247,US
ACC001248,Individuals,Company 1248,US
ACC001249,Individuals,Company 1249,UK
ACC001250,Core,Company 1250,US
ACC001251,Core,Company 1251,CA
ACC001252,Core,Company 1252,US
ACC001253,Growth,Company 1253,AU
ACC001254,Core,Company 1254,US
ACC001255,Individuals,Company 1255,US
ACC001256,Enterprise,Company 1256,US
ACC001257,Enterprise,Company 1257,US
ACC001258,Growth,Company 1258,US
ACC001259,Individuals,Company 1259,AU
ACC001260,Core,Company 1260,AU
ACC001261,Growth,Company 1261,US
ACC001262,Core,Company 1262,US
ACC001263,Individuals,Company 1263,CA
ACC001264,Growth,Company 1264,UK
ACC001265,Enterprise,Company 1265,US
ACC001266,Core,Company 1266,CA
ACC001267,Individuals,Company 1267,US
ACC001268,Growth,Company 1268,UK
ACC001269,Growth,Company 1269,US
ACC001270,Individuals,Company 1270,US
ACC001271,Growth,Company 1271,US
ACC001272,Growth,Company 1272,CA
ACC001273,Growth,Company 1273,US
ACC001274,Core,Company 1274,CA
ACC001275,Core,Company 1275,CA
ACC001276,Core,Company 1276,CA
ACC001277,Core,Company 1277,US
ACC001278,Individuals,Company 1278,US
ACC001279,Growth,Company 1279,US
ACC001280,Growth,Company 1280,UK
ACC001281,Growth,Company 1281,AU
ACC001282,Growth,Company 1282,US
ACC001283,Growth,Company 1283,AU
ACC001284,Individuals,Company 1284,US
ACC001285,Individuals,Company 1285,US
ACC001286,Growth,Company 1286,US
ACC001287,Core,Company 1287,CA
ACC001288,Growth,Company 1288,US
ACC001289,Growth,Company 1289,US
ACC001290,Growth,Company 1290,CA
ACC001291,Enterprise,Company 1291,US
ACC001292,Growth,Company 1292,US
ACC001293,Core,Company 1293,US
ACC001294,Core,Company 1294,US
ACC001295,Growth,Company 1295,US
ACC001296,Core,Company 1296,US
ACC001297,Core,Company 1297,UK
ACC001298,Enterprise,Company 1298,US
ACC001299,Growth,Company 1299,UK
ACC001300,Core,Company 1300,US
ACC001301,Growth,Company 1301,US
ACC001302,Enterprise,Company 1302,US
ACC001303,Core,Company 1303,US
ACC001304,Enterprise,Company 1304,US
ACC001305,Individuals,Company 1305,US
ACC001306,Growth,Company 1306,AU
ACC001307,Enterprise,Company 1307,AU
ACC001308,Core,Company 1308,US
ACC001309,Individuals,Company 1309,UK
ACC001310,Growth,Company 1310,UK
ACC001311,Individuals,Company 1311,AU
ACC001312,Growth,Company 1312,US
ACC001313,Core,Company 1313,US
ACC001314,Core,Company 1314,US
ACC001315,Enterprise,Company 1315,US
ACC001316,Growth,Company 1316,US
ACC001317,Core,Company 1317,AU
ACC001318,Enterprise,Company 1318,AU
ACC001319,Individuals,Company 1319,US
ACC001320,Growth,Company 1320,US
ACC001321,Growth,Company 1321,US
ACC001322,Core,Company 1322,US
ACC001323,Enterprise,Company 1323,UK
ACC001324,Core,Company 1324,US
ACC001325,Individuals,Company 1325,AU
ACC001326,Growth,Company 1326,IN
ACC001327,Growth,Company 1327,UK
ACC001328,Core,Company 1328,UK
ACC001329,Core,Company 1329,US
ACC001330,Enterprise,Company 1330,US
ACC001331,Growth,Company 1331,US
ACC001332,Growth,Company 1332,UK
ACC001333,Individuals,Company 1333,US
ACC001334,Individuals,Company 1334,AU
ACC001335,Individuals,Company 1335,US
ACC001336,Core,Company 1336,US
ACC001337,Growth,Company 1337,US
ACC001338,Individuals,Company 1338,IN
ACC001339,Growth,Company 1339,US
ACC001340,Core,Company 1340,US
ACC001341,Enterprise,Company 1341,US
ACC001342,Growth,Company 1342,UK
ACC001343,Growth,Company 1343,IN
ACC001344,Individuals,Company 1344,US
ACC001345,Growth,Company 1345,AU
ACC001346,Growth,Company 1346,US
ACC001347,Growth,Company 1347,UK
ACC001348,Growth,Company 1348,US
ACC001349,Core,Company 1349,US
ACC001350,Enterprise,Company 1350,UK
ACC001351,Enterprise,Company 1351,US
ACC001352,Core,Company 1352,US
ACC001353,Core,Company 1353,AU
ACC001354,Individuals,Company 1354,IN
ACC001355,Core,Company 1355,US
ACC001356,Growth,Company 1356,UK
ACC001357,Growth,Company 1357,CA
ACC001358,Enterprise,Company 1358,US
ACC001359,Core,Company 1359,AU
ACC001360,Enterprise,Company 1360,US
ACC001361,Growth,Company 1361,CA
ACC001362,Growth,Company 1362,US
ACC001363,Core,Company 1363,US
ACC001364,Growth,Company 1364,US
ACC001365,Growth,Company 1365,US
ACC001366,Core,Company 1366,AU
ACC001367,Core,Company 1367,IN
ACC001368,Core,Company 1368,US
ACC001369,Core,Company 1369,US
ACC001370,Core,Company 1370,US
ACC001371,Individuals,Company 1371,US
ACC001372,Growth,Company 1372,US
ACC001373,Enterprise,Company 1373,AU
ACC001374,Individuals,Company 1374,CA
ACC001375,Core,Company 1375,US
ACC001376,Enterprise,Company 1376,US
ACC001377,Individuals,Company 1377,UK
ACC001378,Growth,Company 1378,US
ACC001379,Growth,Company 1379,US
ACC001380,Growth,Company 1380,US
ACC001381,Core,Company 1381,US
ACC001382,Growth,Company 1382,US
ACC001383,Individuals,Company 1383,CA
ACC001384,Individuals,Company 1384,US
ACC001385,Core,Company 1385,UK
ACC001386,Enterprise,Company 1386,US
ACC001387,Core,Company 1387,AU
ACC001388,Individuals,Company 1388,US
ACC001389,Core,Company 1389,US
ACC001390,Individuals,Company 1390,US
ACC001391,Enterprise,Company 1391,US
ACC001392,Core,Company 1392,US
ACC001393,Core,Company 1393,CA
ACC001394,Enterprise,Company 1394,US
ACC001395,Core,Company 1395,US
ACC001396,Growth,Company 1396,US
ACC001397,Individuals,Company 1397,CA
ACC001398,Growth,Company 1398,AU
ACC001399,Growth,Company 1399,CA
ACC001400,Growth,Company 1400,UK
ACC001401,Core,Company 1401,CA
ACC001402,Individuals,Company 1402,UK
ACC001403,Core,Company 1403,US
ACC001404,Core,Company 1404,UK
ACC001405,Core,Company 1405,CA
ACC001406,Individuals,Company 1406,US
ACC001407,Core,Company 1407,UK
ACC001408,Individuals,Company 1408,US
ACC001409,Enterprise,Company 1409,US
ACC001410,Enterprise,Company 1410,US
ACC001411,Individuals,Company 1411,UK
ACC001412,Enterprise,Company 1412,AU
ACC001413,Individuals,Company 1413,US
ACC001414,Core,Company 1414,US
ACC001415,Enterprise,Company 1415,US
ACC001416,Growth,Company 1416,US
ACC001417,Growth,Company 1417,IN
ACC001418,Individuals,Company 1418,US
ACC001419,Individuals,Company 1419,US
ACC001420,Enterprise,Company 1420,US
ACC001421,Growth,Company 1421,IN
ACC001422,Growth,Company 1422,US
ACC001423,Growth,Company 1423,CA
ACC001424,Growth,Company 1424,US
ACC001425,Growth,Company 1425,US
ACC001426,Core,Company 1426,UK
ACC001427,Core,Company 1427,US
ACC001428,Enterprise,Company 1428,UK
ACC001429,Growth,Company 1429,US
ACC001430,Individuals,Company 1430,CA
ACC001431,Growth,Company 1431,CA
ACC001432,Core,Company 1432,CA
ACC001433,Core,Company 1433,US
ACC001434,Core,Company 1434,CA
ACC001435,Individuals,Company 1435,IN
ACC001436,Core,Company 1436,US
ACC001437,Growth,Company 1437,US
ACC001438,Individuals,Company 1438,CA
ACC001439,Individuals,Company 1439,US
ACC001440,Core,Company 1440,UK
ACC001441,Core,Company 1441,CA
ACC001442,Core,Company 1442,US
ACC001443,Core,Company 1443,UK
ACC001444,Core,Company 1444,UK
ACC001445,Growth,Company 1445,US
ACC001446,Individuals,Company 1446,AU
ACC001447,Growth,Company 1447,US
ACC001448,Growth,Company 1448,US
ACC001449,Core,Company 1449,AU
ACC001450,Enterprise,Company 1450,US
ACC001451,Growth,Company 1451,AU
ACC001452,Individuals,Company 1452,US
ACC001453,Individuals,Company 1453,US
ACC001454,Core,Company 1454,US
ACC001455,Core,Company 1455,UK
ACC001456,Core,Company 1456,CA
ACC001457,Growth,Company 1457,AU
ACC001458,Individuals,Company 1458,IN
ACC001459,Growth,Company 1459,UK
ACC001460,Enterprise,Company 1460,CA
ACC001461,Growth,Company 1461,US
ACC001462,Core,Company 1462,AU
ACC001463,Core,Company 1463,UK
ACC001464,Enterprise,Company 1464,AU
ACC001465,Enterprise,Company 1465,US
ACC001466,Growth,Company 1466,US
ACC001467,Core,Company 1467,CA
ACC001468,Enterprise,Company 1468,US
ACC001469,Core,Company 1469,US
ACC001470,Individuals,Company 1470,IN
ACC001471,Core,Company 1471,US
ACC001472,Core,Company 1472,US
ACC001473,Growth,Company 1473,US
ACC001474,Growth,Company 1474,US
ACC001475,Growth,Company 1475,UK
ACC001476,Growth,Company 1476,IN
ACC001477,Individuals,Company 1477,IN
ACC001478,Growth,Company 1478,UK
ACC001479,Growth,Company 1479,UK
ACC001480,Growth,Company 1480,US
ACC001481,Core,Company 1481,AU
ACC001482,Growth,Company 1482,US
ACC001483,Core,Company 1483,US
ACC001484,Growth,Company 1484,IN
ACC001485,Core,Company 1485,AU
ACC001486,Individuals,Company 1486,US
ACC001487,Growth,Company 1487,UK
ACC001488,Individuals,Company 1488,US
ACC001489,Growth,Company 1489,US
ACC001490,Core,Company 1490,US
ACC001491,Enterprise,Company 1491,US
ACC001492,Growth,Company 1492,US
ACC001493,Enterprise,Company 1493,US
ACC001494,Growth,Company 1494,US
ACC001495,Growth,Company 1495,US
ACC001496,Individuals,Company 1496,IN
ACC001497,Growth,Company 1497,UK
ACC001498,Core,Company 1498,AU
ACC001499,Enterprise,Company 1499,US
ACC001500,Enterprise,Company 1500,UK
ACC001501,Individuals,Company 1501,AU
ACC001502,Growth,Company 1502,US
ACC001503,Growth,Company 1503,US
ACC001504,Enterprise,Company 1504,US
ACC001505,Growth,Company 1505,US
ACC001506,Enterprise,Company 1506,US
ACC001507,Growth,Company 1507,US
ACC001508,Core,Company 1508,US
ACC001509,Enterprise,Company 1509,UK
ACC001510,Core,Company 1510,US
ACC001511,Core,Company 1511,US
ACC001512,Growth,Company 1512,UK
ACC001513,Enterprise,Company 1513,US
ACC001514,Individuals,Company 1514,US
ACC001515,Core,Company 1515,US
ACC001516,Core,Company 1516,US
ACC001517,Individuals,Company 1517,US
ACC001518,Core,Company 1518,US
ACC001519,Core,Company 1519,US
ACC001520,Core,Company 1520,IN
ACC001521,Growth,Company 1521,AU
ACC001522,Individuals,Company 1522,US
ACC001523,Enterprise,Company 1523,US
ACC001524,Enterprise,Company 1524,US
ACC001525,Core,Company 1525,AU
ACC001526,Growth,Company 1526,CA
ACC001527,Growth,Company 1527,US
ACC001528,Core,Company 1528,US
ACC001529,Core,Company 1529,US
ACC001530,Core,Company 1530,AU
ACC001531,Core,Company 1531,AU
ACC001532,Growth,Company 1532,US
ACC001533,Enterprise,Company 1533,UK
ACC001534,Core,Company 1534,US
ACC001535,Growth,Company 1535,UK
ACC001536,Enterprise,Company 1536,AU
ACC001537,Enterprise,Company 1537,US
ACC001538,Enterprise,Company 1538,US
ACC001539,Growth,Company 1539,UK
ACC001540,Enterprise,Company 1540,US
ACC001541,Core,Company 1541,CA
ACC001542,Growth,Company 1542,US
ACC001543,Core,Company 1543,AU
ACC001544,Growth,Company 1544,US
ACC001545,Growth,Company 1545,US
ACC001546,Core,Company 1546,US
ACC001547,Enterprise,Company 1547,US
ACC001548,Core,Company 1548,US
ACC001549,Core,Company 1549,UK
ACC001550,Core,Company 1550,US
ACC001551,Growth,Company 1551,US
ACC001552,Core,Company 1552,US
ACC001553,Growth,Company 1553,US
ACC001554,Core,Company 1554,AU
ACC001555,Enterprise,Company 1555,IN
ACC001556,Individuals,Company 1556,US
ACC001557,Growth,Company 1557,CA
ACC001558,Growth,Company 1558,CA
ACC001559,Individuals,Company 1559,IN
ACC001560,Individuals,Company 1560,US
ACC001561,Growth,Company 1561,US
ACC001562,Individuals,Company 1562,US
ACC001563,Individuals,Company 1563,AU
ACC001564,Enterprise,Company 1564,CA
ACC001565,Growth,Company 1565,US
ACC001566,Core,Company 1566,US
ACC001567,Core,Company 1567,CA
ACC001568,Growth,Company 1568,AU
ACC001569,Growth,Company 1569,US
ACC001570,Growth,Company 1570,UK
ACC001571,Growth,Company 1571,US
ACC001572,Growth,Company 1572,US
ACC001573,Enterprise,Company 1573,US
ACC001574,Core,Company 1574,CA
ACC001575,Core,Company 1575,IN
ACC001576,Enterprise,Company 1576,US
ACC001577,Enterprise,Company 1577,US
ACC001578,Individuals,Company 1578,US
ACC001579,Individuals,Company 1579,US
ACC001580,Individuals,Company 1580,US
ACC001581,Core,Company 1581,US
ACC001582,Growth,Company 1582,US
ACC001583,Core,Company 1583,US
ACC001584,Growth,Company 1584,US
ACC001585,Individuals,Company 1585,CA
ACC001586,Core,Company 1586,US
ACC001587,Growth,Company 1587,UK
ACC001588,Core,Company 1588,AU
ACC001589,Core,Company 1589,UK
ACC001590,Core,Company 1590,US
ACC001591,Core,Company 1591,US
ACC001592,Individuals,Company 1592,UK
ACC001593,Growth,Company 1593,US
ACC001594,Enterprise,Company 1594,US
ACC001595,Enterprise,Company 1595,US
ACC001596,Core,Company 1596,US
ACC001597,Core,Company 1597,US
ACC001598,Enterprise,Company 1598,UK
ACC001599,Core,Company 1599,US
ACC001600,Individuals,Company 1600,US
ACC001601,Core,Company 1601,CA
ACC001602,Enterprise,Company 1602,US
ACC001603,Enterprise,Company 1603,UK
ACC001604,Core,Company 1604,US
ACC001605,Core,Company 1605,US
ACC001606,Individuals,Company 1606,AU
ACC001607,Core,Company 1607,US
ACC001608,Growth,Company 1608,US
ACC001609,Growth,Company 1609,AU
ACC001610,Core,Company 1610,CA
ACC001611,Enterprise,Company 1611,UK
ACC001612,Enterprise,Company 1612,US
ACC001613,Growth,Company 1613,US
ACC001614,Enterprise,Company 1614,UK
ACC001615,Core,Company 1615,US
ACC001616,Core,Company 1616,US
ACC001617,Growth,Company 1617,CA
ACC001618,Individuals,Company 1618,US
ACC001619,Core,Company 1619,US
ACC001620,Core,Company 1620,US
ACC001621,Growth,Company 1621,US
ACC001622,Enterprise,Company 1622,UK
ACC001623,Core,Company 1623,AU
ACC001624,Growth,Company 1624,US
ACC001625,Enterprise,Company 1625,US
ACC001626,Growth,Company 1626,US
ACC001627,Core,Company 1627,US
ACC001628,Core,Company 1628,US
ACC001629,Growth,Company 1629,IN
ACC001630,Growth,Company 1630,US
ACC001631,Individuals,Company 1631,US
ACC001632,Growth,Company 1632,IN
ACC001633,Enterprise,Company 1633,US
ACC001634,Individuals,Company 1634,IN
ACC001635,Growth,Company 1635,US
ACC001636,Growth,Company 1636,US
ACC001637,Individuals,Company 1637,IN
ACC001638,Core,Company 1638,US
ACC001639,Enterprise,Company 1639,US
ACC001640,Enterprise,Company 1640,US
ACC001641,Core,Company 1641,UK
ACC001642,Growth,Company 1642,UK
ACC001643,Core,Company 1643,US
ACC001644,Core,Company 1644,CA
ACC001645,Growth,Company 1645,UK
ACC001646,Core,Company 1646,US
ACC001647,Enterprise,Company 1647,US
ACC001648,Individuals,Company 1648,US
ACC001649,Enterprise,Company 1649,US
ACC001650,Core,Company 1650,US
ACC001651,Core,Company 1651,US
ACC001652,Core,Company 1652,US
ACC001653,Core,Company 1653,US
ACC001654,Individuals,Company 1654,UK
ACC001655,Growth,Company 1655,US
ACC001656,Core,Company 1656,IN
ACC001657,Enterprise,Company 1657,AU
ACC001658,Growth,Company 1658,UK
ACC001659,Core,Company 1659,IN
ACC001660,Core,Company 1660,AU
ACC001661,Growth,Company 1661,US
ACC001662,Enterprise,Company 1662,CA
ACC001663,Core,Company 1663,US
ACC001664,Individuals,Company 1664,UK
ACC001665,Individuals,Company 1665,US
ACC001666,Enterprise,Company 1666,US
ACC001667,Core,Company 1667,US
ACC001668,Core,Company 1668,IN
ACC001669,Individuals,Company 1669,US
ACC001670,Core,Company 1670,US
ACC001671,Growth,Company 1671,US
ACC001672,Enterprise,Company 1672,US
ACC001673,Core,Company 1673,AU
ACC001674,Enterprise,Company 1674,CA
ACC001675,Individuals,Company 1675,US
ACC001676,Enterprise,Company 1676,US
ACC001677,Growth,Company 1677,US
ACC001678,Individuals,Company 1678,US
ACC001679,Growth,Company 1679,CA
ACC001680,Enterprise,Company 1680,CA
ACC001681,Enterprise,Company 1681,US
ACC001682,Enterprise,Company 1682,UK
ACC001683,Core,Company 1683,US
ACC001684,Core,Company 1684,UK
ACC001685,Core,Company 1685,US
ACC001686,Growth,Company 1686,UK
ACC001687,Growth,Company 1687,US
ACC001688,Growth,Company 1688,IN
ACC001689,Growth,Company 1689,US
ACC001690,Enterprise,Company 1690,US
ACC001691,Individuals,Company 1691,US
ACC001692,Core,Company 1692,US
ACC001693,Enterprise,Company 1693,US
ACC001694,Enterprise,Company 1694,UK
ACC001695,Growth,Company 1695,CA
ACC001696,Core,Company 1696,US
ACC001697,Enterprise,Company 1697,UK
ACC001698,Individuals,Company 1698,CA
ACC001699,Enterprise,Company 1699,US
ACC001700,Individuals,Company 1700,US
ACC001701,Individuals,Company 1701,US
ACC001702,Growth,Company 1702,US
ACC001703,Growth,Company 1703,CA
ACC001704,Growth,Company 1704,AU
ACC001705,Individuals,Company 1705,UK
ACC001706,Core,Company 1706,US
ACC001707,Growth,Company 1707,UK
ACC001708,Individuals,Company 1708,CA
ACC001709,Core,Company 1709,US
ACC001710,Enterprise,Company 1710,AU
ACC001711,Growth,Company 1711,US
ACC001712,Individuals,Company 1712,US
ACC001713,Individuals,Company 1713,US
ACC001714,Core,Company 1714,US
ACC001715,Enterprise,Company 1715,AU
ACC001716,Core,Company 1716,US
ACC001717,Growth,Company 1717,US
ACC001718,Enterprise,Company 1718,US
ACC001719,Enterprise,Company 1719,US
ACC001720,Core,Company 1720,US
ACC001721,Core,Company 1721,US
ACC001722,Enterprise,Company 1722,UK
ACC001723,Growth,Company 1723,US
ACC001724,Growth,Company 1724,CA
ACC001725,Core,Company 1725,US
ACC001726,Core,Company 1726,CA
ACC001727,Individuals,Company 1727,CA
ACC001728,Core,Company 1728,US
ACC001729,Growth,Company 1729,US
ACC001730,Individuals,Company 1730,IN
ACC001731,Core,Company 1731,US
ACC001732,Enterprise,Company 1732,UK
ACC001733,Core,Company 1733,US
ACC001734,Individuals,Company 1734,US
ACC001735,Enterprise,Company 1735,US
ACC001736,Individuals,Company 1736,AU
ACC001737,Core,Company 1737,US
ACC001738,Growth,Company 1738,CA
ACC001739,Enterprise,Company 1739,UK
ACC001740,Core,Company 1740,US
ACC001741,Core,Company 1741,US
ACC001742,Core,Company 1742,US
ACC001743,Individuals,Company 1743,US
ACC001744,Enterprise,Company 1744,UK
ACC001745,Growth,Company 1745,US
ACC001746,Enterprise,Company 1746,US
ACC001747,Growth,Company 1747,UK
ACC001748,Growth,Company 1748,UK
ACC001749,Growth,Company 1749,US
ACC001750,Growth,Company 1750,UK
ACC001751,Core,Company 1751,US
ACC001752,Individuals,Company 1752,UK
ACC001753,Enterprise,Company 1753,US
ACC001754,Core,Company 1754,US
ACC001755,Growth,Company 1755,US
ACC001756,Core,Company 1756,UK
ACC001757,Individuals,Company 1757,UK
ACC001758,Individuals,Company 1758,US
ACC001759,Individuals,Company 1759,AU
ACC001760,Core,Company 1760,AU
ACC001761,Core,Company 1761,US
ACC001762,Core,Company 1762,UK
ACC001763,Core,Company 1763,US
ACC001764,Core,Company 1764,IN
ACC001765,Core,Company 1765,US
ACC001766,Individuals,Company 1766,US
ACC001767,Core,Company 1767,US
ACC001768,Core,Company 1768,US
ACC001769,Enterprise,Company 1769,UK
ACC001770,Growth,Company 1770,US
ACC001771,Enterprise,Company 1771,US
ACC001772,Growth,Company 1772,US
ACC001773,Individuals,Company 1773,AU
ACC001774,Growth,Company 1774,CA
ACC001775,Growth,Company 1775,US
ACC001776,Enterprise,Company 1776,US
ACC001777,Growth,Company 1777,US
ACC001778,Core,Company 1778,AU
ACC001779,Growth,Company 1779,CA
ACC001780,Core,Company 1780,UK
ACC001781,Enterprise,Company 1781,AU
ACC001782,Core,Company 1782,US
ACC001783,Core,Company 1783,UK
ACC001784,Core,Company 1784,US
ACC001785,Enterprise,Company 1785,US
ACC001786,Core,Company 1786,US
ACC001787,Enterprise,Company 1787,US
ACC001788,Individuals,Company 1788,IN
ACC001789,Core,Company 1789,US
ACC001790,Enterprise,Company 1790,CA
ACC001791,Core,Company 1791,CA
ACC001792,Core,Company 1792,UK
ACC001793,Enterprise,Company 1793,IN
ACC001794,Individuals,Company 1794,US
ACC001795,Core,Company 1795,US
ACC001796,Growth,Company 1796,US
ACC001797,Core,Company 1797,US
ACC001798,Growth,Company 1798,AU
ACC001799,Growth,Company 1799,US
ACC001800,Growth,Company 1800,US
ACC001801,Growth,Company 1801,US
ACC001802,Core,Company 1802,US
ACC001803,Enterprise,Company 1803,CA
ACC001804,Enterprise,Company 1804,US
ACC001805,Enterprise,Company 1805,CA
ACC001806,Core,Company 1806,UK
ACC001807,Growth,Company 1807,CA
ACC001808,Growth,Company 1808,US
ACC001809,Core,Company 1809,UK
ACC001810,Core,Company 1810,US
ACC001811,Growth,Company 1811,US
ACC001812,Enterprise,Company 1812,CA
ACC001813,Core,Company 1813,UK
ACC001814,Enterprise,Company 1814,US
ACC001815,Growth,Company 1815,AU
ACC001816,Enterprise,Company 1816,US
ACC001817,Growth,Company 1817,UK
ACC001818,Growth,Company 1818,IN
ACC001819,Growth,Company 1819,US
ACC001820,Individuals,Company 1820,CA
ACC001821,Growth,Company 1821,UK
ACC001822,Growth,Company 1822,CA
ACC001823,Growth,Company 1823,UK
ACC001824,Enterprise,Company 1824,UK
ACC001825,Core,Company 1825,US
ACC001826,Growth,Company 1826,CA
ACC001827,Growth,Company 1827,US
ACC001828,Individuals,Company 1828,IN
ACC001829,Growth,Company 1829,US
ACC001830,Growth,Company 1830,US
ACC001831,Individuals,Company 1831,AU
ACC001832,Growth,Company 1832,US
ACC001833,Core,Company 1833,US
ACC001834,Core,Company 1834,CA
ACC001835,Core,Company 1835,US
ACC001836,Core,Company 1836,US
ACC001837,Growth,Company 1837,US
ACC001838,Enterprise,Company 1838,US
ACC001839,Enterprise,Company 1839,US
ACC001840,Core,Company 1840,US
ACC001841,Growth,Company 1841,US
ACC001842,Core,Company 1842,US
ACC001843,Individuals,Company 1843,US
ACC001844,Core,Company 1844,UK
ACC001845,Growth,Company 1845,UK
ACC001846,Core,Company 1846,US
ACC001847,Growth,Company 1847,US
ACC001848,Growth,Company 1848,AU
ACC001849,Enterprise,Company 1849,UK
ACC001850,Core,Company 1850,US
ACC001851,Individuals,Company 1851,US
ACC001852,Growth,Company 1852,US
ACC001853,Enterprise,Company 1853,CA
ACC001854,Enterprise,Company 1854,AU
ACC001855,Individuals,Company 1855,AU
ACC001856,Core,Company 1856,US
ACC001857,Core,Company 1857,US
ACC001858,Core,Company 1858,US
ACC001859,Core,Company 1859,US
ACC001860,Growth,Company 1860,US
ACC001861,Individuals,Company 1861,UK
ACC001862,Individuals,Company 1862,US
ACC001863,Growth,Company 1863,AU
ACC001864,Growth,Company 1864,US
ACC001865,Individuals,Company 1865,US
ACC001866,Individuals,Company 1866,AU
ACC001867,Core,Company 1867,CA
ACC001868,Growth,Company 1868,US
ACC001869,Enterprise,Company 1869,UK
ACC001870,Core,Company 1870,US
ACC001871,Growth,Company 1871,US
ACC001872,Individuals,Company 1872,US
ACC001873,Individuals,Company 1873,US
ACC001874,Individuals,Company 1874,UK
ACC001875,Enterprise,Company 1875,US
ACC001876,Core,Company 1876,UK
ACC001877,Core,Company 1877,CA
ACC001878,Growth,Company 1878,US
ACC001879,Growth,Company 1879,US
ACC001880,Growth,Company 1880,US
ACC001881,Growth,Company 1881,CA
ACC001882,Growth,Company 1882,UK
ACC001883,Enterprise,Company 1883,CA
ACC001884,Core,Company 1884,US
ACC001885,Core,Company 1885,US
ACC001886,Core,Company 1886,US
ACC001887,Core,Company 1887,US
ACC001888,Individuals,Company 1888,CA
ACC001889,Growth,Company 1889,US
ACC001890,Core,Company 1890,US
ACC001891,Enterprise,Company 1891,US
ACC001892,Growth,Company 1892,US
ACC001893,Core,Company 1893,UK
ACC001894,Core,Company 1894,US
ACC001895,Core,Company 1895,AU
ACC001896,Enterprise,Company 1896,AU
ACC001897,Core,Company 1897,AU
ACC001898,Core,Company 1898,UK
ACC001899,Core,Company 1899,UK
ACC001900,Growth,Company 1900,UK
ACC001901,Core,Company 1901,US
ACC001902,Enterprise,Company 1902,US
ACC001903,Core,Company 1903,UK
ACC001904,Growth,Company 1904,US
ACC001905,Growth,Company 1905,US
ACC001906,Growth,Company 1906,AU
ACC001907,Core,Company 1907,US
ACC001908,Enterprise,Company 1908,US
ACC001909,Individuals,Company 1909,UK
ACC001910,Core,Company 1910,US
ACC001911,Core,Company 1911,AU
ACC001912,Individuals,Company 1912,US
ACC001913,Growth,Company 1913,AU
ACC001914,Core,Company 1914,CA
ACC001915,Core,Company 1915,US
ACC001916,Enterprise,Company 1916,US
ACC001917,Enterprise,Company 1917,US
ACC001918,Growth,Company 1918,US
ACC001919,Individuals,Company 1919,US
ACC001920,Growth,Company 1920,IN
ACC001921,Core,Company 1921,US
ACC001922,Growth,Company 1922,AU
ACC001923,Growth,Company 1923,US
ACC001924,Core,Company 1924,IN
ACC001925,Core,Company 1925,US
ACC001926,Growth,Company 1926,US
ACC001927,Enterprise,Company 1927,UK
ACC001928,Core,Company 1928,US
ACC001929,Growth,Company 1929,CA
ACC001930,Growth,Company 1930,US
ACC001931,Growth,Company 1931,US
ACC001932,Enterprise,Company 1932,US
ACC001933,Enterprise,Company 1933,UK
ACC001934,Enterprise,Company 1934,US
ACC001935,Core,Company 1935,US
ACC001936,Growth,Company 1936,US
ACC001937,Growth,Company 1937,US
ACC001938,Core,Company 1938,US
ACC001939,Core,Company 1939,IN
ACC001940,Core,Company 1940,US
ACC001941,Growth,Company 1941,UK
ACC001942,Growth,Company 1942,US
ACC001943,Core,Company 1943,US
ACC001944,Enterprise,Company 1944,US
ACC001945,Individuals,Company 1945,US
ACC001946,Core,Company 1946,US
ACC001947,Individuals,Company 1947,US
ACC001948,Core,Company 1948,US
ACC001949,Individuals,Company 1949,IN
ACC001950,Individuals,Company 1950,US
ACC001951,Core,Company 1951,US
ACC001952,Enterprise,Company 1952,US
ACC001953,Individuals,Company 1953,US
ACC001954,Individuals,Company 1954,CA
ACC001955,Individuals,Company 1955,US
ACC001956,Growth,Company 1956,UK
ACC001957,Core,Company 1957,US
ACC001958,Enterprise,Company 1958,US
ACC001959,Growth,Company 1959,IN
ACC001960,Growth,Company 1960,US
ACC001961,Growth,Company 1961,CA
ACC001962,Growth,Company 1962,US
ACC001963,Core,Company 1963,IN
ACC001964,Enterprise,Company 1964,US
ACC001965,Core,Company 1965,US
ACC001966,Enterprise,Company 1966,CA
ACC001967,Enterprise,Company 1967,US
ACC001968,Growth,Company 1968,US
ACC001969,Growth,Company 1969,IN
ACC001970,Core,Company 1970,UK
ACC001971,Individuals,Company 1971,UK
ACC001972,Enterprise,Company 1972,UK
ACC001973,Growth,Company 1973,AU
ACC001974,Core,Company 1974,AU
ACC001975,Core,Company 1975,UK
ACC001976,Growth,Company 1976,US
ACC001977,Individuals,Company 1977,US
ACC001978,Enterprise,Company 1978,UK
ACC001979,Core,Company 1979,AU
ACC001980,Individuals,Company 1980,US
ACC001981,Growth,Company 1981,US
ACC001982,Individuals,Company 1982,US
ACC001983,Core,Company 1983,US
ACC001984,Growth,Company 1984,AU
ACC001985,Individuals,Company 1985,US
ACC001986,Core,Company 1986,UK
ACC001987,Enterprise,Company 1987,CA
ACC001988,Individuals,Company 1988,IN
ACC001989,Core,Company 1989,US
ACC001990,Core,Company 1990,IN
ACC001991,Enterprise,Company 1991,UK
ACC001992,Core,Company 1992,CA
ACC001993,Core,Company 1993,US
ACC001994,Growth,Company 1994,US
ACC001995,Enterprise,Company 1995,UK
ACC001996,Core,Company 1996,US
ACC001997,Core,Company 1997,US
ACC001998,Enterprise,Company 1998,UK
ACC001999,Growth,Company 1999,UK
ACC002000,Enterprise,Company 2000,US
ACC002001,Growth,Company 2001,US
ACC002002,Individuals,Company 2002,US
ACC002003,Enterprise,Company 2003,AU
ACC002004,Core,Company 2004,IN
ACC002005,Individuals,Company 2005,US
ACC002006,Growth,Company 2006,US
ACC002007,Core,Company 2007,US
ACC002008,Core,Company 2008,US
ACC002009,Enterprise,Company 2009,AU
ACC002010,Core,Company 2010,US
ACC002011,Core,Company 2011,US
ACC002012,Core,Company 2012,US
ACC002013,Growth,Company 2013,US
ACC002014,Growth,Company 2014,AU
ACC002015,Growth,Company 2015,UK
ACC002016,Core,Company 2016,UK
ACC002017,Core,Company 2017,US
ACC002018,Growth,Company 2018,IN
ACC002019,Growth,Company 2019,US
ACC002020,Enterprise,Company 2020,AU
ACC002021,Core,Company 2021,AU
ACC002022,Core,Company 2022,US
ACC002023,Core,Company 2023,AU
ACC002024,Growth,Company 2024,US
ACC002025,Growth,Company 2025,UK
ACC002026,Enterprise,Company 2026,US
ACC002027,Growth,Company 2027,US
ACC002028,Growth,Company 2028,US
ACC002029,Growth,Company 2029,US
ACC002030,Core,Company 2030,US
ACC002031,Growth,Company 2031,US
ACC002032,Core,Company 2032,UK
ACC002033,Growth,Company 2033,US
ACC002034,Core,Company 2034,US
ACC002035,Enterprise,Company 2035,IN
ACC002036,Individuals,Company 2036,IN
ACC002037,Core,Company 2037,US
ACC002038,Growth,Company 2038,US
ACC002039,Enterprise,Company 2039,UK
ACC002040,Core,Company 2040,CA
ACC002041,Enterprise,Company 2041,US
ACC002042,Growth,Company 2042,CA
ACC002043,Individuals,Company 2043,US
ACC002044,Individuals,Company 2044,US
ACC002045,Core,Company 2045,CA
ACC002046,Growth,Company 2046,UK
ACC002047,Growth,Company 2047,AU
ACC002048,Core,Company 2048,US
ACC002049,Core,Company 2049,US
ACC002050,Individuals,Company 2050,US
ACC002051,Core,Company 2051,US
ACC002052,Growth,Company 2052,US
ACC002053,Enterprise,Company 2053,US
ACC002054,Core,Company 2054,US
ACC002055,Growth,Company 2055,UK
ACC002056,Individuals,Company 2056,US
ACC002057,Growth,Company 2057,US
ACC002058,Core,Company 2058,UK
ACC002059,Core,Company 2059,US
ACC002060,Individuals,Company 2060,AU
ACC002061,Core,Company 2061,US
ACC002062,Growth,Company 2062,US
ACC002063,Core,Company 2063,AU
ACC002064,Growth,Company 2064,UK
ACC002065,Individuals,Company 2065,UK
ACC002066,Growth,Company 2066,UK
ACC002067,Individuals,Company 2067,US
ACC002068,Core,Company 2068,UK
ACC002069,Growth,Company 2069,AU
ACC002070,Individuals,Company 2070,IN
ACC002071,Growth,Company 2071,US
ACC002072,Core,Company 2072,US
ACC002073,Individuals,Company 2073,CA
ACC002074,Growth,Company 2074,US
ACC002075,Growth,Company 2075,US
ACC002076,Individuals,Company 2076,US
ACC002077,Core,Company 2077,US
ACC002078,Core,Company 2078,US
ACC002079,Core,Company 2079,US
ACC002080,Growth,Company 2080,US
ACC002081,Core,Company 2081,US
ACC002082,Enterprise,Company 2082,IN
ACC002083,Core,Company 2083,US
ACC002084,Enterprise,Company 2084,US
ACC002085,Core,Company 2085,US
ACC002086,Growth,Company 2086,US
ACC002087,Core,Company 2087,IN
ACC002088,Enterprise,Company 2088,AU
ACC002089,Growth,Company 2089,US
ACC002090,Growth,Company 2090,US
ACC002091,Individuals,Company 2091,US
ACC002092,Growth,Company 2092,US
ACC002093,Core,Company 2093,US
ACC002094,Individuals,Company 2094,US
ACC002095,Core,Company 2095,US
ACC002096,Core,Company 2096,UK
ACC002097,Growth,Company 2097,US
ACC002098,Core,Company 2098,US
ACC002099,Core,Company 2099,US
ACC002100,Enterprise,Company 2100,US
ACC002101,Core,Company 2101,US
ACC002102,Enterprise,Company 2102,US
ACC002103,Individuals,Company 2103,US
ACC002104,Growth,Company 2104,US
ACC002105,Enterprise,Company 2105,CA
ACC002106,Enterprise,Company 2106,AU
ACC002107,Individuals,Company 2107,US
ACC002108,Core,Company 2108,US
ACC002109,Core,Company 2109,CA
ACC002110,Growth,Company 2110,UK
ACC002111,Growth,Company 2111,US
ACC002112,Core,Company 2112,US
ACC002113,Growth,Company 2113,US
ACC002114,Core,Company 2114,UK
ACC002115,Individuals,Company 2115,US
ACC002116,Core,Company 2116,US
ACC002117,Core,Company 2117,US
ACC002118,Core,Company 2118,US
ACC002119,Core,Company 2119,US
ACC002120,Core,Company 2120,UK
ACC002121,Core,Company 2121,US
ACC002122,Core,Company 2122,US
ACC002123,Core,Company 2123,US
ACC002124,Growth,Company 2124,AU
ACC002125,Growth,Company 2125,US
ACC002126,Core,Company 2126,US
ACC002127,Core,Company 2127,US
ACC002128,Core,Company 2128,CA
ACC002129,Core,Company 2129,CA
ACC002130,Core,Company 2130,AU
ACC002131,Enterprise,Company 2131,UK
ACC002132,Individuals,Company 2132,US
ACC002133,Individuals,Company 2133,US
ACC002134,Growth,Company 2134,US
ACC002135,Growth,Company 2135,UK
ACC002136,Core,Company 2136,UK
ACC002137,Enterprise,Company 2137,US
ACC002138,Enterprise,Company 2138,AU
ACC002139,Enterprise,Company 2139,US
ACC002140,Individuals,Company 2140,US
ACC002141,Growth,Company 2141,US
ACC002142,Enterprise,Company 2142,AU
ACC002143,Enterprise,Company 2143,AU
ACC002144,Core,Company 2144,US
ACC002145,Individuals,Company 2145,IN
ACC002146,Core,Company 2146,AU
ACC002147,Individuals,Company 2147,AU
ACC002148,Enterprise,Company 2148,AU
ACC002149,Core,Company 2149,US
ACC002150,Enterprise,Company 2150,CA
ACC002151,Core,Company 2151,UK
ACC002152,Enterprise,Company 2152,CA
ACC002153,Enterprise,Company 2153,US
ACC002154,Growth,Company 2154,CA
ACC002155,Individuals,Company 2155,IN
ACC002156,Core,Company 2156,US
ACC002157,Core,Company 2157,IN
ACC002158,Growth,Company 2158,US
ACC002159,Core,Company 2159,US
ACC002160,Growth,Company 2160,US
ACC002161,Core,Company 2161,CA
ACC002162,Growth,Company 2162,UK
ACC002163,Growth,Company 2163,US
ACC002164,Individuals,Company 2164,UK
ACC002165,Core,Company 2165,US
ACC002166,Individuals,Company 2166,US
ACC002167,Growth,Company 2167,AU
ACC002168,Core,Company 2168,UK
ACC002169,Growth,Company 2169,CA
ACC002170,Growth,Company 2170,UK
ACC002171,Core,Company 2171,IN
ACC002172,Growth,Company 2172,US
ACC002173,Core,Company 2173,US
ACC002174,Growth,Company 2174,US
ACC002175,Growth,Company 2175,UK
ACC002176,Growth,Company 2176,UK
ACC002177,Enterprise,Company 2177,CA
ACC002178,Core,Company 2178,US
ACC002179,Individuals,Company 2179,US
ACC002180,Enterprise,Company 2180,UK
ACC002181,Individuals,Company 2181,IN
ACC002182,Enterprise,Company 2182,US
ACC002183,Core,Company 2183,US
ACC002184,Growth,Company 2184,US
ACC002185,Core,Company 2185,US
ACC002186,Enterprise,Company 2186,US
ACC002187,Growth,Company 2187,US
ACC002188,Core,Company 2188,UK
ACC002189,Individuals,Company 2189,US
ACC002190,Core,Company 2190,US
ACC002191,Growth,Company 2191,US
ACC002192,Enterprise,Company 2192,AU
ACC002193,Core,Company 2193,US
ACC002194,Growth,Company 2194,US
ACC002195,Enterprise,Company 2195,US
ACC002196,Core,Company 2196,UK
ACC002197,Growth,Company 2197,AU
ACC002198,Core,Company 2198,US
ACC002199,Enterprise,Company 2199,US
ACC002200,Core,Company 2200,US
ACC002201,Individuals,Company 2201,UK
ACC002202,Individuals,Company 2202,IN
ACC002203,Core,Company 2203,US
ACC002204,Core,Company 2204,US
ACC002205,Growth,Company 2205,CA
ACC002206,Enterprise,Company 2206,CA
ACC002207,Growth,Company 2207,US
ACC002208,Core,Company 2208,US
ACC002209,Core,Company 2209,US
ACC002210,Individuals,Company 2210,CA
ACC002211,Growth,Company 2211,UK
ACC002212,Individuals,Company 2212,UK
ACC002213,Growth,Company 2213,AU
ACC002214,Individuals,Company 2214,US
ACC002215,Core,Company 2215,US
ACC002216,Core,Company 2216,US
ACC002217,Individuals,Company 2217,AU
ACC002218,Individuals,Company 2218,UK
ACC002219,Core,Company 2219,US
ACC002220,Growth,Company 2220,US
ACC002221,Growth,Company 2221,CA
ACC002222,Growth,Company 2222,CA
ACC002223,Core,Company 2223,UK
ACC002224,Individuals,Company 2224,US
ACC002225,Core,Company 2225,AU
ACC002226,Enterprise,Company 2226,CA
ACC002227,Core,Company 2227,UK
ACC002228,Core,Company 2228,UK
ACC002229,Enterprise,Company 2229,AU
ACC002230,Core,Company 2230,IN
ACC002231,Enterprise,Company 2231,UK
ACC002232,Core,Company 2232,US
ACC002233,Individuals,Company 2233,US
ACC002234,Enterprise,Company 2234,CA
ACC002235,Individuals,Company 2235,UK
ACC002236,Core,Company 2236,US
ACC002237,Core,Company 2237,US
ACC002238,Growth,Company 2238,AU
ACC002239,Growth,Company 2239,AU
ACC002240,Core,Company 2240,IN
ACC002241,Core,Company 2241,US
ACC002242,Growth,Company 2242,CA
ACC002243,Core,Company 2243,AU
ACC002244,Growth,Company 2244,US
ACC002245,Core,Company 2245,US
ACC002246,Core,Company 2246,IN
ACC002247,Growth,Company 2247,US
ACC002248,Growth,Company 2248,UK
ACC002249,Core,Company 2249,UK
ACC002250,Growth,Company 2250,UK
ACC002251,Enterprise,Company 2251,US
ACC002252,Growth,Company 2252,CA
ACC002253,Growth,Company 2253,US
ACC002254,Individuals,Company 2254,AU
ACC002255,Growth,Company 2255,US
ACC002256,Individuals,Company 2256,UK
ACC002257,Enterprise,Company 2257,CA
ACC002258,Core,Company 2258,US
ACC002259,Growth,Company 2259,US
ACC002260,Enterprise,Company 2260,CA
ACC002261,Individuals,Company 2261,US
ACC002262,Growth,Company 2262,US
ACC002263,Core,Company 2263,US
ACC002264,Growth,Company 2264,IN
ACC002265,Core,Company 2265,UK
ACC002266,Enterprise,Company 2266,US
ACC002267,Growth,Company 2267,IN
ACC002268,Enterprise,Company 2268,US
ACC002269,Individuals,Company 2269,US
ACC002270,Growth,Company 2270,US
ACC002271,Growth,Company 2271,US
ACC002272,Enterprise,Company 2272,US
ACC002273,Enterprise,Company 2273,UK
ACC002274,Individuals,Company 2274,US
ACC002275,Core,Company 2275,UK
ACC002276,Growth,Company 2276,US
ACC002277,Core,Company 2277,US
ACC002278,Individuals,Company 2278,US
ACC002279,Growth,Company 2279,UK
ACC002280,Growth,Company 2280,CA
ACC002281,Core,Company 2281,US
ACC002282,Core,Company 2282,US
ACC002283,Enterprise,Company 2283,US
ACC002284,Core,Company 2284,CA
ACC002285,Core,Company 2285,US
ACC002286,Individuals,Company 2286,CA
ACC002287,Enterprise,Company 2287,US
ACC002288,Core,Company 2288,US
ACC002289,Core,Company 2289,CA
ACC002290,Individuals,Company 2290,US
ACC002291,Enterprise,Company 2291,US
ACC002292,Growth,Company 2292,IN
ACC002293,Core,Company 2293,US
ACC002294,Core,Company 2294,US
ACC002295,Core,Company 2295,US
ACC002296,Enterprise,Company 2296,US
ACC002297,Core,Company 2297,CA
ACC002298,Core,Company 2298,US
ACC002299,Enterprise,Company 2299,IN
ACC002300,Individuals,Company 2300,UK
ACC002301,Enterprise,Company 2301,IN
ACC002302,Growth,Company 2302,CA
ACC002303,Growth,Company 2303,IN
ACC002304,Growth,Company 2304,UK
ACC002305,Core,Company 2305,US
ACC002306,Growth,Company 2306,US
ACC002307,Growth,Company 2307,UK
ACC002308,Growth,Company 2308,US
ACC002309,Individuals,Company 2309,CA
ACC002310,Individuals,Company 2310,US
ACC002311,Core,Company 2311,AU
ACC002312,Growth,Company 2312,US
ACC002313,Core,Company 2313,IN
ACC002314,Growth,Company 2314,US
ACC002315,Core,Company 2315,US
ACC002316,Core,Company 2316,CA
ACC002317,Enterprise,Company 2317,CA
ACC002318,Growth,Company 2318,CA
ACC002319,Individuals,Company 2319,IN
ACC002320,Core,Company 2320,US
ACC002321,Core,Company 2321,AU
ACC002322,Growth,Company 2322,US
ACC002323,Core,Company 2323,US
ACC002324,Core,Company 2324,US
ACC002325,Individuals,Company 2325,US
ACC002326,Core,Company 2326,UK
ACC002327,Core,Company 2327,CA
ACC002328,Growth,Company 2328,US
ACC002329,Growth,Company 2329,IN
ACC002330,Growth,Company 2330,US
ACC002331,Growth,Company 2331,US
ACC002332,Enterprise,Company 2332,UK
ACC002333,Core,Company 2333,US
ACC002334,Growth,Company 2334,US
ACC002335,Enterprise,Company 2335,UK
ACC002336,Individuals,Company 2336,US
ACC002337,Growth,Company 2337,US
ACC002338,Growth,Company 2338,CA
ACC002339,Core,Company 2339,US
ACC002340,Core,Company 2340,CA
ACC002341,Core,Company 2341,CA
ACC002342,Enterprise,Company 2342,US
ACC002343,Core,Company 2343,US
ACC002344,Enterprise,Company 2344,US
ACC002345,Core,Company 2345,UK
ACC002346,Individuals,Company 2346,US
ACC002347,Enterprise,Company 2347,IN
ACC002348,Core,Company 2348,US
ACC002349,Core,Company 2349,UK
ACC002350,Core,Company 2350,US
ACC002351,Individuals,Company 2351,US
ACC002352,Core,Company 2352,US
ACC002353,Growth,Company 2353,UK
ACC002354,Growth,Company 2354,IN
ACC002355,Enterprise,Company 2355,US
ACC002356,Growth,Company 2356,US
ACC002357,Growth,Company 2357,US
ACC002358,Individuals,Company 2358,US
ACC002359,Core,Company 2359,AU
ACC002360,Enterprise,Company 2360,AU
ACC002361,Core,Company 2361,AU
ACC002362,Growth,Company 2362,US
ACC002363,Individuals,Company 2363,US
ACC002364,Enterprise,Company 2364,CA
ACC002365,Enterprise,Company 2365,US
ACC002366,Core,Company 2366,UK
ACC002367,Growth,Company 2367,US
ACC002368,Growth,Company 2368,US
ACC002369,Growth,Company 2369,AU
ACC002370,Growth,Company 2370,US
ACC002371,Core,Company 2371,IN
ACC002372,Core,Company 2372,US
ACC002373,Core,Company 2373,US
ACC002374,Growth,Company 2374,US
ACC002375,Core,Company 2375,US
ACC002376,Individuals,Company 2376,US
ACC002377,Growth,Company 2377,US
ACC002378,Core,Company 2378,UK
ACC002379,Enterprise,Company 2379,AU
ACC002380,Enterprise,Company 2380,US
ACC002381,Core,Company 2381,US
ACC002382,Core,Company 2382,US
ACC002383,Core,Company 2383,CA
ACC002384,Core,Company 2384,UK
ACC002385,Enterprise,Company 2385,US
ACC002386,Individuals,Company 2386,US
ACC002387,Core,Company 2387,US
ACC002388,Enterprise,Company 2388,US
ACC002389,Core,Company 2389,US
ACC002390,Growth,Company 2390,IN
ACC002391,Enterprise,Company 2391,US
ACC002392,Growth,Company 2392,US
ACC002393,Core,Company 2393,US
ACC002394,Growth,Company 2394,UK
ACC002395,Individuals,Company 2395,US
ACC002396,Core,Company 2396,US
ACC002397,Core,Company 2397,US
ACC002398,Core,Company 2398,UK
ACC002399,Growth,Company 2399,US
ACC002400,Growth,Company 2400,AU
ACC002401,Enterprise,Company 2401,US
ACC002402,Enterprise,Company 2402,US
ACC002403,Individuals,Company 2403,IN
ACC002404,Enterprise,Company 2404,CA
ACC002405,Core,Company 2405,US
ACC002406,Growth,Company 2406,AU
ACC002407,Core,Company 2407,US
ACC002408,Core,Company 2408,US
ACC002409,Individuals,Company 2409,AU
ACC002410,Enterprise,Company 2410,CA
ACC002411,Individuals,Company 2411,US
ACC002412,Growth,Company 2412,UK
ACC002413,Growth,Company 2413,US
ACC002414,Growth,Company 2414,US
ACC002415,Core,Company 2415,IN
ACC002416,Core,Company 2416,US
ACC002417,Growth,Company 2417,UK
ACC002418,Core,Company 2418,UK
ACC002419,Individuals,Company 2419,UK
ACC002420,Core,Company 2420,US
ACC002421,Core,Company 2421,IN
ACC002422,Enterprise,Company 2422,UK
ACC002423,Core,Company 2423,UK
ACC002424,Individuals,Company 2424,US
ACC002425,Enterprise,Company 2425,US
ACC002426,Core,Company 2426,US
ACC002427,Enterprise,Company 2427,US
ACC002428,Growth,Company 2428,US
ACC002429,Enterprise,Company 2429,UK
ACC002430,Enterprise,Company 2430,AU
ACC002431,Enterprise,Company 2431,US
ACC002432,Growth,Company 2432,US
ACC002433,Core,Company 2433,UK
ACC002434,Enterprise,Company 2434,US
ACC002435,Individuals,Company 2435,IN
ACC002436,Growth,Company 2436,US
ACC002437,Enterprise,Company 2437,US
ACC002438,Growth,Company 2438,US
ACC002439,Enterprise,Company 2439,IN
ACC002440,Individuals,Company 2440,US
ACC002441,Core,Company 2441,UK
ACC002442,Core,Company 2442,US
ACC002443,Growth,Company 2443,US
ACC002444,Growth,Company 2444,AU
ACC002445,Growth,Company 2445,US
ACC002446,Core,Company 2446,US
ACC002447,Growth,Company 2447,US
ACC002448,Growth,Company 2448,AU
ACC002449,Growth,Company 2449,US
ACC002450,Enterprise,Company 2450,US
ACC002451,Enterprise,Company 2451,IN
ACC002452,Growth,Company 2452,UK
ACC002453,Enterprise,Company 2453,AU
ACC002454,Growth,Company 2454,CA
ACC002455,Growth,Company 2455,UK
ACC002456,Growth,Company 2456,US
ACC002457,Core,Company 2457,US
ACC002458,Core,Company 2458,CA
ACC002459,Growth,Company 2459,CA
ACC002460,Individuals,Company 2460,IN
ACC002461,Enterprise,Company 2461,UK
ACC002462,Core,Company 2462,US
ACC002463,Growth,Company 2463,US
ACC002464,Core,Company 2464,UK
ACC002465,Enterprise,Company 2465,US
ACC002466,Enterprise,Company 2466,CA
ACC002467,Growth,Company 2467,UK
ACC002468,Growth,Company 2468,US
ACC002469,Core,Company 2469,UK
ACC002470,Growth,Company 2470,UK
ACC002471,Individuals,Company 2471,AU
ACC002472,Enterprise,Company 2472,US
ACC002473,Growth,Company 2473,UK
ACC002474,Growth,Company 2474,US
ACC002475,Core,Company 2475,US
ACC002476,Core,Company 2476,US
ACC002477,Core,Company 2477,AU
ACC002478,Growth,Company 2478,AU
ACC002479,Individuals,Company 2479,US
ACC002480,Growth,Company 2480,UK
ACC002481,Core,Company 2481,US
ACC002482,Core,Company 2482,UK
ACC002483,Core,Company 2483,US
ACC002484,Enterprise,Company 2484,CA
ACC002485,Growth,Company 2485,US
ACC002486,Enterprise,Company 2486,CA
ACC002487,Enterprise,Company 2487,US
ACC002488,Core,Company 2488,UK
ACC002489,Growth,Company 2489,UK
ACC002490,Individuals,Company 2490,US
ACC002491,Growth,Company 2491,US
ACC002492,Core,Company 2492,AU
ACC002493,Individuals,Company 2493,UK
ACC002494,Individuals,Company 2494,US
ACC002495,Growth,Company 2495,US
ACC002496,Growth,Company 2496,US
ACC002497,Core,Company 2497,UK
ACC002498,Enterprise,Company 2498,UK
ACC002499,Growth,Company 2499,US
ACC002500,Core,Company 2500,UK
ACC002501,Enterprise,Company 2501,CA
ACC002502,Individuals,Company 2502,CA
ACC002503,Enterprise,Company 2503,US
ACC002504,Core,Company 2504,US
ACC002505,Core,Company 2505,US
ACC002506,Individuals,Company 2506,US
ACC002507,Individuals,Company 2507,US
ACC002508,Growth,Company 2508,US
ACC002509,Growth,Company 2509,US
ACC002510,Growth,Company 2510,UK
ACC002511,Growth,Company 2511,US
ACC002512,Core,Company 2512,CA
ACC002513,Core,Company 2513,US
ACC002514,Core,Company 2514,UK
ACC002515,Enterprise,Company 2515,US
ACC002516,Core,Company 2516,CA
ACC002517,Core,Company 2517,CA
ACC002518,Growth,Company 2518,US
ACC002519,Core,Company 2519,UK
ACC002520,Core,Company 2520,US
ACC002521,Growth,Company 2521,UK
ACC002522,Growth,Company 2522,US
ACC002523,Growth,Company 2523,US
ACC002524,Individuals,Company 2524,US
ACC002525,Core,Company 2525,AU
ACC002526,Individuals,Company 2526,US
ACC002527,Individuals,Company 2527,UK
ACC002528,Enterprise,Company 2528,US
ACC002529,Growth,Company 2529,US
ACC002530,Growth,Company 2530,US
ACC002531,Growth,Company 2531,AU
ACC002532,Enterprise,Company 2532,CA
ACC002533,Core,Company 2533,US
ACC002534,Individuals,Company 2534,CA
ACC002535,Growth,Company 2535,US
ACC002536,Enterprise,Company 2536,US
ACC002537,Growth,Company 2537,US
ACC002538,Core,Company 2538,US
ACC002539,Growth,Company 2539,US
ACC002540,Growth,Company 2540,UK
ACC002541,Growth,Company 2541,US
ACC002542,Core,Company 2542,AU
ACC002543,Core,Company 2543,UK
ACC002544,Growth,Company 2544,AU
ACC002545,Growth,Company 2545,UK
ACC002546,Individuals,Company 2546,AU
ACC002547,Core,Company 2547,US
ACC002548,Core,Company 2548,US
ACC002549,Core,Company 2549,US
ACC002550,Growth,Company 2550,AU
ACC002551,Growth,Company 2551,US
ACC002552,Growth,Company 2552,UK
ACC002553,Individuals,Company 2553,CA
ACC002554,Core,Company 2554,US
ACC002555,Enterprise,Company 2555,AU
ACC002556,Core,Company 2556,US
ACC002557,Core,Company 2557,US
ACC002558,Growth,Company 2558,UK
ACC002559,Core,Company 2559,US
ACC002560,Growth,Company 2560,US
ACC002561,Enterprise,Company 2561,US
ACC002562,Enterprise,Company 2562,US
ACC002563,Growth,Company 2563,CA
ACC002564,Growth,Company 2564,AU
ACC002565,Growth,Company 2565,US
ACC002566,Core,Company 2566,US
ACC002567,Core,Company 2567,US
ACC002568,Enterprise,Company 2568,AU
ACC002569,Individuals,Company 2569,CA
ACC002570,Core,Company 2570,US
ACC002571,Growth,Company 2571,US
ACC002572,Enterprise,Company 2572,AU
ACC002573,Enterprise,Company 2573,AU
ACC002574,Growth,Company 2574,US
ACC002575,Growth,Company 2575,AU
ACC002576,Enterprise,Company 2576,US
ACC002577,Individuals,Company 2577,US
ACC002578,Core,Company 2578,CA
ACC002579,Individuals,Company 2579,US
ACC002580,Core,Company 2580,US
ACC002581,Enterprise,Company 2581,AU
ACC002582,Core,Company 2582,AU
ACC002583,Core,Company 2583,US
ACC002584,Core,Company 2584,UK
ACC002585,Growth,Company 2585,CA
ACC002586,Core,Company 2586,UK
ACC002587,Core,Company 2587,IN
ACC002588,Growth,Company 2588,UK
ACC002589,Growth,Company 2589,US
ACC002590,Enterprise,Company 2590,US
ACC002591,Individuals,Company 2591,AU
ACC002592,Enterprise,Company 2592,IN
ACC002593,Core,Company 2593,US
ACC002594,Core,Company 2594,US
ACC002595,Individuals,Company 2595,CA
ACC002596,Core,Company 2596,US
ACC002597,Growth,Company 2597,US
ACC002598,Individuals,Company 2598,AU
ACC002599,Individuals,Company 2599,CA
ACC002600,Growth,Company 2600,AU
ACC002601,Enterprise,Company 2601,UK
ACC002602,Growth,Company 2602,US
ACC002603,Enterprise,Company 2603,AU
ACC002604,Core,Company 2604,US
ACC002605,Core,Company 2605,US
ACC002606,Growth,Company 2606,AU
ACC002607,Core,Company 2607,UK
ACC002608,Enterprise,Company 2608,AU
ACC002609,Growth,Company 2609,US
ACC002610,Individuals,Company 2610,IN
ACC002611,Enterprise,Company 2611,UK
ACC002612,Growth,Company 2612,UK
ACC002613,Enterprise,Company 2613,AU
ACC002614,Core,Company 2614,US
ACC002615,Growth,Company 2615,CA
ACC002616,Core,Company 2616,UK
ACC002617,Individuals,Company 2617,CA
ACC002618,Enterprise,Company 2618,AU
ACC002619,Individuals,Company 2619,UK
ACC002620,Individuals,Company 2620,US
ACC002621,Individuals,Company 2621,US
ACC002622,Core,Company 2622,IN
ACC002623,Individuals,Company 2623,IN
ACC002624,Growth,Company 2624,IN
ACC002625,Growth,Company 2625,US
ACC002626,Growth,Company 2626,US
ACC002627,Core,Company 2627,CA
ACC002628,Core,Company 2628,CA
ACC002629,Core,Company 2629,US
ACC002630,Core,Company 2630,UK
ACC002631,Growth,Company 2631,US
ACC002632,Individuals,Company 2632,US
ACC002633,Growth,Company 2633,US
ACC002634,Growth,Company 2634,US
ACC002635,Growth,Company 2635,US
ACC002636,Growth,Company 2636,AU
ACC002637,Core,Company 2637,CA
ACC002638,Enterprise,Company 2638,IN
ACC002639,Core,Company 2639,US
ACC002640,Enterprise,Company 2640,US
ACC002641,Enterprise,Company 2641,US
ACC002642,Growth,Company 2642,UK
ACC002643,Individuals,Company 2643,US
ACC002644,Core,Company 2644,CA
ACC002645,Individuals,Company 2645,CA
ACC002646,Enterprise,Company 2646,AU
ACC002647,Enterprise,Company 2647,US
ACC002648,Enterprise,Company 2648,US
ACC002649,Enterprise,Company 2649,US
ACC002650,Individuals,Company 2650,US
ACC002651,Growth,Company 2651,CA
ACC002652,Enterprise,Company 2652,US
ACC002653,Enterprise,Company 2653,CA
ACC002654,Growth,Company 2654,US
ACC002655,Individuals,Company 2655,IN
ACC002656,Growth,Company 2656,IN
ACC002657,Growth,Company 2657,US
ACC002658,Core,Company 2658,AU
ACC002659,Core,Company 2659,US
ACC002660,Enterprise,Company 2660,CA
ACC002661,Growth,Company 2661,AU
ACC002662,Growth,Company 2662,CA
ACC002663,Core,Company 2663,CA
ACC002664,Growth,Company 2664,US
ACC002665,Enterprise,Company 2665,CA
ACC002666,Individuals,Company 2666,UK
ACC002667,Core,Company 2667,US
ACC002668,Growth,Company 2668,US
ACC002669,Growth,Company 2669,CA
ACC002670,Growth,Company 2670,UK
ACC002671,Growth,Company 2671,US
ACC002672,Growth,Company 2672,AU
ACC002673,Growth,Company 2673,UK
ACC002674,Growth,Company 2674,US
ACC002675,Growth,Company 2675,US
ACC002676,Growth,Company 2676,UK
ACC002677,Enterprise,Company 2677,CA
ACC002678,Enterprise,Company 2678,UK
ACC002679,Core,Company 2679,US
ACC002680,Enterprise,Company 2680,CA
ACC002681,Individuals,Company 2681,CA
ACC002682,Core,Company 2682,AU
ACC002683,Growth,Company 2683,US
ACC002684,Core,Company 2684,CA
ACC002685,Enterprise,Company 2685,US
ACC002686,Core,Company 2686,US
ACC002687,Enterprise,Company 2687,UK
ACC002688,Core,Company 2688,CA
ACC002689,Growth,Company 2689,US
ACC002690,Individuals,Company 2690,CA
ACC002691,Growth,Company 2691,US
ACC002692,Individuals,Company 2692,US
ACC002693,Individuals,Company 2693,US
ACC002694,Individuals,Company 2694,US
ACC002695,Core,Company 2695,UK
ACC002696,Enterprise,Company 2696,AU
ACC002697,Core,Company 2697,CA
ACC002698,Growth,Company 2698,US
ACC002699,Individuals,Company 2699,US
ACC002700,Enterprise,Company 2700,US
ACC002701,Growth,Company 2701,UK
ACC002702,Growth,Company 2702,US
ACC002703,Enterprise,Company 2703,US
ACC002704,Enterprise,Company 2704,CA
ACC002705,Growth,Company 2705,UK
ACC002706,Individuals,Company 2706,US
ACC002707,Core,Company 2707,US
ACC002708,Core,Company 2708,UK
ACC002709,Growth,Company 2709,US
ACC002710,Individuals,Company 2710,US
ACC002711,Core,Company 2711,AU
ACC002712,Core,Company 2712,US
ACC002713,Core,Company 2713,US
ACC002714,Individuals,Company 2714,US
ACC002715,Core,Company 2715,US
ACC002716,Growth,Company 2716,US
ACC002717,Individuals,Company 2717,US
ACC002718,Core,Company 2718,UK
ACC002719,Growth,Company 2719,US
ACC002720,Growth,Company 2720,AU
ACC002721,Enterprise,Company 2721,IN
ACC002722,Growth,Company 2722,US
ACC002723,Growth,Company 2723,US
ACC002724,Core,Company 2724,CA
ACC002725,Enterprise,Company 2725,IN
ACC002726,Enterprise,Company 2726,AU
ACC002727,Core,Company 2727,US
ACC002728,Growth,Company 2728,US
ACC002729,Individuals,Company 2729,US
ACC002730,Core,Company 2730,AU
ACC002731,Core,Company 2731,UK
ACC002732,Growth,Company 2732,US
ACC002733,Core,Company 2733,UK
ACC002734,Core,Company 2734,US
ACC002735,Growth,Company 2735,UK
ACC002736,Core,Company 2736,US
ACC002737,Growth,Company 2737,UK
ACC002738,Enterprise,Company 2738,CA
ACC002739,Growth,Company 2739,UK
ACC002740,Core,Company 2740,US
ACC002741,Enterprise,Company 2741,AU
ACC002742,Core,Company 2742,CA
ACC002743,Enterprise,Company 2743,US
ACC002744,Growth,Company 2744,US
ACC002745,Enterprise,Company 2745,UK
ACC002746,Core,Company 2746,US
ACC002747,Core,Company 2747,US
ACC002748,Growth,Company 2748,US
ACC002749,Core,Company 2749,US
ACC002750,Core,Company 2750,US
ACC002751,Enterprise,Company 2751,UK
ACC002752,Enterprise,Company 2752,US
ACC002753,Core,Company 2753,CA
ACC002754,Individuals,Company 2754,US
ACC002755,Enterprise,Company 2755,US
ACC002756,Individuals,Company 2756,US
ACC002757,Enterprise,Company 2757,CA
ACC002758,Enterprise,Company 2758,IN
ACC002759,Growth,Company 2759,US
ACC002760,Enterprise,Company 2760,US
ACC002761,Individuals,Company 2761,US
ACC002762,Core,Company 2762,US
ACC002763,Core,Company 2763,AU
ACC002764,Core,Company 2764,US
ACC002765,Individuals,Company 2765,IN
ACC002766,Growth,Company 2766,UK
ACC002767,Enterprise,Company 2767,US
ACC002768,Enterprise,Company 2768,AU
ACC002769,Individuals,Company 2769,US
ACC002770,Core,Company 2770,CA
ACC002771,Enterprise,Company 2771,US
ACC002772,Individuals,Company 2772,AU
ACC002773,Core,Company 2773,US
ACC002774,Enterprise,Company 2774,US
ACC002775,Growth,Company 2775,AU
ACC002776,Growth,Company 2776,US
ACC002777,Growth,Company 2777,US
ACC002778,Core,Company 2778,CA
ACC002779,Core,Company 2779,US
ACC002780,Core,Company 2780,AU
ACC002781,Core,Company 2781,UK
ACC002782,Growth,Company 2782,UK
ACC002783,Growth,Company 2783,US
ACC002784,Core,Company 2784,US
ACC002785,Enterprise,Company 2785,IN
ACC002786,Enterprise,Company 2786,US
ACC002787,Growth,Company 2787,US
ACC002788,Individuals,Company 2788,US
ACC002789,Growth,Company 2789,US
ACC002790,Enterprise,Company 2790,UK
ACC002791,Core,Company 2791,CA
ACC002792,Enterprise,Company 2792,CA
ACC002793,Individuals,Company 2793,AU
ACC002794,Enterprise,Company 2794,US
ACC002795,Growth,Company 2795,US
ACC002796,Growth,Company 2796,US
ACC002797,Growth,Company 2797,CA
ACC002798,Enterprise,Company 2798,US
ACC002799,Enterprise,Company 2799,UK
ACC002800,Individuals,Company 2800,US
ACC002801,Growth,Company 2801,CA
ACC002802,Core,Company 2802,CA
ACC002803,Growth,Company 2803,AU
ACC002804,Core,Company 2804,US
ACC002805,Core,Company 2805,IN
ACC002806,Core,Company 2806,US
ACC002807,Enterprise,Company 2807,US
ACC002808,Core,Company 2808,US
ACC002809,Core,Company 2809,US
ACC002810,Core,Company 2810,UK
ACC002811,Individuals,Company 2811,US
ACC002812,Enterprise,Company 2812,US
ACC002813,Core,Company 2813,UK
ACC002814,Core,Company 2814,AU
ACC002815,Growth,Company 2815,UK
ACC002816,Core,Company 2816,UK
ACC002817,Growth,Company 2817,US
ACC002818,Growth,Company 2818,CA
ACC002819,Individuals,Company 2819,US
ACC002820,Core,Company 2820,US
ACC002821,Enterprise,Company 2821,US
ACC002822,Core,Company 2822,UK
ACC002823,Individuals,Company 2823,US
ACC002824,Individuals,Company 2824,UK
ACC002825,Enterprise,Company 2825,US
ACC002826,Growth,Company 2826,US
ACC002827,Core,Company 2827,US
ACC002828,Enterprise,Company 2828,US
ACC002829,Enterprise,Company 2829,US
ACC002830,Core,Company 2830,UK
ACC002831,Growth,Company 2831,US
ACC002832,Growth,Company 2832,US
ACC002833,Enterprise,Company 2833,UK
ACC002834,Enterprise,Company 2834,US
ACC002835,Growth,Company 2835,US
ACC002836,Growth,Company 2836,US
ACC002837,Core,Company 2837,US
ACC002838,Growth,Company 2838,US
ACC002839,Core,Company 2839,UK
ACC002840,Enterprise,Company 2840,US
ACC002841,Growth,Company 2841,CA
ACC002842,Growth,Company 2842,US
ACC002843,Core,Company 2843,UK
ACC002844,Core,Company 2844,CA
ACC002845,Growth,Company 2845,US
ACC002846,Core,Company 2846,US
ACC002847,Core,Company 2847,US
ACC002848,Enterprise,Company 2848,IN
ACC002849,Growth,Company 2849,IN
ACC002850,Growth,Company 2850,US
ACC002851,Growth,Company 2851,CA
ACC002852,Enterprise,Company 2852,US
ACC002853,Core,Company 2853,US
ACC002854,Enterprise,Company 2854,UK
ACC002855,Individuals,Company 2855,US
ACC002856,Enterprise,Company 2856,US
ACC002857,Growth,Company 2857,AU
ACC002858,Enterprise,Company 2858,US
ACC002859,Growth,Company 2859,UK
ACC002860,Growth,Company 2860,US
ACC002861,Growth,Company 2861,US
ACC002862,Core,Company 2862,US
ACC002863,Core,Company 2863,IN
ACC002864,Growth,Company 2864,US
ACC002865,Core,Company 2865,US
ACC002866,Growth,Company 2866,UK
ACC002867,Growth,Company 2867,IN
ACC002868,Individuals,Company 2868,AU
ACC002869,Core,Company 2869,UK
ACC002870,Growth,Company 2870,US
ACC002871,Growth,Company 2871,UK
ACC002872,Core,Company 2872,CA
ACC002873,Core,Company 2873,AU
ACC002874,Core,Company 2874,CA
ACC002875,Core,Company 2875,US
ACC002876,Core,Company 2876,US
ACC002877,Growth,Company 2877,UK
ACC002878,Growth,Company 2878,US
ACC002879,Core,Company 2879,US
ACC002880,Core,Company 2880,US
ACC002881,Core,Company 2881,UK
ACC002882,Growth,Company 2882,AU
ACC002883,Core,Company 2883,CA
ACC002884,Growth,Company 2884,AU
ACC002885,Core,Company 2885,CA
ACC002886,Core,Company 2886,CA
ACC002887,Individuals,Company 2887,US
ACC002888,Core,Company 2888,UK
ACC002889,Core,Company 2889,US
ACC002890,Core,Company 2890,US
ACC002891,Individuals,Company 2891,US
ACC002892,Growth,Company 2892,AU
ACC002893,Growth,Company 2893,CA
ACC002894,Individuals,Company 2894,IN
ACC002895,Core,Company 2895,IN
ACC002896,Individuals,Company 2896,AU
ACC002897,Core,Company 2897,US
ACC002898,Growth,Company 2898,AU
ACC002899,Growth,Company 2899,AU
ACC002900,Growth,Company 2900,AU
ACC002901,Individuals,Company 2901,US
ACC002902,Core,Company 2902,US
ACC002903,Individuals,Company 2903,IN
ACC002904,Growth,Company 2904,US
ACC002905,Growth,Company 2905,US
ACC002906,Individuals,Company 2906,US
ACC002907,Core,Company 2907,US
ACC002908,Individuals,Company 2908,US
ACC002909,Growth,Company 2909,IN
ACC002910,Enterprise,Company 2910,AU
ACC002911,Core,Company 2911,AU
ACC002912,Growth,Company 2912,US
ACC002913,Enterprise,Company 2913,US
ACC002914,Growth,Company 2914,US
ACC002915,Core,Company 2915,US
ACC002916,Core,Company 2916,US
ACC002917,Individuals,Company 2917,CA
ACC002918,Core,Company 2918,IN
ACC002919,Enterprise,Company 2919,US
ACC002920,Individuals,Company 2920,US
ACC002921,Core,Company 2921,US
ACC002922,Core,Company 2922,US
ACC002923,Enterprise,Company 2923,US
ACC002924,Core,Company 2924,US
ACC002925,Growth,Company 2925,US
ACC002926,Enterprise,Company 2926,US
ACC002927,Growth,Company 2927,AU
ACC002928,Growth,Company 2928,US
ACC002929,Enterprise,Company 2929,US
ACC002930,Growth,Company 2930,US
ACC002931,Core,Company 2931,US
ACC002932,Growth,Company 2932,UK
ACC002933,Individuals,Company 2933,CA
ACC002934,Enterprise,Company 2934,AU
ACC002935,Growth,Company 2935,UK
ACC002936,Core,Company 2936,US
ACC002937,Core,Company 2937,US
ACC002938,Core,Company 2938,US
ACC002939,Core,Company 2939,US
ACC002940,Individuals,Company 2940,AU
ACC002941,Core,Company 2941,US
ACC002942,Enterprise,Company 2942,US
ACC002943,Core,Company 2943,US
ACC002944,Core,Company 2944,US
ACC002945,Growth,Company 2945,AU
ACC002946,Core,Company 2946,US
ACC002947,Enterprise,Company 2947,US
ACC002948,Individuals,Company 2948,US
ACC002949,Individuals,Company 2949,CA
ACC002950,Core,Company 2950,US
ACC002951,Enterprise,Company 2951,UK
ACC002952,Core,Company 2952,US
ACC002953,Individuals,Company 2953,US
ACC002954,Growth,Company 2954,AU
ACC002955,Core,Company 2955,US
ACC002956,Core,Company 2956,US
ACC002957,Core,Company 2957,UK
ACC002958,Core,Company 2958,US
ACC002959,Individuals,Company 2959,US
ACC002960,Enterprise,Company 2960,CA
ACC002961,Individuals,Company 2961,US
ACC002962,Core,Company 2962,US
ACC002963,Growth,Company 2963,US
ACC002964,Core,Company 2964,CA
ACC002965,Growth,Company 2965,US
ACC002966,Core,Company 2966,US
ACC002967,Core,Company 2967,UK
ACC002968,Growth,Company 2968,UK
ACC002969,Core,Company 2969,IN
ACC002970,Growth,Company 2970,US
ACC002971,Enterprise,Company 2971,US
ACC002972,Core,Company 2972,US
ACC002973,Individuals,Company 2973,UK
ACC002974,Growth,Company 2974,US
ACC002975,Enterprise,Company 2975,UK
ACC002976,Enterprise,Company 2976,US
ACC002977,Enterprise,Company 2977,AU
ACC002978,Enterprise,Company 2978,AU
ACC002979,Individuals,Company 2979,US
ACC002980,Growth,Company 2980,IN
ACC002981,Core,Company 2981,IN
ACC002982,Core,Company 2982,US
ACC002983,Growth,Company 2983,US
ACC002984,Core,Company 2984,UK
ACC002985,Core,Company 2985,US
ACC002986,Core,Company 2986,US
ACC002987,Growth,Company 2987,US
ACC002988,Core,Company 2988,IN
ACC002989,Growth,Company 2989,US
ACC002990,Enterprise,Company 2990,CA
ACC002991,Enterprise,Company 2991,US
ACC002992,Core,Company 2992,US
ACC002993,Growth,Company 2993,AU
ACC002994,Growth,Company 2994,US
ACC002995,Growth,Company 2995,US
ACC002996,Enterprise,Company 2996,US
ACC002997,Core,Company 2997,UK
ACC002998,Individuals,Company 2998,US
ACC002999,Core,Company 2999,US
ACC003000,Enterprise,Company 3000,US
ACC003001,Growth,Company 3001,US
ACC003002,Core,Company 3002,US
ACC003003,Enterprise,Company 3003,US
ACC003004,Core,Company 3004,US
ACC003005,Enterprise,Company 3005,US
ACC003006,Growth,Company 3006,UK
ACC003007,Core,Company 3007,CA
ACC003008,Core,Company 3008,US
ACC003009,Enterprise,Company 3009,US
ACC003010,Core,Company 3010,US
ACC003011,Individuals,Company 3011,IN
ACC003012,Enterprise,Company 3012,US
ACC003013,Enterprise,Company 3013,US
ACC003014,Core,Company 3014,US
ACC003015,Enterprise,Company 3015,US
ACC003016,Individuals,Company 3016,US
ACC003017,Core,Company 3017,US
ACC003018,Core,Company 3018,UK
ACC003019,Core,Company 3019,UK
ACC003020,Growth,Company 3020,UK
ACC003021,Enterprise,Company 3021,CA
ACC003022,Growth,Company 3022,US
ACC003023,Growth,Company 3023,AU
ACC003024,Core,Company 3024,CA
ACC003025,Core,Company 3025,CA
ACC003026,Core,Company 3026,CA
ACC003027,Individuals,Company 3027,US
ACC003028,Growth,Company 3028,US
ACC003029,Growth,Company 3029,US
ACC003030,Enterprise,Company 3030,US
ACC003031,Core,Company 3031,US
ACC003032,Core,Company 3032,US
ACC003033,Core,Company 3033,US
ACC003034,Individuals,Company 3034,IN
ACC003035,Enterprise,Company 3035,UK
ACC003036,Growth,Company 3036,UK
ACC003037,Core,Company 3037,US
ACC003038,Core,Company 3038,UK
ACC003039,Growth,Company 3039,AU
ACC003040,Growth,Company 3040,UK
ACC003041,Individuals,Company 3041,UK
ACC003042,Enterprise,Company 3042,US
ACC003043,Growth,Company 3043,US
ACC003044,Enterprise,Company 3044,UK
ACC003045,Individuals,Company 3045,IN
ACC003046,Growth,Company 3046,US
ACC003047,Growth,Company 3047,US
ACC003048,Individuals,Company 3048,US
ACC003049,Core,Company 3049,US
ACC003050,Individuals,Company 3050,IN
ACC003051,Core,Company 3051,CA
ACC003052,Growth,Company 3052,US
ACC003053,Enterprise,Company 3053,US
ACC003054,Growth,Company 3054,US
ACC003055,Growth,Company 3055,US
ACC003056,Growth,Company 3056,US
ACC003057,Core,Company 3057,CA
ACC003058,Core,Company 3058,UK
ACC003059,Core,Company 3059,US
ACC003060,Growth,Company 3060,CA
ACC003061,Growth,Company 3061,CA
ACC003062,Core,Company 3062,US
ACC003063,Individuals,Company 3063,UK
ACC003064,Growth,Company 3064,UK
ACC003065,Growth,Company 3065,AU
ACC003066,Growth,Company 3066,US
ACC003067,Core,Company 3067,US
ACC003068,Enterprise,Company 3068,US
ACC003069,Growth,Company 3069,US
ACC003070,Core,Company 3070,US
ACC003071,Individuals,Company 3071,CA
ACC003072,Enterprise,Company 3072,US
ACC003073,Enterprise,Company 3073,US
ACC003074,Individuals,Company 3074,IN
ACC003075,Individuals,Company 3075,US
ACC003076,Core,Company 3076,US
ACC003077,Growth,Company 3077,UK
ACC003078,Growth,Company 3078,US
ACC003079,Core,Company 3079,US
ACC003080,Core,Company 3080,UK
ACC003081,Core,Company 3081,US
ACC003082,Enterprise,Company 3082,US
ACC003083,Enterprise,Company 3083,US
ACC003084,Enterprise,Company 3084,AU
ACC003085,Core,Company 3085,US
ACC003086,Core,Company 3086,CA
ACC003087,Growth,Company 3087,US
ACC003088,Growth,Company 3088,UK
ACC003089,Individuals,Company 3089,US
ACC003090,Individuals,Company 3090,US
ACC003091,Individuals,Company 3091,US
ACC003092,Individuals,Company 3092,UK
ACC003093,Individuals,Company 3093,US
ACC003094,Growth,Company 3094,US
ACC003095,Core,Company 3095,US
ACC003096,Core,Company 3096,US
ACC003097,Growth,Company 3097,UK
ACC003098,Core,Company 3098,US
ACC003099,Core,Company 3099,US
ACC003100,Individuals,Company 3100,US
ACC003101,Core,Company 3101,US
ACC003102,Individuals,Company 3102,US
ACC003103,Enterprise,Company 3103,US
ACC003104,Growth,Company 3104,US
ACC003105,Enterprise,Company 3105,AU
ACC003106,Core,Company 3106,US
ACC003107,Growth,Company 3107,CA
ACC003108,Core,Company 3108,US
ACC003109,Individuals,Company 3109,US
ACC003110,Core,Company 3110,US
ACC003111,Core,Company 3111,US
ACC003112,Enterprise,Company 3112,UK
ACC003113,Enterprise,Company 3113,AU
ACC003114,Growth,Company 3114,UK
ACC003115,Growth,Company 3115,UK
ACC003116,Core,Company 3116,US
ACC003117,Enterprise,Company 3117,US
ACC003118,Core,Company 3118,CA
ACC003119,Core,Company 3119,US
ACC003120,Core,Company 3120,US
ACC003121,Core,Company 3121,IN
ACC003122,Core,Company 3122,IN
ACC003123,Growth,Company 3123,UK
ACC003124,Core,Company 3124,US
